ComponentId,Layer,Type,Latitude,Longitude,Value1,Value2
0,Isobaths,Isobath_shell,1.154070481,103.9043023,2.5,2.5
0,Isobaths,Isobath_shell,1.1540743,103.9042663,2.5,2.5
0,Isobaths,Isobath_shell,1.154103984,103.9041585,2.5,2.5
0,Isobaths,Isobath_shell,1.154115723,103.9041046,2.5,2.5
0,Isobaths,Isobath_shell,1.154130957,103.9040687,2.5,2.5
0,Isobaths,Isobath_shell,1.154140972,103.9040507,2.5,2.5
0,Isobaths,Isobath_shell,1.154197842,103.9039968,2.5,2.5
0,Isobaths,Isobath_shell,1.154244557,103.9039429,2.5,2.5
0,Isobaths,Isobath_shell,1.154286065,103.9038727,2.5,2.5
0,Isobaths,Isobath_shell,1.154304152,103.9038592,2.5,2.5
0,Isobaths,Isobath_shell,1.154542576,103.9037991,2.5,2.5
0,Isobaths,Isobath_shell,1.154579432,103.9037812,2.5,2.5
0,Isobaths,Isobath_shell,1.154618388,103.9037452,2.5,2.5
0,Isobaths,Isobath_shell,1.154691769,103.9036194,2.5,2.5
0,Isobaths,Isobath_shell,1.154703365,103.9035835,2.5,2.5
0,Isobaths,Isobath_shell,1.154716253,103.9034936,2.5,2.5
0,Isobaths,Isobath_shell,1.154730253,103.9034577,2.5,2.5
0,Isobaths,Isobath_shell,1.154751303,103.9034218,2.5,2.5
0,Isobaths,Isobath_shell,1.154755829,103.9034038,2.5,2.5
0,Isobaths,Isobath_shell,1.154754757,103.9033858,2.5,2.5
0,Isobaths,Isobath_shell,1.154746436,103.9033499,2.5,2.5
0,Isobaths,Isobath_shell,1.154724651,103.903296,2.5,2.5
0,Isobaths,Isobath_shell,1.154708231,103.903278,2.5,2.5
0,Isobaths,Isobath_shell,1.154683986,103.9032598,2.5,2.5
0,Isobaths,Isobath_shell,1.154629724,103.9032341,2.5,2.5
0,Isobaths,Isobath_shell,1.154466938,103.9031868,2.5,2.5
0,Isobaths,Isobath_shell,1.154430764,103.9031568,2.5,2.5
0,Isobaths,Isobath_shell,1.154407995,103.9031163,2.5,2.5
0,Isobaths,Isobath_shell,1.154402953,103.9030983,2.5,2.5
0,Isobaths,Isobath_shell,1.154401311,103.9030803,2.5,2.5
0,Isobaths,Isobath_shell,1.154407078,103.9030444,2.5,2.5
0,Isobaths,Isobath_shell,1.154422237,103.9030084,2.5,2.5
0,Isobaths,Isobath_shell,1.154448851,103.9029712,2.5,2.5
0,Isobaths,Isobath_shell,1.154466938,103.9029571,2.5,2.5
0,Isobaths,Isobath_shell,1.154742546,103.9028827,2.5,2.5
0,Isobaths,Isobath_shell,1.154810597,103.9028579,2.5,2.5
0,Isobaths,Isobath_shell,1.154859595,103.9028287,2.5,2.5
0,Isobaths,Isobath_shell,1.154925959,103.9027569,2.5,2.5
0,Isobaths,Isobath_shell,1.154982666,103.902667,2.5,2.5
0,Isobaths,Isobath_shell,1.155001871,103.9026311,2.5,2.5
0,Isobaths,Isobath_shell,1.155035161,103.9025412,2.5,2.5
0,Isobaths,Isobath_shell,1.155042291,103.9025053,2.5,2.5
0,Isobaths,Isobath_shell,1.155050352,103.9024334,2.5,2.5
0,Isobaths,Isobath_shell,1.155057868,103.9023975,2.5,2.5
0,Isobaths,Isobath_shell,1.155160791,103.902074,2.5,2.5
0,Isobaths,Isobath_shell,1.155182292,103.9019842,2.5,2.5
0,Isobaths,Isobath_shell,1.155195806,103.9019123,2.5,2.5
0,Isobaths,Isobath_shell,1.155198946,103.9018763,2.5,2.5
0,Isobaths,Isobath_shell,1.15520165,103.9016966,2.5,2.5
0,Isobaths,Isobath_shell,1.155193551,103.901481,2.5,2.5
0,Isobaths,Isobath_shell,1.155198152,103.9014451,2.5,2.5
0,Isobaths,Isobath_shell,1.155219681,103.9013732,2.5,2.5
0,Isobaths,Isobath_shell,1.155225674,103.9013372,2.5,2.5
0,Isobaths,Isobath_shell,1.155223816,103.9013013,2.5,2.5
0,Isobaths,Isobath_shell,1.155215284,103.9012654,2.5,2.5
0,Isobaths,Isobath_shell,1.15509853,103.9009599,2.5,2.5
0,Isobaths,Isobath_shell,1.155071733,103.90087,2.5,2.5
0,Isobaths,Isobath_shell,1.155043336,103.9007981,2.5,2.5
0,Isobaths,Isobath_shell,1.155034401,103.9007622,2.5,2.5
0,Isobaths,Isobath_shell,1.155034644,103.9007263,2.5,2.5
0,Isobaths,Isobath_shell,1.155043178,103.9006903,2.5,2.5
0,Isobaths,Isobath_shell,1.155089955,103.9005645,2.5,2.5
0,Isobaths,Isobath_shell,1.155180018,103.9003669,2.5,2.5
0,Isobaths,Isobath_shell,1.155239025,103.9002051,2.5,2.5
0,Isobaths,Isobath_shell,1.155278126,103.9001333,2.5,2.5
0,Isobaths,Isobath_shell,1.155413676,103.8999176,2.5,2.5
0,Isobaths,Isobath_shell,1.155433117,103.8998817,2.5,2.5
0,Isobaths,Isobath_shell,1.155489581,103.8997559,2.5,2.5
0,Isobaths,Isobath_shell,1.155580841,103.8996121,2.5,2.5
0,Isobaths,Isobath_shell,1.155813831,103.8993246,2.5,2.5
0,Isobaths,Isobath_shell,1.155849546,103.8992707,2.5,2.5
0,Isobaths,Isobath_shell,1.155858664,103.8992527,2.5,2.5
0,Isobaths,Isobath_shell,1.155869557,103.8992168,2.5,2.5
0,Isobaths,Isobath_shell,1.155875596,103.8991269,2.5,2.5
0,Isobaths,Isobath_shell,1.155883645,103.899091,2.5,2.5
0,Isobaths,Isobath_shell,1.155901401,103.8990551,2.5,2.5
0,Isobaths,Isobath_shell,1.155936424,103.8990011,2.5,2.5
0,Isobaths,Isobath_shell,1.155956155,103.8989472,2.5,2.5
0,Isobaths,Isobath_shell,1.155962709,103.8989113,2.5,2.5
0,Isobaths,Isobath_shell,1.155964079,103.8988574,2.5,2.5
0,Isobaths,Isobath_shell,1.155976691,103.8988035,2.5,2.5
0,Isobaths,Isobath_shell,1.156036067,103.8986777,2.5,2.5
0,Isobaths,Isobath_shell,1.156058031,103.8986417,2.5,2.5
0,Isobaths,Isobath_shell,1.156090747,103.8986058,2.5,2.5
0,Isobaths,Isobath_shell,1.156248472,103.89848,2.5,2.5
0,Isobaths,Isobath_shell,1.156305653,103.8984261,2.5,2.5
0,Isobaths,Isobath_shell,1.156346456,103.8983722,2.5,2.5
0,Isobaths,Isobath_shell,1.156447443,103.8982105,2.5,2.5
0,Isobaths,Isobath_shell,1.156478851,103.8981745,2.5,2.5
0,Isobaths,Isobath_shell,1.156544432,103.8981206,2.5,2.5
0,Isobaths,Isobath_shell,1.156709765,103.8980076,2.5,2.5
0,Isobaths,Isobath_shell,1.15674594,103.8979682,2.5,2.5
0,Isobaths,Isobath_shell,1.156767803,103.897923,2.5,2.5
0,Isobaths,Isobath_shell,1.156782115,103.897905,2.5,2.5
0,Isobaths,Isobath_shell,1.156782115,103.897887,2.5,2.5
0,Isobaths,Isobath_shell,1.156800202,103.897905,2.5,2.5
0,Isobaths,Isobath_shell,1.156818289,103.897905,2.5,2.5
0,Isobaths,Isobath_shell,1.156836377,103.897923,2.5,2.5
0,Isobaths,Isobath_shell,1.156872551,103.8979589,2.5,2.5
0,Isobaths,Isobath_shell,1.156890638,103.8979589,2.5,2.5
0,Isobaths,Isobath_shell,1.156908726,103.8979769,2.5,2.5
0,Isobaths,Isobath_shell,1.156926813,103.8979948,2.5,2.5
0,Isobaths,Isobath_shell,1.1569449,103.8979948,2.5,2.5
0,Isobaths,Isobath_shell,1.156962988,103.8980128,2.5,2.5
0,Isobaths,Isobath_shell,1.156981075,103.8980308,2.5,2.5
0,Isobaths,Isobath_shell,1.156999162,103.8980308,2.5,2.5
0,Isobaths,Isobath_shell,1.15701725,103.8980487,2.5,2.5
0,Isobaths,Isobath_shell,1.157035337,103.8980667,2.5,2.5
0,Isobaths,Isobath_shell,1.157107686,103.8980667,2.5,2.5
0,Isobaths,Isobath_shell,1.157107686,103.8980487,2.5,2.5
0,Isobaths,Isobath_shell,1.157143861,103.8980487,2.5,2.5
0,Isobaths,Isobath_shell,1.157143861,103.8980308,2.5,2.5
0,Isobaths,Isobath_shell,1.157180036,103.8980308,2.5,2.5
0,Isobaths,Isobath_shell,1.157180036,103.8980128,2.5,2.5
0,Isobaths,Isobath_shell,1.15721621,103.8980128,2.5,2.5
0,Isobaths,Isobath_shell,1.15721621,103.8979948,2.5,2.5
0,Isobaths,Isobath_shell,1.157252385,103.8979948,2.5,2.5
0,Isobaths,Isobath_shell,1.157252385,103.8979769,2.5,2.5
0,Isobaths,Isobath_shell,1.157288559,103.8979769,2.5,2.5
0,Isobaths,Isobath_shell,1.157288559,103.8979589,2.5,2.5
0,Isobaths,Isobath_shell,1.157342821,103.8979589,2.5,2.5
0,Isobaths,Isobath_shell,1.157342821,103.8979409,2.5,2.5
0,Isobaths,Isobath_shell,1.157378996,103.8979409,2.5,2.5
0,Isobaths,Isobath_shell,1.157378996,103.897923,2.5,2.5
0,Isobaths,Isobath_shell,1.157415171,103.897923,2.5,2.5
0,Isobaths,Isobath_shell,1.157415171,103.897905,2.5,2.5
0,Isobaths,Isobath_shell,1.157451345,103.897905,2.5,2.5
0,Isobaths,Isobath_shell,1.157451345,103.897887,2.5,2.5
0,Isobaths,Isobath_shell,1.15748752,103.897887,2.5,2.5
0,Isobaths,Isobath_shell,1.15748752,103.897869,2.5,2.5
0,Isobaths,Isobath_shell,1.157523695,103.897869,2.5,2.5
0,Isobaths,Isobath_shell,1.157523695,103.8978511,2.5,2.5
0,Isobaths,Isobath_shell,1.157559869,103.8978511,2.5,2.5
0,Isobaths,Isobath_shell,1.157559869,103.8978331,2.5,2.5
0,Isobaths,Isobath_shell,1.157596044,103.8978331,2.5,2.5
0,Isobaths,Isobath_shell,1.157596044,103.8978151,2.5,2.5
0,Isobaths,Isobath_shell,1.157614131,103.8978151,2.5,2.5
0,Isobaths,Isobath_shell,1.157614131,103.8977972,2.5,2.5
0,Isobaths,Isobath_shell,1.157650306,103.8977972,2.5,2.5
0,Isobaths,Isobath_shell,1.157650306,103.8977792,2.5,2.5
0,Isobaths,Isobath_shell,1.15768648,103.8977792,2.5,2.5
0,Isobaths,Isobath_shell,1.15768648,103.8977612,2.5,2.5
0,Isobaths,Isobath_shell,1.157722655,103.8977612,2.5,2.5
0,Isobaths,Isobath_shell,1.157722655,103.8977433,2.5,2.5
0,Isobaths,Isobath_shell,1.157740742,103.8977612,2.5,2.5
0,Isobaths,Isobath_shell,1.157740742,103.8978068,2.5,2.5
0,Isobaths,Isobath_shell,1.157734634,103.8977957,2.5,2.5
0,Isobaths,Isobath_shell,1.157314161,103.898026,2.5,2.5
0,Isobaths,Isobath_shell,1.157306228,103.8980102,2.5,2.5
0,Isobaths,Isobath_shell,1.157234111,103.8980484,2.5,2.5
0,Isobaths,Isobath_shell,1.157234832,103.8980484,2.5,2.5
0,Isobaths,Isobath_shell,1.157243486,103.8980653,2.5,2.5
0,Isobaths,Isobath_shell,1.157131023,103.8981285,2.5,2.5
0,Isobaths,Isobath_shell,1.157117818,103.8980999,2.5,2.5
0,Isobaths,Isobath_shell,1.157044089,103.8981373,2.5,2.5
0,Isobaths,Isobath_shell,1.157060595,103.8981637,2.5,2.5
0,Isobaths,Isobath_shell,1.156846013,103.8982694,2.5,2.5
0,Isobaths,Isobath_shell,1.15696816,103.8984598,2.5,2.5
0,Isobaths,Isobath_shell,1.156744773,103.8986381,2.5,2.5
0,Isobaths,Isobath_shell,1.156698556,103.8985655,2.5,2.5
0,Isobaths,Isobath_shell,1.156656158,103.8985952,2.5,2.5
0,Isobaths,Isobath_shell,1.156684329,103.8986375,2.5,2.5
0,Isobaths,Isobath_shell,1.156724332,103.8986189,2.5,2.5
0,Isobaths,Isobath_shell,1.156736164,103.8986414,2.5,2.5
0,Isobaths,Isobath_shell,1.156523755,103.8988246,2.5,2.5
0,Isobaths,Isobath_shell,1.156523192,103.8988251,2.5,2.5
0,Isobaths,Isobath_shell,1.156515867,103.8988437,2.5,2.5
0,Isobaths,Isobath_shell,1.156500092,103.8988296,2.5,2.5
0,Isobaths,Isobath_shell,1.156509106,103.8987975,2.5,2.5
0,Isobaths,Isobath_shell,1.156445898,103.8987673,2.5,2.5
0,Isobaths,Isobath_shell,1.15629514,103.8989984,2.5,2.5
0,Isobaths,Isobath_shell,1.15634906,103.8990292,2.5,2.5
0,Isobaths,Isobath_shell,1.156378772,103.8989797,2.5,2.5
0,Isobaths,Isobath_shell,1.156471208,103.8989357,2.5,2.5
0,Isobaths,Isobath_shell,1.156303943,103.8993231,2.5,2.5
0,Isobaths,Isobath_shell,1.156180695,103.8991965,2.5,2.5
0,Isobaths,Isobath_shell,1.156146582,103.8992207,2.5,2.5
0,Isobaths,Isobath_shell,1.156155386,103.8992328,2.5,2.5
0,Isobaths,Isobath_shell,1.156128975,103.8992626,2.5,2.5
0,Isobaths,Isobath_shell,1.156144381,103.8992813,2.5,2.5
0,Isobaths,Isobath_shell,1.156176294,103.8992416,2.5,2.5
0,Isobaths,Isobath_shell,1.156288537,103.8993594,2.5,2.5
0,Isobaths,Isobath_shell,1.156077255,103.8998712,2.5,2.5
0,Isobaths,Isobath_shell,1.155787843,103.8998349,2.5,2.5
0,Isobaths,Isobath_shell,1.155735023,103.8997557,2.5,2.5
0,Isobaths,Isobath_shell,1.155605173,103.8998514,2.5,2.5
0,Isobaths,Isobath_shell,1.155638186,103.8998965,2.5,2.5
0,Isobaths,Isobath_shell,1.1556767,103.8998679,2.5,2.5
0,Isobaths,Isobath_shell,1.155862672,103.8998954,2.5,2.5
0,Isobaths,Isobath_shell,1.155864873,103.8999241,2.5,2.5
0,Isobaths,Isobath_shell,1.155839563,103.8999274,2.5,2.5
0,Isobaths,Isobath_shell,1.155836262,103.8999846,2.5,2.5
0,Isobaths,Isobath_shell,1.155912191,103.8999835,2.5,2.5
0,Isobaths,Isobath_shell,1.155915493,103.8999318,2.5,2.5
0,Isobaths,Isobath_shell,1.155876978,103.8999274,2.5,2.5
0,Isobaths,Isobath_shell,1.15588138,103.8998943,2.5,2.5
0,Isobaths,Isobath_shell,1.156059649,103.8999141,2.5,2.5
0,Isobaths,Isobath_shell,1.155912191,103.900262,2.5,2.5
0,Isobaths,Isobath_shell,1.15588248,103.9006769,2.5,2.5
0,Isobaths,Isobath_shell,1.155843965,103.9007286,2.5,2.5
0,Isobaths,Isobath_shell,1.155267445,103.9006146,2.5,2.5
0,Isobaths,Isobath_shell,1.1553491,103.9004385,2.5,2.5
0,Isobaths,Isobath_shell,1.155343818,103.9004227,2.5,2.5
0,Isobaths,Isobath_shell,1.155389596,103.9003082,2.5,2.5
0,Isobaths,Isobath_shell,1.155341177,103.9002818,2.5,2.5
0,Isobaths,Isobath_shell,1.155290998,103.900428,2.5,2.5
0,Isobaths,Isobath_shell,1.155275152,103.9004218,2.5,2.5
0,Isobaths,Isobath_shell,1.1551431,103.9007282,2.5,2.5
0,Isobaths,Isobath_shell,1.155203844,103.9007564,2.5,2.5
0,Isobaths,Isobath_shell,1.155254904,103.9006578,2.5,2.5
0,Isobaths,Isobath_shell,1.155823164,103.9007725,2.5,2.5
0,Isobaths,Isobath_shell,1.1553995,103.9014494,2.5,2.5
0,Isobaths,Isobath_shell,1.155469652,103.9019281,2.5,2.5
0,Isobaths,Isobath_shell,1.15536236,103.9023546,2.5,2.5
0,Isobaths,Isobath_shell,1.155293584,103.9034498,2.5,2.5
0,Isobaths,Isobath_shell,1.155325221,103.90378,2.5,2.5
0,Isobaths,Isobath_shell,1.155079001,103.90378,2.5,2.5
0,Isobaths,Isobath_shell,1.155079001,103.9038763,2.5,2.5
0,Isobaths,Isobath_shell,1.155255069,103.9038777,2.5,2.5
0,Isobaths,Isobath_shell,1.15525782,103.9039066,2.5,2.5
0,Isobaths,Isobath_shell,1.15516841,103.9039024,2.5,2.5
0,Isobaths,Isobath_shell,1.155167035,103.9040139,2.5,2.5
0,Isobaths,Isobath_shell,1.155249567,103.9040125,2.5,2.5
0,Isobaths,Isobath_shell,1.155250942,103.9040331,2.5,2.5
0,Isobaths,Isobath_shell,1.155084503,103.9040263,2.5,2.5
0,Isobaths,Isobath_shell,1.155084503,103.9041336,2.5,2.5
0,Isobaths,Isobath_shell,1.155352732,103.9041377,2.5,2.5
0,Isobaths,Isobath_shell,1.155285331,103.9046894,2.5,2.5
0,Isobaths,Isobath_shell,1.155286706,103.9046894,2.5,2.5
0,Isobaths,Isobath_shell,1.156122066,103.90521,2.5,2.5
0,Isobaths,Isobath_shell,1.156705559,103.9049245,2.5,2.5
0,Isobaths,Isobath_shell,1.156705559,103.9049203,2.5,2.5
0,Isobaths,Isobath_shell,1.15712114,103.9044963,2.5,2.5
0,Isobaths,Isobath_shell,1.15727226,103.904534,2.5,2.5
0,Isobaths,Isobath_shell,1.157591292,103.9040722,2.5,2.5
0,Isobaths,Isobath_shell,1.157692039,103.903921,2.5,2.5
0,Isobaths,Isobath_shell,1.157740742,103.9038857,2.5,2.5
0,Isobaths,Isobath_shell,1.157740742,103.9039609,2.5,2.5
0,Isobaths,Isobath_shell,1.157722655,103.9039609,2.5,2.5
0,Isobaths,Isobath_shell,1.157722655,103.9039788,2.5,2.5
0,Isobaths,Isobath_shell,1.157704568,103.9039788,2.5,2.5
0,Isobaths,Isobath_shell,1.157704568,103.9040148,2.5,2.5
0,Isobaths,Isobath_shell,1.15768648,103.9040148,2.5,2.5
0,Isobaths,Isobath_shell,1.15768648,103.9040327,2.5,2.5
0,Isobaths,Isobath_shell,1.157668393,103.9040327,2.5,2.5
0,Isobaths,Isobath_shell,1.157668393,103.9040687,2.5,2.5
0,Isobaths,Isobath_shell,1.157650306,103.9040687,2.5,2.5
0,Isobaths,Isobath_shell,1.157650306,103.9041046,2.5,2.5
0,Isobaths,Isobath_shell,1.157632218,103.9041046,2.5,2.5
0,Isobaths,Isobath_shell,1.157632218,103.9041226,2.5,2.5
0,Isobaths,Isobath_shell,1.157614131,103.9041226,2.5,2.5
0,Isobaths,Isobath_shell,1.157614131,103.9041585,2.5,2.5
0,Isobaths,Isobath_shell,1.157596044,103.9041585,2.5,2.5
0,Isobaths,Isobath_shell,1.157596044,103.9041765,2.5,2.5
0,Isobaths,Isobath_shell,1.157577956,103.9041765,2.5,2.5
0,Isobaths,Isobath_shell,1.157577956,103.9042124,2.5,2.5
0,Isobaths,Isobath_shell,1.157559869,103.9042124,2.5,2.5
0,Isobaths,Isobath_shell,1.157559869,103.9042304,2.5,2.5
0,Isobaths,Isobath_shell,1.157541782,103.9042304,2.5,2.5
0,Isobaths,Isobath_shell,1.157541782,103.9042663,2.5,2.5
0,Isobaths,Isobath_shell,1.157523695,103.9042663,2.5,2.5
0,Isobaths,Isobath_shell,1.157523695,103.9042843,2.5,2.5
0,Isobaths,Isobath_shell,1.157505607,103.9042843,2.5,2.5
0,Isobaths,Isobath_shell,1.157505607,103.9043023,2.5,2.5
0,Isobaths,Isobath_shell,1.15748752,103.9043023,2.5,2.5
0,Isobaths,Isobath_shell,1.15748752,103.9043382,2.5,2.5
0,Isobaths,Isobath_shell,1.157469433,103.9043382,2.5,2.5
0,Isobaths,Isobath_shell,1.157469433,103.9043562,2.5,2.5
0,Isobaths,Isobath_shell,1.157451345,103.9043562,2.5,2.5
0,Isobaths,Isobath_shell,1.157451345,103.9043921,2.5,2.5
0,Isobaths,Isobath_shell,1.157433258,103.9043921,2.5,2.5
0,Isobaths,Isobath_shell,1.157433258,103.9044101,2.5,2.5
0,Isobaths,Isobath_shell,1.157415171,103.9044101,2.5,2.5
0,Isobaths,Isobath_shell,1.157415171,103.9044281,2.5,2.5
0,Isobaths,Isobath_shell,1.157397083,103.9044281,2.5,2.5
0,Isobaths,Isobath_shell,1.157397083,103.904464,2.5,2.5
0,Isobaths,Isobath_shell,1.157378996,103.904464,2.5,2.5
0,Isobaths,Isobath_shell,1.157378996,103.904482,2.5,2.5
0,Isobaths,Isobath_shell,1.157360909,103.904482,2.5,2.5
0,Isobaths,Isobath_shell,1.157360909,103.9045179,2.5,2.5
0,Isobaths,Isobath_shell,1.157342821,103.9045179,2.5,2.5
0,Isobaths,Isobath_shell,1.157342821,103.9045359,2.5,2.5
0,Isobaths,Isobath_shell,1.157324734,103.9045359,2.5,2.5
0,Isobaths,Isobath_shell,1.157324734,103.9045718,2.5,2.5
0,Isobaths,Isobath_shell,1.157306647,103.9045718,2.5,2.5
0,Isobaths,Isobath_shell,1.157306647,103.9045898,2.5,2.5
0,Isobaths,Isobath_shell,1.157288559,103.9045898,2.5,2.5
0,Isobaths,Isobath_shell,1.157288559,103.9046078,2.5,2.5
0,Isobaths,Isobath_shell,1.157252385,103.9046078,2.5,2.5
0,Isobaths,Isobath_shell,1.157252385,103.9046257,2.5,2.5
0,Isobaths,Isobath_shell,1.157234297,103.9046257,2.5,2.5
0,Isobaths,Isobath_shell,1.157234297,103.9046437,2.5,2.5
0,Isobaths,Isobath_shell,1.157198123,103.9046437,2.5,2.5
0,Isobaths,Isobath_shell,1.157198123,103.9046617,2.5,2.5
0,Isobaths,Isobath_shell,1.157180036,103.9046617,2.5,2.5
0,Isobaths,Isobath_shell,1.157180036,103.9046797,2.5,2.5
0,Isobaths,Isobath_shell,1.157143861,103.9046797,2.5,2.5
0,Isobaths,Isobath_shell,1.157143861,103.9046976,2.5,2.5
0,Isobaths,Isobath_shell,1.157125774,103.9046976,2.5,2.5
0,Isobaths,Isobath_shell,1.157125774,103.9047156,2.5,2.5
0,Isobaths,Isobath_shell,1.157107686,103.9047156,2.5,2.5
0,Isobaths,Isobath_shell,1.157107686,103.9047336,2.5,2.5
0,Isobaths,Isobath_shell,1.157071512,103.9047336,2.5,2.5
0,Isobaths,Isobath_shell,1.157071512,103.9047515,2.5,2.5
0,Isobaths,Isobath_shell,1.157053424,103.9047515,2.5,2.5
0,Isobaths,Isobath_shell,1.157053424,103.9047695,2.5,2.5
0,Isobaths,Isobath_shell,1.15701725,103.9047695,2.5,2.5
0,Isobaths,Isobath_shell,1.15701725,103.9047875,2.5,2.5
0,Isobaths,Isobath_shell,1.156999162,103.9047875,2.5,2.5
0,Isobaths,Isobath_shell,1.156999162,103.9048054,2.5,2.5
0,Isobaths,Isobath_shell,1.156981075,103.9048054,2.5,2.5
0,Isobaths,Isobath_shell,1.156981075,103.9048234,2.5,2.5
0,Isobaths,Isobath_shell,1.1569449,103.9048234,2.5,2.5
0,Isobaths,Isobath_shell,1.1569449,103.9048414,2.5,2.5
0,Isobaths,Isobath_shell,1.156926813,103.9048414,2.5,2.5
0,Isobaths,Isobath_shell,1.156926813,103.9048594,2.5,2.5
0,Isobaths,Isobath_shell,1.156890638,103.9048594,2.5,2.5
0,Isobaths,Isobath_shell,1.156890638,103.9048773,2.5,2.5
0,Isobaths,Isobath_shell,1.156872551,103.9048773,2.5,2.5
0,Isobaths,Isobath_shell,1.156872551,103.9048953,2.5,2.5
0,Isobaths,Isobath_shell,1.156854464,103.9048953,2.5,2.5
0,Isobaths,Isobath_shell,1.156854464,103.9049133,2.5,2.5
0,Isobaths,Isobath_shell,1.156818289,103.9049133,2.5,2.5
0,Isobaths,Isobath_shell,1.156818289,103.9049312,2.5,2.5
0,Isobaths,Isobath_shell,1.156800202,103.9049312,2.5,2.5
0,Isobaths,Isobath_shell,1.156800202,103.9049492,2.5,2.5
0,Isobaths,Isobath_shell,1.156764027,103.9049492,2.5,2.5
0,Isobaths,Isobath_shell,1.156764027,103.9049672,2.5,2.5
0,Isobaths,Isobath_shell,1.15674594,103.9049672,2.5,2.5
0,Isobaths,Isobath_shell,1.15674594,103.9049851,2.5,2.5
0,Isobaths,Isobath_shell,1.156727853,103.9049851,2.5,2.5
0,Isobaths,Isobath_shell,1.156727853,103.9050031,2.5,2.5
0,Isobaths,Isobath_shell,1.156691678,103.9050031,2.5,2.5
0,Isobaths,Isobath_shell,1.156691678,103.9050211,2.5,2.5
0,Isobaths,Isobath_shell,1.156655503,103.9050211,2.5,2.5
0,Isobaths,Isobath_shell,1.156655503,103.9050391,2.5,2.5
0,Isobaths,Isobath_shell,1.156619329,103.9050391,2.5,2.5
0,Isobaths,Isobath_shell,1.156619329,103.905057,2.5,2.5
0,Isobaths,Isobath_shell,1.156583154,103.905057,2.5,2.5
0,Isobaths,Isobath_shell,1.156583154,103.905075,2.5,2.5
0,Isobaths,Isobath_shell,1.156546979,103.905075,2.5,2.5
0,Isobaths,Isobath_shell,1.156546979,103.905093,2.5,2.5
0,Isobaths,Isobath_shell,1.156510805,103.905093,2.5,2.5
0,Isobaths,Isobath_shell,1.156510805,103.9051109,2.5,2.5
0,Isobaths,Isobath_shell,1.15647463,103.9051109,2.5,2.5
0,Isobaths,Isobath_shell,1.15647463,103.9051289,2.5,2.5
0,Isobaths,Isobath_shell,1.156438456,103.9051289,2.5,2.5
0,Isobaths,Isobath_shell,1.156438456,103.9051469,2.5,2.5
0,Isobaths,Isobath_shell,1.156402281,103.9051469,2.5,2.5
0,Isobaths,Isobath_shell,1.156402281,103.9051648,2.5,2.5
0,Isobaths,Isobath_shell,1.156366106,103.9051648,2.5,2.5
0,Isobaths,Isobath_shell,1.156366106,103.9051828,2.5,2.5
0,Isobaths,Isobath_shell,1.156329932,103.9051828,2.5,2.5
0,Isobaths,Isobath_shell,1.156329932,103.9052008,2.5,2.5
0,Isobaths,Isobath_shell,1.156293757,103.9052008,2.5,2.5
0,Isobaths,Isobath_shell,1.156293757,103.9052188,2.5,2.5
0,Isobaths,Isobath_shell,1.156257582,103.9052188,2.5,2.5
0,Isobaths,Isobath_shell,1.156257582,103.9052367,2.5,2.5
0,Isobaths,Isobath_shell,1.156239495,103.9052367,2.5,2.5
0,Isobaths,Isobath_shell,1.156239495,103.9052547,2.5,2.5
0,Isobaths,Isobath_shell,1.156221408,103.9052547,2.5,2.5
0,Isobaths,Isobath_shell,1.156221408,103.9052727,2.5,2.5
0,Isobaths,Isobath_shell,1.15620332,103.9052727,2.5,2.5
0,Isobaths,Isobath_shell,1.15620332,103.9052906,2.5,2.5
0,Isobaths,Isobath_shell,1.156185233,103.9052906,2.5,2.5
0,Isobaths,Isobath_shell,1.156185233,103.9053086,2.5,2.5
0,Isobaths,Isobath_shell,1.156167146,103.9053086,2.5,2.5
0,Isobaths,Isobath_shell,1.156167146,103.9053266,2.5,2.5
0,Isobaths,Isobath_shell,1.156149059,103.9053266,2.5,2.5
0,Isobaths,Isobath_shell,1.156149059,103.9053445,2.5,2.5
0,Isobaths,Isobath_shell,1.156130971,103.9053445,2.5,2.5
0,Isobaths,Isobath_shell,1.156130971,103.9053625,2.5,2.5
0,Isobaths,Isobath_shell,1.156112884,103.9053625,2.5,2.5
0,Isobaths,Isobath_shell,1.156112884,103.9053805,2.5,2.5
0,Isobaths,Isobath_shell,1.156094797,103.9053805,2.5,2.5
0,Isobaths,Isobath_shell,1.156094797,103.9053985,2.5,2.5
0,Isobaths,Isobath_shell,1.156076709,103.9053985,2.5,2.5
0,Isobaths,Isobath_shell,1.156076709,103.9054164,2.5,2.5
0,Isobaths,Isobath_shell,1.156058622,103.9054164,2.5,2.5
0,Isobaths,Isobath_shell,1.156058622,103.9054344,2.5,2.5
0,Isobaths,Isobath_shell,1.156040535,103.9054344,2.5,2.5
0,Isobaths,Isobath_shell,1.156040535,103.9054524,2.5,2.5
0,Isobaths,Isobath_shell,1.156022447,103.9054524,2.5,2.5
0,Isobaths,Isobath_shell,1.156022447,103.9054703,2.5,2.5
0,Isobaths,Isobath_shell,1.15600436,103.9054703,2.5,2.5
0,Isobaths,Isobath_shell,1.15600436,103.9054883,2.5,2.5
0,Isobaths,Isobath_shell,1.155968185,103.9054883,2.5,2.5
0,Isobaths,Isobath_shell,1.155968185,103.9055063,2.5,2.5
0,Isobaths,Isobath_shell,1.155950098,103.9055063,2.5,2.5
0,Isobaths,Isobath_shell,1.155950098,103.9055242,2.5,2.5
0,Isobaths,Isobath_shell,1.155932011,103.9055242,2.5,2.5
0,Isobaths,Isobath_shell,1.155932011,103.9055422,2.5,2.5
0,Isobaths,Isobath_shell,1.155913923,103.9055422,2.5,2.5
0,Isobaths,Isobath_shell,1.155913923,103.9055602,2.5,2.5
0,Isobaths,Isobath_shell,1.155895836,103.9055602,2.5,2.5
0,Isobaths,Isobath_shell,1.155895836,103.9055782,2.5,2.5
0,Isobaths,Isobath_shell,1.155877749,103.9055782,2.5,2.5
0,Isobaths,Isobath_shell,1.155877749,103.9055961,2.5,2.5
0,Isobaths,Isobath_shell,1.155859662,103.9055961,2.5,2.5
0,Isobaths,Isobath_shell,1.155859662,103.9056141,2.5,2.5
0,Isobaths,Isobath_shell,1.155841574,103.9056141,2.5,2.5
0,Isobaths,Isobath_shell,1.155841574,103.9056321,2.5,2.5
0,Isobaths,Isobath_shell,1.155823487,103.9056321,2.5,2.5
0,Isobaths,Isobath_shell,1.155823487,103.90565,2.5,2.5
0,Isobaths,Isobath_shell,1.1558054,103.90565,2.5,2.5
0,Isobaths,Isobath_shell,1.1558054,103.905668,2.5,2.5
0,Isobaths,Isobath_shell,1.155787312,103.905668,2.5,2.5
0,Isobaths,Isobath_shell,1.155787312,103.905686,2.5,2.5
0,Isobaths,Isobath_shell,1.155769225,103.905686,2.5,2.5
0,Isobaths,Isobath_shell,1.155769225,103.9057039,2.5,2.5
0,Isobaths,Isobath_shell,1.155751138,103.9057039,2.5,2.5
0,Isobaths,Isobath_shell,1.155751138,103.9057219,2.5,2.5
0,Isobaths,Isobath_shell,1.15573305,103.9057219,2.5,2.5
0,Isobaths,Isobath_shell,1.15573305,103.9057399,2.5,2.5
0,Isobaths,Isobath_shell,1.155714963,103.9057399,2.5,2.5
0,Isobaths,Isobath_shell,1.155714963,103.9057578,2.5,2.5
0,Isobaths,Isobath_shell,1.155678788,103.9057578,2.5,2.5
0,Isobaths,Isobath_shell,1.155678788,103.9057758,2.5,2.5
0,Isobaths,Isobath_shell,1.155660701,103.9057758,2.5,2.5
0,Isobaths,Isobath_shell,1.155660701,103.9057938,2.5,2.5
0,Isobaths,Isobath_shell,1.155642614,103.9057938,2.5,2.5
0,Isobaths,Isobath_shell,1.155642614,103.9058118,2.5,2.5
0,Isobaths,Isobath_shell,1.155624526,103.9058118,2.5,2.5
0,Isobaths,Isobath_shell,1.155624526,103.9058297,2.5,2.5
0,Isobaths,Isobath_shell,1.155606439,103.9058297,2.5,2.5
0,Isobaths,Isobath_shell,1.155606439,103.9058477,2.5,2.5
0,Isobaths,Isobath_shell,1.155588352,103.9058477,2.5,2.5
0,Isobaths,Isobath_shell,1.155588352,103.9058657,2.5,2.5
0,Isobaths,Isobath_shell,1.155570264,103.9058657,2.5,2.5
0,Isobaths,Isobath_shell,1.155570264,103.9058836,2.5,2.5
0,Isobaths,Isobath_shell,1.155552177,103.9058836,2.5,2.5
0,Isobaths,Isobath_shell,1.155552177,103.9059016,2.5,2.5
0,Isobaths,Isobath_shell,1.15553409,103.9059016,2.5,2.5
0,Isobaths,Isobath_shell,1.15553409,103.9059196,2.5,2.5
0,Isobaths,Isobath_shell,1.155516003,103.9059196,2.5,2.5
0,Isobaths,Isobath_shell,1.155516003,103.9059375,2.5,2.5
0,Isobaths,Isobath_shell,1.155497915,103.9059375,2.5,2.5
0,Isobaths,Isobath_shell,1.155497915,103.9059555,2.5,2.5
0,Isobaths,Isobath_shell,1.155479828,103.9059555,2.5,2.5
0,Isobaths,Isobath_shell,1.155479828,103.9059735,2.5,2.5
0,Isobaths,Isobath_shell,1.155461741,103.9059735,2.5,2.5
0,Isobaths,Isobath_shell,1.155461741,103.9059915,2.5,2.5
0,Isobaths,Isobath_shell,1.155439408,103.9059915,2.5,2.5
0,Isobaths,Isobath_shell,1.155439408,103.9059375,2.5,2.5
0,Isobaths,Isobath_shell,1.155431418,103.9059196,2.5,2.5
0,Isobaths,Isobath_shell,1.155081907,103.9057065,2.5,2.5
0,Isobaths,Isobath_shell,1.155009558,103.9056532,2.5,2.5
0,Isobaths,Isobath_shell,1.154991753,103.9056321,2.5,2.5
0,Isobaths,Isobath_shell,1.154983454,103.9056141,2.5,2.5
0,Isobaths,Isobath_shell,1.154978133,103.9055961,2.5,2.5
0,Isobaths,Isobath_shell,1.154973682,103.9055602,2.5,2.5
0,Isobaths,Isobath_shell,1.154977592,103.9054883,2.5,2.5
0,Isobaths,Isobath_shell,1.155060512,103.9049312,2.5,2.5
0,Isobaths,Isobath_shell,1.155061415,103.9049133,2.5,2.5
0,Isobaths,Isobath_shell,1.155058531,103.9048953,2.5,2.5
0,Isobaths,Isobath_shell,1.155039005,103.9048594,2.5,2.5
0,Isobaths,Isobath_shell,1.155009558,103.9048308,2.5,2.5
0,Isobaths,Isobath_shell,1.15499147,103.9048209,2.5,2.5
0,Isobaths,Isobath_shell,1.154901034,103.9048057,2.5,2.5
0,Isobaths,Isobath_shell,1.154810597,103.9048006,2.5,2.5
0,Isobaths,Isobath_shell,1.154557375,103.9048042,2.5,2.5
0,Isobaths,Isobath_shell,1.154195628,103.9048321,2.5,2.5
0,Isobaths,Isobath_shell,1.154123279,103.9048219,2.5,2.5
0,Isobaths,Isobath_shell,1.154099479,103.9048054,2.5,2.5
0,Isobaths,Isobath_shell,1.154087105,103.9047892,2.5,2.5
0,Isobaths,Isobath_shell,1.154074353,103.9047515,2.5,2.5
0,Isobaths,Isobath_shell,1.154073407,103.9047336,2.5,2.5
0,Isobaths,Isobath_shell,1.154075513,103.9047156,2.5,2.5
0,Isobaths,Isobath_shell,1.154105192,103.9046032,2.5,2.5
0,Isobaths,Isobath_shell,1.154108955,103.9045718,2.5,2.5
0,Isobaths,Isobath_shell,1.154110053,103.9045359,2.5,2.5
0,Isobaths,Isobath_shell,1.154107498,103.9045,2.5,2.5
0,Isobaths,Isobath_shell,1.154101693,103.904464,2.5,2.5
0,Isobaths,Isobath_shell,1.154072306,103.9043382,2.5,2.5
0,Isobaths,Isobath_shell,1.154070481,103.9043023,2.5,2.5
1,Isobaths,Isobath_shell,1.14522432,103.9128227,2.5,2.5
1,Isobaths,Isobath_shell,1.14522432,103.9128021,2.5,2.5
1,Isobaths,Isobath_shell,1.145242407,103.9128021,2.5,2.5
1,Isobaths,Isobath_shell,1.145242407,103.9127661,2.5,2.5
1,Isobaths,Isobath_shell,1.145260494,103.9127661,2.5,2.5
1,Isobaths,Isobath_shell,1.145260494,103.9127482,2.5,2.5
1,Isobaths,Isobath_shell,1.145278581,103.9127482,2.5,2.5
1,Isobaths,Isobath_shell,1.145278581,103.9127122,2.5,2.5
1,Isobaths,Isobath_shell,1.145296669,103.9127122,2.5,2.5
1,Isobaths,Isobath_shell,1.145296669,103.9126763,2.5,2.5
1,Isobaths,Isobath_shell,1.145314756,103.9126763,2.5,2.5
1,Isobaths,Isobath_shell,1.145314756,103.9126403,2.5,2.5
1,Isobaths,Isobath_shell,1.145332843,103.9126403,2.5,2.5
1,Isobaths,Isobath_shell,1.145332843,103.9126224,2.5,2.5
1,Isobaths,Isobath_shell,1.145350931,103.9126224,2.5,2.5
1,Isobaths,Isobath_shell,1.145350931,103.9125864,2.5,2.5
1,Isobaths,Isobath_shell,1.145369018,103.9125864,2.5,2.5
1,Isobaths,Isobath_shell,1.145369018,103.9125505,2.5,2.5
1,Isobaths,Isobath_shell,1.145387105,103.9125505,2.5,2.5
1,Isobaths,Isobath_shell,1.145387105,103.9125146,2.5,2.5
1,Isobaths,Isobath_shell,1.145405193,103.9125146,2.5,2.5
1,Isobaths,Isobath_shell,1.145405193,103.9124966,2.5,2.5
1,Isobaths,Isobath_shell,1.14542328,103.9124966,2.5,2.5
1,Isobaths,Isobath_shell,1.14542328,103.9124606,2.5,2.5
1,Isobaths,Isobath_shell,1.145441367,103.9124606,2.5,2.5
1,Isobaths,Isobath_shell,1.145441367,103.9124247,2.5,2.5
1,Isobaths,Isobath_shell,1.145459455,103.9124247,2.5,2.5
1,Isobaths,Isobath_shell,1.145459455,103.9123888,2.5,2.5
1,Isobaths,Isobath_shell,1.145477542,103.9123888,2.5,2.5
1,Isobaths,Isobath_shell,1.145477542,103.9123708,2.5,2.5
1,Isobaths,Isobath_shell,1.145495629,103.9123708,2.5,2.5
1,Isobaths,Isobath_shell,1.145495629,103.9123349,2.5,2.5
1,Isobaths,Isobath_shell,1.145513717,103.9123349,2.5,2.5
1,Isobaths,Isobath_shell,1.145513717,103.9122989,2.5,2.5
1,Isobaths,Isobath_shell,1.145531804,103.9122989,2.5,2.5
1,Isobaths,Isobath_shell,1.145531804,103.912263,2.5,2.5
1,Isobaths,Isobath_shell,1.145549891,103.912263,2.5,2.5
1,Isobaths,Isobath_shell,1.145549891,103.912245,2.5,2.5
1,Isobaths,Isobath_shell,1.145567979,103.912245,2.5,2.5
1,Isobaths,Isobath_shell,1.145567979,103.912227,2.5,2.5
1,Isobaths,Isobath_shell,1.145586066,103.912227,2.5,2.5
1,Isobaths,Isobath_shell,1.145586066,103.9122091,2.5,2.5
1,Isobaths,Isobath_shell,1.145604153,103.9122091,2.5,2.5
1,Isobaths,Isobath_shell,1.145604153,103.9121911,2.5,2.5
1,Isobaths,Isobath_shell,1.145622241,103.9121911,2.5,2.5
1,Isobaths,Isobath_shell,1.145622241,103.9121731,2.5,2.5
1,Isobaths,Isobath_shell,1.145640328,103.9121731,2.5,2.5
1,Isobaths,Isobath_shell,1.145640328,103.9121552,2.5,2.5
1,Isobaths,Isobath_shell,1.145658415,103.9121552,2.5,2.5
1,Isobaths,Isobath_shell,1.145658415,103.9121372,2.5,2.5
1,Isobaths,Isobath_shell,1.145676502,103.9121372,2.5,2.5
1,Isobaths,Isobath_shell,1.145676502,103.9121192,2.5,2.5
1,Isobaths,Isobath_shell,1.14569459,103.9121192,2.5,2.5
1,Isobaths,Isobath_shell,1.14569459,103.9121012,2.5,2.5
1,Isobaths,Isobath_shell,1.145712677,103.9121012,2.5,2.5
1,Isobaths,Isobath_shell,1.145712677,103.9120833,2.5,2.5
1,Isobaths,Isobath_shell,1.145730764,103.9120833,2.5,2.5
1,Isobaths,Isobath_shell,1.145730764,103.9120653,2.5,2.5
1,Isobaths,Isobath_shell,1.145748852,103.9120653,2.5,2.5
1,Isobaths,Isobath_shell,1.145748852,103.9120473,2.5,2.5
1,Isobaths,Isobath_shell,1.145766939,103.9120473,2.5,2.5
1,Isobaths,Isobath_shell,1.145766939,103.9120294,2.5,2.5
1,Isobaths,Isobath_shell,1.145785026,103.9120294,2.5,2.5
1,Isobaths,Isobath_shell,1.145785026,103.9120114,2.5,2.5
1,Isobaths,Isobath_shell,1.145803114,103.9120114,2.5,2.5
1,Isobaths,Isobath_shell,1.145803114,103.9119934,2.5,2.5
1,Isobaths,Isobath_shell,1.145821201,103.9119934,2.5,2.5
1,Isobaths,Isobath_shell,1.145821201,103.9119575,2.5,2.5
1,Isobaths,Isobath_shell,1.145839288,103.9119575,2.5,2.5
1,Isobaths,Isobath_shell,1.145839288,103.9119395,2.5,2.5
1,Isobaths,Isobath_shell,1.145857376,103.9119395,2.5,2.5
1,Isobaths,Isobath_shell,1.145857376,103.9119215,2.5,2.5
1,Isobaths,Isobath_shell,1.145875463,103.9119215,2.5,2.5
1,Isobaths,Isobath_shell,1.145875463,103.9119036,2.5,2.5
1,Isobaths,Isobath_shell,1.14589355,103.9119036,2.5,2.5
1,Isobaths,Isobath_shell,1.14589355,103.9118856,2.5,2.5
1,Isobaths,Isobath_shell,1.145911638,103.9118856,2.5,2.5
1,Isobaths,Isobath_shell,1.145911638,103.9118676,2.5,2.5
1,Isobaths,Isobath_shell,1.145929725,103.9118676,2.5,2.5
1,Isobaths,Isobath_shell,1.145929725,103.9118497,2.5,2.5
1,Isobaths,Isobath_shell,1.145947812,103.9118497,2.5,2.5
1,Isobaths,Isobath_shell,1.145947812,103.9118317,2.5,2.5
1,Isobaths,Isobath_shell,1.1459659,103.9118317,2.5,2.5
1,Isobaths,Isobath_shell,1.1459659,103.9118137,2.5,2.5
1,Isobaths,Isobath_shell,1.145983987,103.9118137,2.5,2.5
1,Isobaths,Isobath_shell,1.145983987,103.9117958,2.5,2.5
1,Isobaths,Isobath_shell,1.146002074,103.9117958,2.5,2.5
1,Isobaths,Isobath_shell,1.146002074,103.9117778,2.5,2.5
1,Isobaths,Isobath_shell,1.146020162,103.9117778,2.5,2.5
1,Isobaths,Isobath_shell,1.146020162,103.9117598,2.5,2.5
1,Isobaths,Isobath_shell,1.146038249,103.9117598,2.5,2.5
1,Isobaths,Isobath_shell,1.146038249,103.9117418,2.5,2.5
1,Isobaths,Isobath_shell,1.146056336,103.9117418,2.5,2.5
1,Isobaths,Isobath_shell,1.146056336,103.9117239,2.5,2.5
1,Isobaths,Isobath_shell,1.146074423,103.9117239,2.5,2.5
1,Isobaths,Isobath_shell,1.146074423,103.9117059,2.5,2.5
1,Isobaths,Isobath_shell,1.146092511,103.9117059,2.5,2.5
1,Isobaths,Isobath_shell,1.146092511,103.9116879,2.5,2.5
1,Isobaths,Isobath_shell,1.146110598,103.9116879,2.5,2.5
1,Isobaths,Isobath_shell,1.146110598,103.911652,2.5,2.5
1,Isobaths,Isobath_shell,1.146128685,103.911652,2.5,2.5
1,Isobaths,Isobath_shell,1.146128685,103.911634,2.5,2.5
1,Isobaths,Isobath_shell,1.146146773,103.911634,2.5,2.5
1,Isobaths,Isobath_shell,1.146146773,103.9116161,2.5,2.5
1,Isobaths,Isobath_shell,1.14616486,103.9116161,2.5,2.5
1,Isobaths,Isobath_shell,1.14616486,103.9115981,2.5,2.5
1,Isobaths,Isobath_shell,1.146182947,103.9115981,2.5,2.5
1,Isobaths,Isobath_shell,1.146182947,103.9115801,2.5,2.5
1,Isobaths,Isobath_shell,1.146201035,103.9115801,2.5,2.5
1,Isobaths,Isobath_shell,1.146201035,103.9115621,2.5,2.5
1,Isobaths,Isobath_shell,1.146219122,103.9115621,2.5,2.5
1,Isobaths,Isobath_shell,1.146219122,103.9115442,2.5,2.5
1,Isobaths,Isobath_shell,1.146237209,103.9115442,2.5,2.5
1,Isobaths,Isobath_shell,1.146237209,103.9115262,2.5,2.5
1,Isobaths,Isobath_shell,1.146255297,103.9115262,2.5,2.5
1,Isobaths,Isobath_shell,1.146255297,103.9115082,2.5,2.5
1,Isobaths,Isobath_shell,1.146273384,103.9115082,2.5,2.5
1,Isobaths,Isobath_shell,1.146273384,103.9114903,2.5,2.5
1,Isobaths,Isobath_shell,1.146291471,103.9114903,2.5,2.5
1,Isobaths,Isobath_shell,1.146291471,103.9114723,2.5,2.5
1,Isobaths,Isobath_shell,1.146309559,103.9114723,2.5,2.5
1,Isobaths,Isobath_shell,1.146309559,103.9114543,2.5,2.5
1,Isobaths,Isobath_shell,1.146327646,103.9114543,2.5,2.5
1,Isobaths,Isobath_shell,1.146327646,103.9114364,2.5,2.5
1,Isobaths,Isobath_shell,1.146345733,103.9114364,2.5,2.5
1,Isobaths,Isobath_shell,1.146345733,103.9114184,2.5,2.5
1,Isobaths,Isobath_shell,1.146363821,103.9114184,2.5,2.5
1,Isobaths,Isobath_shell,1.146363821,103.9114004,2.5,2.5
1,Isobaths,Isobath_shell,1.146381908,103.9114004,2.5,2.5
1,Isobaths,Isobath_shell,1.146381908,103.9113645,2.5,2.5
1,Isobaths,Isobath_shell,1.146399995,103.9113645,2.5,2.5
1,Isobaths,Isobath_shell,1.146399995,103.9113465,2.5,2.5
1,Isobaths,Isobath_shell,1.146418082,103.9113465,2.5,2.5
1,Isobaths,Isobath_shell,1.146418082,103.9113285,2.5,2.5
1,Isobaths,Isobath_shell,1.146454257,103.9113285,2.5,2.5
1,Isobaths,Isobath_shell,1.146454257,103.9113106,2.5,2.5
1,Isobaths,Isobath_shell,1.146472344,103.9113106,2.5,2.5
1,Isobaths,Isobath_shell,1.146472344,103.9112926,2.5,2.5
1,Isobaths,Isobath_shell,1.146490432,103.9112926,2.5,2.5
1,Isobaths,Isobath_shell,1.146490432,103.9112746,2.5,2.5
1,Isobaths,Isobath_shell,1.146508519,103.9112746,2.5,2.5
1,Isobaths,Isobath_shell,1.146508519,103.9112567,2.5,2.5
1,Isobaths,Isobath_shell,1.146526606,103.9112746,2.5,2.5
1,Isobaths,Isobath_shell,1.146519658,103.9112926,2.5,2.5
1,Isobaths,Isobath_shell,1.146509311,103.9113465,2.5,2.5
1,Isobaths,Isobath_shell,1.14651252,103.9113824,2.5,2.5
1,Isobaths,Isobath_shell,1.146524597,103.9114184,2.5,2.5
1,Isobaths,Isobath_shell,1.146581487,103.9114903,2.5,2.5
1,Isobaths,Isobath_shell,1.146617043,103.9115207,2.5,2.5
1,Isobaths,Isobath_shell,1.146659332,103.9115442,2.5,2.5
1,Isobaths,Isobath_shell,1.147485234,103.9118888,2.5,2.5
1,Isobaths,Isobath_shell,1.147539496,103.9119002,2.5,2.5
1,Isobaths,Isobath_shell,1.147593758,103.9119012,2.5,2.5
1,Isobaths,Isobath_shell,1.147828893,103.9118677,2.5,2.5
1,Isobaths,Isobath_shell,1.147883155,103.9118785,2.5,2.5
1,Isobaths,Isobath_shell,1.14791933,103.9119026,2.5,2.5
1,Isobaths,Isobath_shell,1.147973592,103.9119576,2.5,2.5
1,Isobaths,Isobath_shell,1.148030478,103.9120294,2.5,2.5
1,Isobaths,Isobath_shell,1.148051023,103.9120653,2.5,2.5
1,Isobaths,Isobath_shell,1.148062725,103.9121192,2.5,2.5
1,Isobaths,Isobath_shell,1.148056316,103.9121731,2.5,2.5
1,Isobaths,Isobath_shell,1.147998144,103.9124067,2.5,2.5
1,Isobaths,Isobath_shell,1.147966486,103.9124786,2.5,2.5
1,Isobaths,Isobath_shell,1.14791933,103.9125084,2.5,2.5
1,Isobaths,Isobath_shell,1.147810806,103.9125257,2.5,2.5
1,Isobaths,Isobath_shell,1.147575671,103.9125367,2.5,2.5
1,Isobaths,Isobath_shell,1.147268186,103.9125634,2.5,2.5
1,Isobaths,Isobath_shell,1.147195837,103.9125624,2.5,2.5
1,Isobaths,Isobath_shell,1.147149327,103.9125505,2.5,2.5
1,Isobaths,Isobath_shell,1.147121129,103.9125325,2.5,2.5
1,Isobaths,Isobath_shell,1.147014964,103.9124123,2.5,2.5
1,Isobaths,Isobath_shell,1.146924527,103.9123351,2.5,2.5
1,Isobaths,Isobath_shell,1.146870265,103.9123044,2.5,2.5
1,Isobaths,Isobath_shell,1.146816003,103.912296,2.5,2.5
1,Isobaths,Isobath_shell,1.146483475,103.9123888,2.5,2.5
1,Isobaths,Isobath_shell,1.146399995,103.9124235,2.5,2.5
1,Isobaths,Isobath_shell,1.146371734,103.9124427,2.5,2.5
1,Isobaths,Isobath_shell,1.146345733,103.9124711,2.5,2.5
1,Isobaths,Isobath_shell,1.146325636,103.9125325,2.5,2.5
1,Isobaths,Isobath_shell,1.146273384,103.9125591,2.5,2.5
1,Isobaths,Isobath_shell,1.146145265,103.9125864,2.5,2.5
1,Isobaths,Isobath_shell,1.145875463,103.9126107,2.5,2.5
1,Isobaths,Isobath_shell,1.145821201,103.9126244,2.5,2.5
1,Isobaths,Isobath_shell,1.14579777,103.9126403,2.5,2.5
1,Isobaths,Isobath_shell,1.145768446,103.9126763,2.5,2.5
1,Isobaths,Isobath_shell,1.145640328,103.9129382,2.5,2.5
1,Isobaths,Isobath_shell,1.145588697,103.9130177,2.5,2.5
1,Isobaths,Isobath_shell,1.145567979,103.9130294,2.5,2.5
1,Isobaths,Isobath_shell,1.145531804,103.9130167,2.5,2.5
1,Isobaths,Isobath_shell,1.145387105,103.9128937,2.5,2.5
1,Isobaths,Isobath_shell,1.145314756,103.912866,2.5,2.5
1,Isobaths,Isobath_shell,1.145242407,103.9128252,2.5,2.5
1,Isobaths,Isobath_shell,1.14522432,103.9128227,2.5,2.5
2,Isobaths,Isobath_shell,1.149474839,103.9065752,2.5,2.5
2,Isobaths,Isobath_shell,1.149474839,103.9065306,2.5,2.5
2,Isobaths,Isobath_shell,1.149492926,103.9065306,2.5,2.5
2,Isobaths,Isobath_shell,1.149492926,103.9064946,2.5,2.5
2,Isobaths,Isobath_shell,1.149511014,103.9064946,2.5,2.5
2,Isobaths,Isobath_shell,1.149511014,103.9064407,2.5,2.5
2,Isobaths,Isobath_shell,1.149529101,103.9064407,2.5,2.5
2,Isobaths,Isobath_shell,1.149529101,103.9063868,2.5,2.5
2,Isobaths,Isobath_shell,1.149547188,103.9063868,2.5,2.5
2,Isobaths,Isobath_shell,1.149547188,103.9063509,2.5,2.5
2,Isobaths,Isobath_shell,1.149565276,103.9063509,2.5,2.5
2,Isobaths,Isobath_shell,1.149565276,103.9062969,2.5,2.5
2,Isobaths,Isobath_shell,1.149583363,103.9062969,2.5,2.5
2,Isobaths,Isobath_shell,1.149583363,103.906243,2.5,2.5
2,Isobaths,Isobath_shell,1.14960145,103.906243,2.5,2.5
2,Isobaths,Isobath_shell,1.14960145,103.9062071,2.5,2.5
2,Isobaths,Isobath_shell,1.149619538,103.9062071,2.5,2.5
2,Isobaths,Isobath_shell,1.149619538,103.9061532,2.5,2.5
2,Isobaths,Isobath_shell,1.149637625,103.9061532,2.5,2.5
2,Isobaths,Isobath_shell,1.149637625,103.9059735,2.5,2.5
2,Isobaths,Isobath_shell,1.149619538,103.9059555,2.5,2.5
2,Isobaths,Isobath_shell,1.149619538,103.9058297,2.5,2.5
2,Isobaths,Isobath_shell,1.14960145,103.9058118,2.5,2.5
2,Isobaths,Isobath_shell,1.14960145,103.905686,2.5,2.5
2,Isobaths,Isobath_shell,1.149583363,103.905668,2.5,2.5
2,Isobaths,Isobath_shell,1.149583363,103.9055422,2.5,2.5
2,Isobaths,Isobath_shell,1.149565276,103.9055242,2.5,2.5
2,Isobaths,Isobath_shell,1.149565276,103.9053985,2.5,2.5
2,Isobaths,Isobath_shell,1.149547188,103.9053805,2.5,2.5
2,Isobaths,Isobath_shell,1.149547188,103.9053445,2.5,2.5
2,Isobaths,Isobath_shell,1.149565276,103.9053445,2.5,2.5
2,Isobaths,Isobath_shell,1.149565276,103.9053266,2.5,2.5
2,Isobaths,Isobath_shell,1.149583363,103.9053266,2.5,2.5
2,Isobaths,Isobath_shell,1.149583363,103.9053086,2.5,2.5
2,Isobaths,Isobath_shell,1.14960145,103.9053086,2.5,2.5
2,Isobaths,Isobath_shell,1.14960145,103.9052906,2.5,2.5
2,Isobaths,Isobath_shell,1.149619538,103.9052906,2.5,2.5
2,Isobaths,Isobath_shell,1.149619538,103.9052727,2.5,2.5
2,Isobaths,Isobath_shell,1.149637625,103.9052727,2.5,2.5
2,Isobaths,Isobath_shell,1.149637625,103.9052547,2.5,2.5
2,Isobaths,Isobath_shell,1.149673799,103.9052547,2.5,2.5
2,Isobaths,Isobath_shell,1.149673799,103.9052188,2.5,2.5
2,Isobaths,Isobath_shell,1.149691887,103.9052188,2.5,2.5
2,Isobaths,Isobath_shell,1.149691887,103.9051828,2.5,2.5
2,Isobaths,Isobath_shell,1.149709974,103.9051828,2.5,2.5
2,Isobaths,Isobath_shell,1.149709974,103.9051469,2.5,2.5
2,Isobaths,Isobath_shell,1.149728061,103.9051469,2.5,2.5
2,Isobaths,Isobath_shell,1.149728061,103.905093,2.5,2.5
2,Isobaths,Isobath_shell,1.149746149,103.905093,2.5,2.5
2,Isobaths,Isobath_shell,1.149746149,103.905057,2.5,2.5
2,Isobaths,Isobath_shell,1.149764236,103.905057,2.5,2.5
2,Isobaths,Isobath_shell,1.149764236,103.9050211,2.5,2.5
2,Isobaths,Isobath_shell,1.149782323,103.9050211,2.5,2.5
2,Isobaths,Isobath_shell,1.149782323,103.9050031,2.5,2.5
2,Isobaths,Isobath_shell,1.149800411,103.9050085,2.5,2.5
2,Isobaths,Isobath_shell,1.149818498,103.905012,2.5,2.5
2,Isobaths,Isobath_shell,1.14987276,103.9050019,2.5,2.5
2,Isobaths,Isobath_shell,1.150035546,103.9049236,2.5,2.5
2,Isobaths,Isobath_shell,1.150216419,103.9048522,2.5,2.5
2,Isobaths,Isobath_shell,1.150288768,103.9048358,2.5,2.5
2,Isobaths,Isobath_shell,1.15034303,103.9048421,2.5,2.5
2,Isobaths,Isobath_shell,1.150415379,103.9048636,2.5,2.5
2,Isobaths,Isobath_shell,1.150541991,103.9049384,2.5,2.5
2,Isobaths,Isobath_shell,1.150596253,103.9049348,2.5,2.5
2,Isobaths,Isobath_shell,1.150722864,103.9048734,2.5,2.5
2,Isobaths,Isobath_shell,1.150741023,103.9048594,2.5,2.5
2,Isobaths,Isobath_shell,1.150795213,103.9047917,2.5,2.5
2,Isobaths,Isobath_shell,1.1508133,103.9047762,2.5,2.5
2,Isobaths,Isobath_shell,1.150831388,103.9047713,2.5,2.5
2,Isobaths,Isobath_shell,1.150849475,103.9047776,2.5,2.5
2,Isobaths,Isobath_shell,1.15088565,103.9048146,2.5,2.5
2,Isobaths,Isobath_shell,1.150949611,103.9049133,2.5,2.5
2,Isobaths,Isobath_shell,1.151022715,103.9050031,2.5,2.5
2,Isobaths,Isobath_shell,1.151083583,103.905093,2.5,2.5
2,Isobaths,Isobath_shell,1.151120785,103.905122,2.5,2.5
2,Isobaths,Isobath_shell,1.15128666,103.9052188,2.5,2.5
2,Isobaths,Isobath_shell,1.151362978,103.9052727,2.5,2.5
2,Isobaths,Isobath_shell,1.151416093,103.9053266,2.5,2.5
2,Isobaths,Isobath_shell,1.151425825,103.9053445,2.5,2.5
2,Isobaths,Isobath_shell,1.151427697,103.9053805,2.5,2.5
2,Isobaths,Isobath_shell,1.151409693,103.9054344,2.5,2.5
2,Isobaths,Isobath_shell,1.151338199,103.9055961,2.5,2.5
2,Isobaths,Isobath_shell,1.15129249,103.905686,2.5,2.5
2,Isobaths,Isobath_shell,1.151012261,103.9060952,2.5,2.5
2,Isobaths,Isobath_shell,1.150948589,103.9062071,2.5,2.5
2,Isobaths,Isobath_shell,1.150905897,103.9063149,2.5,2.5
2,Isobaths,Isobath_shell,1.150864607,103.9064766,2.5,2.5
2,Isobaths,Isobath_shell,1.150776936,103.9066563,2.5,2.5
2,Isobaths,Isobath_shell,1.150750641,103.9068001,2.5,2.5
2,Isobaths,Isobath_shell,1.150722864,103.9068314,2.5,2.5
2,Isobaths,Isobath_shell,1.150686689,103.9068466,2.5,2.5
2,Isobaths,Isobath_shell,1.150632427,103.9068565,2.5,2.5
2,Isobaths,Isobath_shell,1.150162157,103.9068887,2.5,2.5
2,Isobaths,Isobath_shell,1.150124,103.906872,2.5,2.5
2,Isobaths,Isobath_shell,1.150053633,103.9067912,2.5,2.5
2,Isobaths,Isobath_shell,1.150035546,103.9067805,2.5,2.5
2,Isobaths,Isobath_shell,1.149999371,103.9067761,2.5,2.5
2,Isobaths,Isobath_shell,1.149945109,103.9067958,2.5,2.5
2,Isobaths,Isobath_shell,1.149818498,103.9068747,2.5,2.5
2,Isobaths,Isobath_shell,1.149782323,103.9068759,2.5,2.5
2,Isobaths,Isobath_shell,1.149764236,103.9068615,2.5,2.5
2,Isobaths,Isobath_shell,1.149728061,103.906802,2.5,2.5
2,Isobaths,Isobath_shell,1.149691887,103.906759,2.5,2.5
2,Isobaths,Isobath_shell,1.149655712,103.906734,2.5,2.5
2,Isobaths,Isobath_shell,1.149585775,103.9067103,2.5,2.5
2,Isobaths,Isobath_shell,1.149565276,103.9066956,2.5,2.5
2,Isobaths,Isobath_shell,1.149547188,103.9066722,2.5,2.5
2,Isobaths,Isobath_shell,1.149512892,103.9065845,2.5,2.5
2,Isobaths,Isobath_shell,1.149474839,103.9065752,2.5,2.5
3,Isobaths,Isobath_hole,1.149586187,103.9053863,2.5,2.5
3,Isobaths,Isobath_hole,1.149610071,103.9053834,2.5,2.5
3,Isobaths,Isobath_hole,1.149624156,103.9053834,2.5,2.5
3,Isobaths,Isobath_hole,1.150047682,103.9051071,2.5,2.5
3,Isobaths,Isobath_hole,1.150110957,103.9052956,2.5,2.5
3,Isobaths,Isobath_hole,1.150039429,103.9054235,2.5,2.5
3,Isobaths,Isobath_hole,1.150050433,103.9055762,2.5,2.5
3,Isobaths,Isobath_hole,1.150016045,103.9057234,2.5,2.5
3,Isobaths,Isobath_hole,1.149930762,103.9059133,2.5,2.5
3,Isobaths,Isobath_hole,1.149864736,103.9059683,2.5,2.5
3,Isobaths,Isobath_hole,1.149790457,103.9059862,2.5,2.5
3,Isobaths,Isobath_hole,1.149709301,103.9060605,2.5,2.5
3,Isobaths,Isobath_hole,1.149679039,103.9061252,2.5,2.5
3,Isobaths,Isobath_hole,1.149742313,103.9061389,2.5,2.5
3,Isobaths,Isobath_hole,1.14973406,103.9063536,2.5,2.5
3,Isobaths,Isobath_hole,1.149795959,103.9063618,2.5,2.5
3,Isobaths,Isobath_hole,1.149816592,103.9063935,2.5,2.5
3,Isobaths,Isobath_hole,1.149797335,103.9064485,2.5,2.5
3,Isobaths,Isobath_hole,1.149845479,103.9064801,2.5,2.5
3,Isobaths,Isobath_hole,1.149844103,103.90652,2.5,2.5
3,Isobaths,Isobath_hole,1.149907378,103.9065159,2.5,2.5
3,Isobaths,Isobath_hole,1.149973403,103.9065806,2.5,2.5
3,Isobaths,Isobath_hole,1.149934888,103.9067085,2.5,2.5
3,Isobaths,Isobath_hole,1.150025674,103.9066287,2.5,2.5
3,Isobaths,Isobath_hole,1.150170105,103.9066507,2.5,2.5
3,Isobaths,Isobath_hole,1.150219624,103.9066026,2.5,2.5
3,Isobaths,Isobath_hole,1.150291152,103.9066136,2.5,2.5
3,Isobaths,Isobath_hole,1.150335169,103.9065352,2.5,2.5
3,Isobaths,Isobath_hole,1.150321414,103.906476,2.5,2.5
3,Isobaths,Isobath_hole,1.150369557,103.9064705,2.5,2.5
3,Isobaths,Isobath_hole,1.150409448,103.9063811,2.5,2.5
3,Isobaths,Isobath_hole,1.15036268,103.9063137,2.5,2.5
3,Isobaths,Isobath_hole,1.15037781,103.9062875,2.5,2.5
3,Isobaths,Isobath_hole,1.150425954,103.9063219,2.5,2.5
3,Isobaths,Isobath_hole,1.150526368,103.9062256,2.5,2.5
3,Isobaths,Isobath_hole,1.150527744,103.9059945,2.5,2.5
3,Isobaths,Isobath_hole,1.150702437,103.9056313,2.5,2.5
3,Isobaths,Isobath_hole,1.150745078,103.9053809,2.5,2.5
3,Isobaths,Isobath_hole,1.150926649,103.9051497,2.5,2.5
3,Isobaths,Isobath_hole,1.150915644,103.9051318,2.5,2.5
3,Isobaths,Isobath_hole,1.150845492,103.9051731,2.5,2.5
3,Isobaths,Isobath_hole,1.150571761,103.9051855,2.5,2.5
3,Isobaths,Isobath_hole,1.150278772,103.9052625,2.5,2.5
3,Isobaths,Isobath_hole,1.150247135,103.905202,2.5,2.5
3,Isobaths,Isobath_hole,1.150186611,103.905235,2.5,2.5
3,Isobaths,Isobath_hole,1.150139087,103.9052479,2.5,2.5
3,Isobaths,Isobath_hole,1.150138602,103.9052476,2.5,2.5
3,Isobaths,Isobath_hole,1.150102288,103.9051386,2.5,2.5
3,Isobaths,Isobath_hole,1.150075877,103.9050836,2.5,2.5
3,Isobaths,Isobath_hole,1.15021233,103.9049977,2.5,2.5
3,Isobaths,Isobath_hole,1.150220033,103.9049812,2.5,2.5
3,Isobaths,Isobath_hole,1.150220033,103.904968,2.5,2.5
3,Isobaths,Isobath_hole,1.150213431,103.9049581,2.5,2.5
3,Isobaths,Isobath_hole,1.150201326,103.9049548,2.5,2.5
3,Isobaths,Isobath_hole,1.150181518,103.9049636,2.5,2.5
3,Isobaths,Isobath_hole,1.149757854,103.9052443,2.5,2.5
3,Isobaths,Isobath_hole,1.14959389,103.9053477,2.5,2.5
3,Isobaths,Isobath_hole,1.149586187,103.9053653,2.5,2.5
3,Isobaths,Isobath_hole,1.149586187,103.9053863,2.5,2.5
4,Isobaths,Isobath_shell,1.137862781,103.9197328,2.5,2.5
4,Isobaths,Isobath_shell,1.137862781,103.9196307,2.5,2.5
4,Isobaths,Isobath_shell,1.137880869,103.9196307,2.5,2.5
4,Isobaths,Isobath_shell,1.137880869,103.9195947,2.5,2.5
4,Isobaths,Isobath_shell,1.137898956,103.9195947,2.5,2.5
4,Isobaths,Isobath_shell,1.137898956,103.9195408,2.5,2.5
4,Isobaths,Isobath_shell,1.137917043,103.9195408,2.5,2.5
4,Isobaths,Isobath_shell,1.137917043,103.9195049,2.5,2.5
4,Isobaths,Isobath_shell,1.137935131,103.9195049,2.5,2.5
4,Isobaths,Isobath_shell,1.137935131,103.919451,2.5,2.5
4,Isobaths,Isobath_shell,1.137953218,103.919451,2.5,2.5
4,Isobaths,Isobath_shell,1.137953218,103.919415,2.5,2.5
4,Isobaths,Isobath_shell,1.137971305,103.919415,2.5,2.5
4,Isobaths,Isobath_shell,1.137971305,103.9193611,2.5,2.5
4,Isobaths,Isobath_shell,1.137989393,103.9193611,2.5,2.5
4,Isobaths,Isobath_shell,1.137989393,103.9193252,2.5,2.5
4,Isobaths,Isobath_shell,1.13800748,103.9193252,2.5,2.5
4,Isobaths,Isobath_shell,1.13800748,103.9192713,2.5,2.5
4,Isobaths,Isobath_shell,1.138025567,103.9192713,2.5,2.5
4,Isobaths,Isobath_shell,1.138025567,103.9192353,2.5,2.5
4,Isobaths,Isobath_shell,1.138043654,103.9192353,2.5,2.5
4,Isobaths,Isobath_shell,1.138043654,103.9192175,2.5,2.5
4,Isobaths,Isobath_shell,1.138097916,103.919224,2.5,2.5
4,Isobaths,Isobath_shell,1.138134091,103.9192532,2.5,2.5
4,Isobaths,Isobath_shell,1.138170266,103.9192655,2.5,2.5
4,Isobaths,Isobath_shell,1.138242615,103.9192641,2.5,2.5
4,Isobaths,Isobath_shell,1.138296877,103.9192445,2.5,2.5
4,Isobaths,Isobath_shell,1.138441575,103.9191535,2.5,2.5
4,Isobaths,Isobath_shell,1.138493045,103.9191095,2.5,2.5
4,Isobaths,Isobath_shell,1.138524214,103.9190556,2.5,2.5
4,Isobaths,Isobath_shell,1.138528601,103.9190197,2.5,2.5
4,Isobaths,Isobath_shell,1.138514807,103.9189478,2.5,2.5
4,Isobaths,Isobath_shell,1.138516311,103.9189119,2.5,2.5
4,Isobaths,Isobath_shell,1.138532012,103.9188794,2.5,2.5
4,Isobaths,Isobath_shell,1.138550099,103.9188622,2.5,2.5
4,Isobaths,Isobath_shell,1.138658623,103.9188006,2.5,2.5
4,Isobaths,Isobath_shell,1.139183156,103.9185653,2.5,2.5
4,Isobaths,Isobath_shell,1.139255505,103.9185253,2.5,2.5
4,Isobaths,Isobath_shell,1.139309767,103.9184835,2.5,2.5
4,Isobaths,Isobath_shell,1.139364029,103.9184293,2.5,2.5
4,Isobaths,Isobath_shell,1.139508727,103.918235,2.5,2.5
4,Isobaths,Isobath_shell,1.139561253,103.9181931,2.5,2.5
4,Isobaths,Isobath_shell,1.139635338,103.9181754,2.5,2.5
4,Isobaths,Isobath_shell,1.139816212,103.9181561,2.5,2.5
4,Isobaths,Isobath_shell,1.140087521,103.9181538,2.5,2.5
4,Isobaths,Isobath_shell,1.140159871,103.9181589,2.5,2.5
4,Isobaths,Isobath_shell,1.140304569,103.9181903,2.5,2.5
4,Isobaths,Isobath_shell,1.140376918,103.9182195,2.5,2.5
4,Isobaths,Isobath_shell,1.140492161,103.9183188,2.5,2.5
4,Isobaths,Isobath_shell,1.140550731,103.9183907,2.5,2.5
4,Isobaths,Isobath_shell,1.140687508,103.9187142,2.5,2.5
4,Isobaths,Isobath_shell,1.140704422,103.9187681,2.5,2.5
4,Isobaths,Isobath_shell,1.140702916,103.918804,2.5,2.5
4,Isobaths,Isobath_shell,1.140666316,103.9188804,2.5,2.5
4,Isobaths,Isobath_shell,1.140649691,103.9189478,2.5,2.5
4,Isobaths,Isobath_shell,1.140659419,103.9190197,2.5,2.5
4,Isobaths,Isobath_shell,1.140697215,103.9190736,2.5,2.5
4,Isobaths,Isobath_shell,1.140756752,103.9191218,2.5,2.5
4,Isobaths,Isobath_shell,1.140829101,103.9191515,2.5,2.5
4,Isobaths,Isobath_shell,1.140919538,103.9191629,2.5,2.5
4,Isobaths,Isobath_shell,1.141028062,103.9191346,2.5,2.5
4,Isobaths,Isobath_shell,1.141064237,103.9191433,2.5,2.5
4,Isobaths,Isobath_shell,1.141100411,103.9191627,2.5,2.5
4,Isobaths,Isobath_shell,1.141510911,103.9194689,2.5,2.5
4,Isobaths,Isobath_shell,1.141569859,103.9195408,2.5,2.5
4,Isobaths,Isobath_shell,1.141633565,103.9196486,2.5,2.5
4,Isobaths,Isobath_shell,1.141679205,103.9196921,2.5,2.5
4,Isobaths,Isobath_shell,1.141733467,103.9197074,2.5,2.5
4,Isobaths,Isobath_shell,1.141787729,103.9196943,2.5,2.5
4,Isobaths,Isobath_shell,1.141896253,103.9196049,2.5,2.5
4,Isobaths,Isobath_shell,1.142203738,103.9193865,2.5,2.5
4,Isobaths,Isobath_shell,1.142257999,103.9193559,2.5,2.5
4,Isobaths,Isobath_shell,1.142330349,103.9193374,2.5,2.5
4,Isobaths,Isobath_shell,1.142475047,103.9193388,2.5,2.5
4,Isobaths,Isobath_shell,1.142511222,103.9193449,2.5,2.5
4,Isobaths,Isobath_shell,1.142547397,103.9193627,2.5,2.5
4,Isobaths,Isobath_shell,1.142637833,103.9194773,2.5,2.5
4,Isobaths,Isobath_shell,1.142674008,103.9195122,2.5,2.5
4,Isobaths,Isobath_shell,1.143108103,103.9198129,2.5,2.5
4,Isobaths,Isobath_shell,1.143126191,103.919825,2.5,2.5
4,Isobaths,Isobath_shell,1.14319854,103.9198476,2.5,2.5
4,Isobaths,Isobath_shell,1.143216627,103.9198394,2.5,2.5
4,Isobaths,Isobath_shell,1.143234715,103.9198283,2.5,2.5
4,Isobaths,Isobath_shell,1.143270889,103.9198643,2.5,2.5
4,Isobaths,Isobath_shell,1.143270889,103.9199541,2.5,2.5
4,Isobaths,Isobath_shell,1.143288977,103.9199721,2.5,2.5
4,Isobaths,Isobath_shell,1.143288977,103.9200619,2.5,2.5
4,Isobaths,Isobath_shell,1.143307064,103.9200799,2.5,2.5
4,Isobaths,Isobath_shell,1.143307064,103.9201697,2.5,2.5
4,Isobaths,Isobath_shell,1.143325151,103.9201877,2.5,2.5
4,Isobaths,Isobath_shell,1.143325151,103.9202776,2.5,2.5
4,Isobaths,Isobath_shell,1.143343239,103.9202955,2.5,2.5
4,Isobaths,Isobath_shell,1.143343239,103.9203854,2.5,2.5
4,Isobaths,Isobath_shell,1.143361326,103.9204034,2.5,2.5
4,Isobaths,Isobath_shell,1.143361326,103.9204932,2.5,2.5
4,Isobaths,Isobath_shell,1.143379413,103.9205112,2.5,2.5
4,Isobaths,Isobath_shell,1.143379413,103.920601,2.5,2.5
4,Isobaths,Isobath_shell,1.1433975,103.920619,2.5,2.5
4,Isobaths,Isobath_shell,1.1433975,103.9206909,2.5,2.5
4,Isobaths,Isobath_shell,1.143415588,103.9207088,2.5,2.5
4,Isobaths,Isobath_shell,1.143415588,103.9207268,2.5,2.5
4,Isobaths,Isobath_shell,1.143433675,103.9207448,2.5,2.5
4,Isobaths,Isobath_shell,1.143433675,103.9207628,2.5,2.5
4,Isobaths,Isobath_shell,1.143451762,103.9207807,2.5,2.5
4,Isobaths,Isobath_shell,1.143451762,103.9207987,2.5,2.5
4,Isobaths,Isobath_shell,1.14346985,103.9208167,2.5,2.5
4,Isobaths,Isobath_shell,1.14346985,103.9208346,2.5,2.5
4,Isobaths,Isobath_shell,1.143487937,103.9208526,2.5,2.5
4,Isobaths,Isobath_shell,1.143487937,103.9208706,2.5,2.5
4,Isobaths,Isobath_shell,1.143506024,103.9208885,2.5,2.5
4,Isobaths,Isobath_shell,1.143506024,103.9209065,2.5,2.5
4,Isobaths,Isobath_shell,1.143524112,103.9209245,2.5,2.5
4,Isobaths,Isobath_shell,1.143524112,103.9209425,2.5,2.5
4,Isobaths,Isobath_shell,1.143542199,103.9209604,2.5,2.5
4,Isobaths,Isobath_shell,1.143542199,103.9209784,2.5,2.5
4,Isobaths,Isobath_shell,1.143560286,103.9209964,2.5,2.5
4,Isobaths,Isobath_shell,1.143560286,103.9210143,2.5,2.5
4,Isobaths,Isobath_shell,1.143578374,103.9210323,2.5,2.5
4,Isobaths,Isobath_shell,1.143578374,103.9210503,2.5,2.5
4,Isobaths,Isobath_shell,1.143596461,103.9210682,2.5,2.5
4,Isobaths,Isobath_shell,1.143596461,103.9210862,2.5,2.5
4,Isobaths,Isobath_shell,1.143614548,103.9211042,2.5,2.5
4,Isobaths,Isobath_shell,1.143614548,103.9211222,2.5,2.5
4,Isobaths,Isobath_shell,1.143632636,103.9211401,2.5,2.5
4,Isobaths,Isobath_shell,1.143632636,103.9211581,2.5,2.5
4,Isobaths,Isobath_shell,1.143650723,103.9211761,2.5,2.5
4,Isobaths,Isobath_shell,1.143650723,103.921194,2.5,2.5
4,Isobaths,Isobath_shell,1.14366881,103.921212,2.5,2.5
4,Isobaths,Isobath_shell,1.14366881,103.92123,2.5,2.5
4,Isobaths,Isobath_shell,1.143686898,103.9212479,2.5,2.5
4,Isobaths,Isobath_shell,1.143686898,103.9212659,2.5,2.5
4,Isobaths,Isobath_shell,1.143704985,103.9212839,2.5,2.5
4,Isobaths,Isobath_shell,1.143704985,103.9213019,2.5,2.5
4,Isobaths,Isobath_shell,1.143723072,103.9213198,2.5,2.5
4,Isobaths,Isobath_shell,1.143723072,103.9213378,2.5,2.5
4,Isobaths,Isobath_shell,1.14374116,103.9213558,2.5,2.5
4,Isobaths,Isobath_shell,1.14374116,103.9214636,2.5,2.5
4,Isobaths,Isobath_shell,1.143759247,103.9214816,2.5,2.5
4,Isobaths,Isobath_shell,1.143759247,103.9215894,2.5,2.5
4,Isobaths,Isobath_shell,1.143777334,103.9216073,2.5,2.5
4,Isobaths,Isobath_shell,1.143777334,103.9217691,2.5,2.5
4,Isobaths,Isobath_shell,1.143759247,103.9217691,2.5,2.5
4,Isobaths,Isobath_shell,1.143759247,103.921805,2.5,2.5
4,Isobaths,Isobath_shell,1.14374116,103.921805,2.5,2.5
4,Isobaths,Isobath_shell,1.14374116,103.921841,2.5,2.5
4,Isobaths,Isobath_shell,1.143672335,103.921841,2.5,2.5
4,Isobaths,Isobath_shell,1.143714559,103.9217527,2.5,2.5
4,Isobaths,Isobath_shell,1.14366356,103.9213616,2.5,2.5
4,Isobaths,Isobath_shell,1.143661132,103.9213616,2.5,2.5
4,Isobaths,Isobath_shell,1.143340569,103.9207082,2.5,2.5
4,Isobaths,Isobath_shell,1.14311229,103.9208466,2.5,2.5
4,Isobaths,Isobath_shell,1.142682445,103.9208734,2.5,2.5
4,Isobaths,Isobath_shell,1.14233274,103.9208345,2.5,2.5
4,Isobaths,Isobath_shell,1.142084394,103.9205733,2.5,2.5
4,Isobaths,Isobath_shell,1.141806185,103.9202701,2.5,2.5
4,Isobaths,Isobath_shell,1.141854367,103.9202375,2.5,2.5
4,Isobaths,Isobath_shell,1.141963164,103.92041,2.5,2.5
4,Isobaths,Isobath_shell,1.142426328,103.9201053,2.5,2.5
4,Isobaths,Isobath_shell,1.142233602,103.9198022,2.5,2.5
4,Isobaths,Isobath_shell,1.141765775,103.92011,2.5,2.5
4,Isobaths,Isobath_shell,1.141812402,103.9201784,2.5,2.5
4,Isobaths,Isobath_shell,1.141759501,103.9202125,2.5,2.5
4,Isobaths,Isobath_shell,1.141634326,103.9200569,2.5,2.5
4,Isobaths,Isobath_shell,1.141650878,103.9200397,2.5,2.5
4,Isobaths,Isobath_shell,1.14158658,103.9199512,2.5,2.5
4,Isobaths,Isobath_shell,1.141567884,103.9199546,2.5,2.5
4,Isobaths,Isobath_shell,1.141460455,103.9198105,2.5,2.5
4,Isobaths,Isobath_shell,1.141191583,103.9195104,2.5,2.5
4,Isobaths,Isobath_shell,1.140999071,103.9196759,2.5,2.5
4,Isobaths,Isobath_shell,1.140949669,103.9196637,2.5,2.5
4,Isobaths,Isobath_shell,1.140410324,103.9190884,2.5,2.5
4,Isobaths,Isobath_shell,1.140353406,103.9189669,2.5,2.5
4,Isobaths,Isobath_shell,1.140285104,103.9188189,2.5,2.5
4,Isobaths,Isobath_shell,1.140231981,103.918595,2.5,2.5
4,Isobaths,Isobath_shell,1.14019783,103.9184432,2.5,2.5
4,Isobaths,Isobath_shell,1.139765253,103.9184204,2.5,2.5
4,Isobaths,Isobath_shell,1.139583115,103.9187012,2.5,2.5
4,Isobaths,Isobath_shell,1.139404772,103.9188834,2.5,2.5
4,Isobaths,Isobath_shell,1.139234018,103.9190238,2.5,2.5
4,Isobaths,Isobath_shell,1.139044291,103.9191643,2.5,2.5
4,Isobaths,Isobath_shell,1.138858358,103.9193388,2.5,2.5
4,Isobaths,Isobath_shell,1.138602642,103.9196126,2.5,2.5
4,Isobaths,Isobath_shell,1.138503559,103.9197312,2.5,2.5
4,Isobaths,Isobath_shell,1.13842408,103.9198536,2.5,2.5
4,Isobaths,Isobath_shell,1.13822297,103.9198878,2.5,2.5
4,Isobaths,Isobath_shell,1.13793079,103.9197284,2.5,2.5
4,Isobaths,Isobath_shell,1.137862781,103.9197328,2.5,2.5
5,Isobaths,Isobath_shell,1.143211742,103.9148866,2.5,2.5
5,Isobaths,Isobath_shell,1.143216449,103.9148327,2.5,2.5
5,Isobaths,Isobath_shell,1.143229663,103.9147788,2.5,2.5
5,Isobaths,Isobath_shell,1.143351708,103.9144194,2.5,2.5
5,Isobaths,Isobath_shell,1.143352251,103.9143655,2.5,2.5
5,Isobaths,Isobath_shell,1.143343181,103.9143115,2.5,2.5
5,Isobaths,Isobath_shell,1.14332677,103.9142576,2.5,2.5
5,Isobaths,Isobath_shell,1.143288844,103.9141678,2.5,2.5
5,Isobaths,Isobath_shell,1.143290451,103.9140959,2.5,2.5
5,Isobaths,Isobath_shell,1.143315424,103.91406,2.5,2.5
5,Isobaths,Isobath_shell,1.143325151,103.914042,2.5,2.5
5,Isobaths,Isobath_shell,1.143325151,103.914024,2.5,2.5
5,Isobaths,Isobath_shell,1.143433675,103.914024,2.5,2.5
5,Isobaths,Isobath_shell,1.143451762,103.914042,2.5,2.5
5,Isobaths,Isobath_shell,1.143542199,103.914042,2.5,2.5
5,Isobaths,Isobath_shell,1.143560286,103.91406,2.5,2.5
5,Isobaths,Isobath_shell,1.143650723,103.91406,2.5,2.5
5,Isobaths,Isobath_shell,1.14366881,103.9140779,2.5,2.5
5,Isobaths,Isobath_shell,1.143759247,103.9140779,2.5,2.5
5,Isobaths,Isobath_shell,1.143777334,103.9140959,2.5,2.5
5,Isobaths,Isobath_shell,1.143867771,103.9140959,2.5,2.5
5,Isobaths,Isobath_shell,1.143885858,103.9141139,2.5,2.5
5,Isobaths,Isobath_shell,1.144012469,103.9141139,2.5,2.5
5,Isobaths,Isobath_shell,1.144012469,103.9140959,2.5,2.5
5,Isobaths,Isobath_shell,1.144030557,103.9140959,2.5,2.5
5,Isobaths,Isobath_shell,1.144030557,103.9140779,2.5,2.5
5,Isobaths,Isobath_shell,1.144048644,103.9140779,2.5,2.5
5,Isobaths,Isobath_shell,1.144048644,103.91406,2.5,2.5
5,Isobaths,Isobath_shell,1.144066731,103.91406,2.5,2.5
5,Isobaths,Isobath_shell,1.144066731,103.914042,2.5,2.5
5,Isobaths,Isobath_shell,1.144084819,103.914042,2.5,2.5
5,Isobaths,Isobath_shell,1.144084819,103.914024,2.5,2.5
5,Isobaths,Isobath_shell,1.144102906,103.914024,2.5,2.5
5,Isobaths,Isobath_shell,1.144102906,103.9140061,2.5,2.5
5,Isobaths,Isobath_shell,1.144120993,103.9140061,2.5,2.5
5,Isobaths,Isobath_shell,1.144120993,103.9139881,2.5,2.5
5,Isobaths,Isobath_shell,1.14413908,103.9139881,2.5,2.5
5,Isobaths,Isobath_shell,1.14413908,103.9139701,2.5,2.5
5,Isobaths,Isobath_shell,1.144157168,103.9139701,2.5,2.5
5,Isobaths,Isobath_shell,1.144157168,103.9139521,2.5,2.5
5,Isobaths,Isobath_shell,1.144175255,103.9139521,2.5,2.5
5,Isobaths,Isobath_shell,1.144175255,103.9139342,2.5,2.5
5,Isobaths,Isobath_shell,1.144193342,103.9139342,2.5,2.5
5,Isobaths,Isobath_shell,1.144193342,103.9139162,2.5,2.5
5,Isobaths,Isobath_shell,1.14421143,103.9139162,2.5,2.5
5,Isobaths,Isobath_shell,1.14421143,103.9138982,2.5,2.5
5,Isobaths,Isobath_shell,1.144229517,103.9138982,2.5,2.5
5,Isobaths,Isobath_shell,1.144229517,103.9138803,2.5,2.5
5,Isobaths,Isobath_shell,1.144247604,103.9138803,2.5,2.5
5,Isobaths,Isobath_shell,1.144247604,103.9138623,2.5,2.5
5,Isobaths,Isobath_shell,1.144265692,103.9138623,2.5,2.5
5,Isobaths,Isobath_shell,1.144265692,103.9138264,2.5,2.5
5,Isobaths,Isobath_shell,1.144283779,103.9138264,2.5,2.5
5,Isobaths,Isobath_shell,1.144283779,103.9138084,2.5,2.5
5,Isobaths,Isobath_shell,1.144301866,103.9138084,2.5,2.5
5,Isobaths,Isobath_shell,1.144301866,103.9137904,2.5,2.5
5,Isobaths,Isobath_shell,1.144319954,103.9137904,2.5,2.5
5,Isobaths,Isobath_shell,1.144319954,103.9137724,2.5,2.5
5,Isobaths,Isobath_shell,1.144338041,103.9137724,2.5,2.5
5,Isobaths,Isobath_shell,1.144338041,103.9137545,2.5,2.5
5,Isobaths,Isobath_shell,1.144356128,103.9137545,2.5,2.5
5,Isobaths,Isobath_shell,1.144356128,103.9137365,2.5,2.5
5,Isobaths,Isobath_shell,1.144374216,103.9137365,2.5,2.5
5,Isobaths,Isobath_shell,1.144374216,103.9137185,2.5,2.5
5,Isobaths,Isobath_shell,1.144392303,103.9137185,2.5,2.5
5,Isobaths,Isobath_shell,1.144392303,103.9137006,2.5,2.5
5,Isobaths,Isobath_shell,1.14441039,103.9137006,2.5,2.5
5,Isobaths,Isobath_shell,1.14441039,103.9136826,2.5,2.5
5,Isobaths,Isobath_shell,1.144428478,103.9136826,2.5,2.5
5,Isobaths,Isobath_shell,1.144428478,103.9136646,2.5,2.5
5,Isobaths,Isobath_shell,1.144446565,103.9136646,2.5,2.5
5,Isobaths,Isobath_shell,1.144446565,103.9136467,2.5,2.5
5,Isobaths,Isobath_shell,1.144464652,103.9136467,2.5,2.5
5,Isobaths,Isobath_shell,1.144464652,103.9136287,2.5,2.5
5,Isobaths,Isobath_shell,1.14448274,103.9136287,2.5,2.5
5,Isobaths,Isobath_shell,1.14448274,103.9136107,2.5,2.5
5,Isobaths,Isobath_shell,1.144500827,103.9136107,2.5,2.5
5,Isobaths,Isobath_shell,1.144500827,103.9135927,2.5,2.5
5,Isobaths,Isobath_shell,1.144518914,103.9135927,2.5,2.5
5,Isobaths,Isobath_shell,1.144518914,103.9135748,2.5,2.5
5,Isobaths,Isobath_shell,1.144537001,103.9135748,2.5,2.5
5,Isobaths,Isobath_shell,1.144537001,103.9135568,2.5,2.5
5,Isobaths,Isobath_shell,1.144555089,103.9135568,2.5,2.5
5,Isobaths,Isobath_shell,1.144555089,103.9135388,2.5,2.5
5,Isobaths,Isobath_shell,1.144573176,103.9135388,2.5,2.5
5,Isobaths,Isobath_shell,1.144573176,103.9135029,2.5,2.5
5,Isobaths,Isobath_shell,1.144591263,103.9135029,2.5,2.5
5,Isobaths,Isobath_shell,1.144591263,103.9134849,2.5,2.5
5,Isobaths,Isobath_shell,1.144609351,103.9134849,2.5,2.5
5,Isobaths,Isobath_shell,1.144609351,103.913467,2.5,2.5
5,Isobaths,Isobath_shell,1.144627438,103.913467,2.5,2.5
5,Isobaths,Isobath_shell,1.144627438,103.913449,2.5,2.5
5,Isobaths,Isobath_shell,1.144645525,103.913449,2.5,2.5
5,Isobaths,Isobath_shell,1.144645525,103.913431,2.5,2.5
5,Isobaths,Isobath_shell,1.144663613,103.913431,2.5,2.5
5,Isobaths,Isobath_shell,1.144663613,103.913413,2.5,2.5
5,Isobaths,Isobath_shell,1.1446817,103.913413,2.5,2.5
5,Isobaths,Isobath_shell,1.1446817,103.9133951,2.5,2.5
5,Isobaths,Isobath_shell,1.144699787,103.9133951,2.5,2.5
5,Isobaths,Isobath_shell,1.144699787,103.9133771,2.5,2.5
5,Isobaths,Isobath_shell,1.144717875,103.9133771,2.5,2.5
5,Isobaths,Isobath_shell,1.144717875,103.9133591,2.5,2.5
5,Isobaths,Isobath_shell,1.144735962,103.9133591,2.5,2.5
5,Isobaths,Isobath_shell,1.144735962,103.9133412,2.5,2.5
5,Isobaths,Isobath_shell,1.144754049,103.9133412,2.5,2.5
5,Isobaths,Isobath_shell,1.144754049,103.9133232,2.5,2.5
5,Isobaths,Isobath_shell,1.144772137,103.9133232,2.5,2.5
5,Isobaths,Isobath_shell,1.144772137,103.9133052,2.5,2.5
5,Isobaths,Isobath_shell,1.144790224,103.9133052,2.5,2.5
5,Isobaths,Isobath_shell,1.144790224,103.9132873,2.5,2.5
5,Isobaths,Isobath_shell,1.14479149,103.9133052,2.5,2.5
5,Isobaths,Isobath_shell,1.144790504,103.9133412,2.5,2.5
5,Isobaths,Isobath_shell,1.144572959,103.9136107,2.5,2.5
5,Isobaths,Isobath_shell,1.144485977,103.9137365,2.5,2.5
5,Isobaths,Isobath_shell,1.14442749,103.9138443,2.5,2.5
5,Isobaths,Isobath_shell,1.144413825,103.9138803,2.5,2.5
5,Isobaths,Isobath_shell,1.14441039,103.9139162,2.5,2.5
5,Isobaths,Isobath_shell,1.144427798,103.9139521,2.5,2.5
5,Isobaths,Isobath_shell,1.14444943,103.9139701,2.5,2.5
5,Isobaths,Isobath_shell,1.144754049,103.9141018,2.5,2.5
5,Isobaths,Isobath_shell,1.145007272,103.9142793,2.5,2.5
5,Isobaths,Isobath_shell,1.145040018,103.9143295,2.5,2.5
5,Isobaths,Isobath_shell,1.145044746,103.9143655,2.5,2.5
5,Isobaths,Isobath_shell,1.145037625,103.9144373,2.5,2.5
5,Isobaths,Isobath_shell,1.145056731,103.9144912,2.5,2.5
5,Isobaths,Isobath_shell,1.145084774,103.9145272,2.5,2.5
5,Isobaths,Isobath_shell,1.145123845,103.9145631,2.5,2.5
5,Isobaths,Isobath_shell,1.145260494,103.9146748,2.5,2.5
5,Isobaths,Isobath_shell,1.145369018,103.9147539,2.5,2.5
5,Isobaths,Isobath_shell,1.145405193,103.9147897,2.5,2.5
5,Isobaths,Isobath_shell,1.145441367,103.9148489,2.5,2.5
5,Isobaths,Isobath_shell,1.145549891,103.9150799,2.5,2.5
5,Isobaths,Isobath_shell,1.145640328,103.91521,2.5,2.5
5,Isobaths,Isobath_shell,1.14569459,103.91521,2.5,2.5
5,Isobaths,Isobath_shell,1.145712677,103.9151921,2.5,2.5
5,Isobaths,Isobath_shell,1.145766939,103.9151921,2.5,2.5
5,Isobaths,Isobath_shell,1.145785026,103.91521,2.5,2.5
5,Isobaths,Isobath_shell,1.145839288,103.91521,2.5,2.5
5,Isobaths,Isobath_shell,1.145857376,103.915228,2.5,2.5
5,Isobaths,Isobath_shell,1.145877724,103.915228,2.5,2.5
5,Isobaths,Isobath_shell,1.145875463,103.9153215,2.5,2.5
5,Isobaths,Isobath_shell,1.145857376,103.9153179,2.5,2.5
5,Isobaths,Isobath_shell,1.145803114,103.9153738,2.5,2.5
5,Isobaths,Isobath_shell,1.145741985,103.9154796,2.5,2.5
5,Isobaths,Isobath_shell,1.145714841,103.9155155,2.5,2.5
5,Isobaths,Isobath_shell,1.145549891,103.9157109,2.5,2.5
5,Isobaths,Isobath_shell,1.145495629,103.9157506,2.5,2.5
5,Isobaths,Isobath_shell,1.145405193,103.9157826,2.5,2.5
5,Isobaths,Isobath_shell,1.145350931,103.9157895,2.5,2.5
5,Isobaths,Isobath_shell,1.145278581,103.9157777,2.5,2.5
5,Isobaths,Isobath_shell,1.14522432,103.9157556,2.5,2.5
5,Isobaths,Isobath_shell,1.144956134,103.9155694,2.5,2.5
5,Isobaths,Isobath_shell,1.144717875,103.9153858,2.5,2.5
5,Isobaths,Isobath_shell,1.144627438,103.915302,2.5,2.5
5,Isobaths,Isobath_shell,1.144591263,103.9152813,2.5,2.5
5,Isobaths,Isobath_shell,1.144555089,103.9152802,2.5,2.5
5,Isobaths,Isobath_shell,1.144537001,103.9152881,2.5,2.5
5,Isobaths,Isobath_shell,1.144446565,103.915377,2.5,2.5
5,Isobaths,Isobath_shell,1.144392303,103.9154071,2.5,2.5
5,Isobaths,Isobath_shell,1.144338041,103.9154255,2.5,2.5
5,Isobaths,Isobath_shell,1.143958207,103.9154873,2.5,2.5
5,Isobaths,Isobath_shell,1.143813509,103.9155228,2.5,2.5
5,Isobaths,Isobath_shell,1.143723072,103.9155306,2.5,2.5
5,Isobaths,Isobath_shell,1.143632636,103.9155072,2.5,2.5
5,Isobaths,Isobath_shell,1.143302757,103.915264,2.5,2.5
5,Isobaths,Isobath_shell,1.143264664,103.915228,2.5,2.5
5,Isobaths,Isobath_shell,1.143236148,103.9151741,2.5,2.5
5,Isobaths,Isobath_shell,1.143234942,103.9150483,2.5,2.5
5,Isobaths,Isobath_shell,1.143211742,103.9148866,2.5,2.5
6,Isobaths,Isobath_shell,1.137862781,103.920026,2.5,2.5
6,Isobaths,Isobath_shell,1.137862781,103.9197454,2.5,2.5
6,Isobaths,Isobath_shell,1.138058484,103.9213444,2.5,2.5
6,Isobaths,Isobath_shell,1.141591532,103.921841,2.5,2.5
6,Isobaths,Isobath_shell,1.141136586,103.921841,2.5,2.5
6,Isobaths,Isobath_shell,1.141118498,103.921823,2.5,2.5
6,Isobaths,Isobath_shell,1.141009975,103.921823,2.5,2.5
6,Isobaths,Isobath_shell,1.140991887,103.921805,2.5,2.5
6,Isobaths,Isobath_shell,1.140883363,103.921805,2.5,2.5
6,Isobaths,Isobath_shell,1.140865276,103.921787,2.5,2.5
6,Isobaths,Isobath_shell,1.140756752,103.921787,2.5,2.5
6,Isobaths,Isobath_shell,1.140738665,103.9217691,2.5,2.5
6,Isobaths,Isobath_shell,1.140630141,103.9217691,2.5,2.5
6,Isobaths,Isobath_shell,1.140612054,103.9217511,2.5,2.5
6,Isobaths,Isobath_shell,1.14050353,103.9217511,2.5,2.5
6,Isobaths,Isobath_shell,1.140485442,103.9217331,2.5,2.5
6,Isobaths,Isobath_shell,1.140376918,103.9217331,2.5,2.5
6,Isobaths,Isobath_shell,1.140358831,103.9217152,2.5,2.5
6,Isobaths,Isobath_shell,1.140250307,103.9217152,2.5,2.5
6,Isobaths,Isobath_shell,1.14023222,103.9216972,2.5,2.5
6,Isobaths,Isobath_shell,1.140123696,103.9216972,2.5,2.5
6,Isobaths,Isobath_shell,1.140105609,103.9216792,2.5,2.5
6,Isobaths,Isobath_shell,1.139997085,103.9216792,2.5,2.5
6,Isobaths,Isobath_shell,1.139978997,103.9216613,2.5,2.5
6,Isobaths,Isobath_shell,1.139852386,103.9216613,2.5,2.5
6,Isobaths,Isobath_shell,1.139834299,103.9216433,2.5,2.5
6,Isobaths,Isobath_shell,1.139725775,103.9216433,2.5,2.5
6,Isobaths,Isobath_shell,1.139707688,103.9216253,2.5,2.5
6,Isobaths,Isobath_shell,1.139599164,103.9216253,2.5,2.5
6,Isobaths,Isobath_shell,1.139581076,103.9216073,2.5,2.5
6,Isobaths,Isobath_shell,1.139472553,103.9216073,2.5,2.5
6,Isobaths,Isobath_shell,1.139454465,103.9215894,2.5,2.5
6,Isobaths,Isobath_shell,1.139345941,103.9215894,2.5,2.5
6,Isobaths,Isobath_shell,1.139327854,103.9215714,2.5,2.5
6,Isobaths,Isobath_shell,1.13921933,103.9215714,2.5,2.5
6,Isobaths,Isobath_shell,1.139201243,103.9215534,2.5,2.5
6,Isobaths,Isobath_shell,1.139092719,103.9215534,2.5,2.5
6,Isobaths,Isobath_shell,1.139074632,103.9215355,2.5,2.5
6,Isobaths,Isobath_shell,1.138966108,103.9215355,2.5,2.5
6,Isobaths,Isobath_shell,1.13894802,103.9215175,2.5,2.5
6,Isobaths,Isobath_shell,1.138839496,103.9215175,2.5,2.5
6,Isobaths,Isobath_shell,1.138821409,103.9214995,2.5,2.5
6,Isobaths,Isobath_shell,1.138712885,103.9214995,2.5,2.5
6,Isobaths,Isobath_shell,1.138694798,103.9214816,2.5,2.5
6,Isobaths,Isobath_shell,1.138586274,103.9214816,2.5,2.5
6,Isobaths,Isobath_shell,1.138568187,103.9214636,2.5,2.5
6,Isobaths,Isobath_shell,1.138459663,103.9214636,2.5,2.5
6,Isobaths,Isobath_shell,1.138441575,103.9214456,2.5,2.5
6,Isobaths,Isobath_shell,1.138333052,103.9214456,2.5,2.5
6,Isobaths,Isobath_shell,1.138314964,103.9214276,2.5,2.5
6,Isobaths,Isobath_shell,1.13820644,103.9214276,2.5,2.5
6,Isobaths,Isobath_shell,1.138188353,103.9214097,2.5,2.5
6,Isobaths,Isobath_shell,1.138061742,103.9214097,2.5,2.5
6,Isobaths,Isobath_shell,1.138061742,103.9213917,2.5,2.5
6,Isobaths,Isobath_shell,1.138043654,103.9213737,2.5,2.5
6,Isobaths,Isobath_shell,1.138043654,103.9213558,2.5,2.5
6,Isobaths,Isobath_shell,1.138025567,103.9213378,2.5,2.5
6,Isobaths,Isobath_shell,1.138025567,103.921194,2.5,2.5
6,Isobaths,Isobath_shell,1.13800748,103.9211761,2.5,2.5
6,Isobaths,Isobath_shell,1.13800748,103.9210503,2.5,2.5
6,Isobaths,Isobath_shell,1.137989393,103.9210323,2.5,2.5
6,Isobaths,Isobath_shell,1.137989393,103.9209065,2.5,2.5
6,Isobaths,Isobath_shell,1.137971305,103.9208885,2.5,2.5
6,Isobaths,Isobath_shell,1.137971305,103.9207628,2.5,2.5
6,Isobaths,Isobath_shell,1.137953218,103.9207448,2.5,2.5
6,Isobaths,Isobath_shell,1.137953218,103.920619,2.5,2.5
6,Isobaths,Isobath_shell,1.137935131,103.920601,2.5,2.5
6,Isobaths,Isobath_shell,1.137935131,103.9204752,2.5,2.5
6,Isobaths,Isobath_shell,1.137917043,103.9204573,2.5,2.5
6,Isobaths,Isobath_shell,1.137917043,103.9203315,2.5,2.5
6,Isobaths,Isobath_shell,1.137898956,103.9203135,2.5,2.5
6,Isobaths,Isobath_shell,1.137898956,103.9201877,2.5,2.5
6,Isobaths,Isobath_shell,1.137880869,103.9201697,2.5,2.5
6,Isobaths,Isobath_shell,1.137880869,103.920044,2.5,2.5
6,Isobaths,Isobath_shell,1.137862781,103.920026,2.5,2.5
7,Isobaths,Isobath_shell,1.147666107,103.8931609,2.5,2.5
7,Isobaths,Isobath_shell,1.147666107,103.8931429,2.5,2.5
7,Isobaths,Isobath_shell,1.147684195,103.8931429,2.5,2.5
7,Isobaths,Isobath_shell,1.147684195,103.8930711,2.5,2.5
7,Isobaths,Isobath_shell,1.147702282,103.8930711,2.5,2.5
7,Isobaths,Isobath_shell,1.147702282,103.8929992,2.5,2.5
7,Isobaths,Isobath_shell,1.147720369,103.8929992,2.5,2.5
7,Isobaths,Isobath_shell,1.147720369,103.8929093,2.5,2.5
7,Isobaths,Isobath_shell,1.147738457,103.8929093,2.5,2.5
7,Isobaths,Isobath_shell,1.147738457,103.8928375,2.5,2.5
7,Isobaths,Isobath_shell,1.147756544,103.8928375,2.5,2.5
7,Isobaths,Isobath_shell,1.147756544,103.8927476,2.5,2.5
7,Isobaths,Isobath_shell,1.147774631,103.8927476,2.5,2.5
7,Isobaths,Isobath_shell,1.147774631,103.8926757,2.5,2.5
7,Isobaths,Isobath_shell,1.147792719,103.8926757,2.5,2.5
7,Isobaths,Isobath_shell,1.147792719,103.8926038,2.5,2.5
7,Isobaths,Isobath_shell,1.147810806,103.8926038,2.5,2.5
7,Isobaths,Isobath_shell,1.147810806,103.892514,2.5,2.5
7,Isobaths,Isobath_shell,1.147828893,103.892514,2.5,2.5
7,Isobaths,Isobath_shell,1.147828893,103.8924421,2.5,2.5
7,Isobaths,Isobath_shell,1.14784698,103.8924421,2.5,2.5
7,Isobaths,Isobath_shell,1.14784698,103.8923523,2.5,2.5
7,Isobaths,Isobath_shell,1.147865068,103.8923523,2.5,2.5
7,Isobaths,Isobath_shell,1.147865068,103.8922804,2.5,2.5
7,Isobaths,Isobath_shell,1.147883155,103.8922804,2.5,2.5
7,Isobaths,Isobath_shell,1.147883155,103.8921905,2.5,2.5
7,Isobaths,Isobath_shell,1.147901242,103.8921905,2.5,2.5
7,Isobaths,Isobath_shell,1.147901242,103.8921726,2.5,2.5
7,Isobaths,Isobath_shell,1.14791933,103.8921726,2.5,2.5
7,Isobaths,Isobath_shell,1.14791933,103.8921546,2.5,2.5
7,Isobaths,Isobath_shell,1.147937417,103.8921546,2.5,2.5
7,Isobaths,Isobath_shell,1.147937417,103.8921366,2.5,2.5
7,Isobaths,Isobath_shell,1.148841783,103.8921366,2.5,2.5
7,Isobaths,Isobath_shell,1.148841783,103.8921187,2.5,2.5
7,Isobaths,Isobath_shell,1.149764236,103.8921187,2.5,2.5
7,Isobaths,Isobath_shell,1.149764236,103.8921007,2.5,2.5
7,Isobaths,Isobath_shell,1.150686689,103.8921007,2.5,2.5
7,Isobaths,Isobath_shell,1.150686689,103.8920827,2.5,2.5
7,Isobaths,Isobath_shell,1.151609142,103.8920827,2.5,2.5
7,Isobaths,Isobath_shell,1.151609142,103.8920647,2.5,2.5
7,Isobaths,Isobath_shell,1.155317042,103.8920647,2.5,2.5
7,Isobaths,Isobath_shell,1.155335129,103.8920827,2.5,2.5
7,Isobaths,Isobath_shell,1.155335129,103.8921187,2.5,2.5
7,Isobaths,Isobath_shell,1.155353217,103.8921366,2.5,2.5
7,Isobaths,Isobath_shell,1.155353217,103.8921726,2.5,2.5
7,Isobaths,Isobath_shell,1.155371304,103.8921905,2.5,2.5
7,Isobaths,Isobath_shell,1.155371304,103.8922085,2.5,2.5
7,Isobaths,Isobath_shell,1.155389391,103.8922265,2.5,2.5
7,Isobaths,Isobath_shell,1.155389391,103.8922624,2.5,2.5
7,Isobaths,Isobath_shell,1.155407479,103.8922804,2.5,2.5
7,Isobaths,Isobath_shell,1.155407479,103.8922984,2.5,2.5
7,Isobaths,Isobath_shell,1.155425566,103.8923163,2.5,2.5
7,Isobaths,Isobath_shell,1.155425566,103.8923523,2.5,2.5
7,Isobaths,Isobath_shell,1.155443653,103.8923702,2.5,2.5
7,Isobaths,Isobath_shell,1.155443653,103.8923882,2.5,2.5
7,Isobaths,Isobath_shell,1.155461741,103.8924062,2.5,2.5
7,Isobaths,Isobath_shell,1.155461741,103.8924421,2.5,2.5
7,Isobaths,Isobath_shell,1.155479828,103.8924601,2.5,2.5
7,Isobaths,Isobath_shell,1.155479828,103.892496,2.5,2.5
7,Isobaths,Isobath_shell,1.155497915,103.892514,2.5,2.5
7,Isobaths,Isobath_shell,1.155497915,103.892532,2.5,2.5
7,Isobaths,Isobath_shell,1.155516003,103.8925499,2.5,2.5
7,Isobaths,Isobath_shell,1.155516003,103.8925859,2.5,2.5
7,Isobaths,Isobath_shell,1.15553409,103.8926038,2.5,2.5
7,Isobaths,Isobath_shell,1.15553409,103.8926218,2.5,2.5
7,Isobaths,Isobath_shell,1.155552177,103.8926398,2.5,2.5
7,Isobaths,Isobath_shell,1.155552177,103.8926757,2.5,2.5
7,Isobaths,Isobath_shell,1.155570264,103.8926937,2.5,2.5
7,Isobaths,Isobath_shell,1.155570264,103.8927117,2.5,2.5
7,Isobaths,Isobath_shell,1.155588352,103.8927296,2.5,2.5
7,Isobaths,Isobath_shell,1.155588352,103.8927656,2.5,2.5
7,Isobaths,Isobath_shell,1.155606439,103.8927835,2.5,2.5
7,Isobaths,Isobath_shell,1.155606439,103.8928195,2.5,2.5
7,Isobaths,Isobath_shell,1.155624526,103.8928375,2.5,2.5
7,Isobaths,Isobath_shell,1.155624526,103.8928554,2.5,2.5
7,Isobaths,Isobath_shell,1.155642614,103.8928734,2.5,2.5
7,Isobaths,Isobath_shell,1.155642614,103.8929093,2.5,2.5
7,Isobaths,Isobath_shell,1.155660701,103.8929273,2.5,2.5
7,Isobaths,Isobath_shell,1.155660701,103.8929453,2.5,2.5
7,Isobaths,Isobath_shell,1.155678788,103.8929632,2.5,2.5
7,Isobaths,Isobath_shell,1.155678788,103.8929992,2.5,2.5
7,Isobaths,Isobath_shell,1.155696876,103.8930172,2.5,2.5
7,Isobaths,Isobath_shell,1.155696876,103.8930351,2.5,2.5
7,Isobaths,Isobath_shell,1.155714963,103.8930531,2.5,2.5
7,Isobaths,Isobath_shell,1.155714963,103.893089,2.5,2.5
7,Isobaths,Isobath_shell,1.15573305,103.893107,2.5,2.5
7,Isobaths,Isobath_shell,1.15573305,103.8931429,2.5,2.5
7,Isobaths,Isobath_shell,1.155751138,103.8931609,2.5,2.5
7,Isobaths,Isobath_shell,1.155751138,103.8931789,2.5,2.5
7,Isobaths,Isobath_shell,1.155769225,103.8931969,2.5,2.5
7,Isobaths,Isobath_shell,1.155769225,103.8932328,2.5,2.5
7,Isobaths,Isobath_shell,1.155787312,103.8932508,2.5,2.5
7,Isobaths,Isobath_shell,1.155787312,103.8932687,2.5,2.5
7,Isobaths,Isobath_shell,1.1558054,103.8932867,2.5,2.5
7,Isobaths,Isobath_shell,1.1558054,103.8933226,2.5,2.5
7,Isobaths,Isobath_shell,1.155823487,103.8933406,2.5,2.5
7,Isobaths,Isobath_shell,1.155823487,103.8933586,2.5,2.5
7,Isobaths,Isobath_shell,1.155841574,103.8933766,2.5,2.5
7,Isobaths,Isobath_shell,1.155841574,103.8934125,2.5,2.5
7,Isobaths,Isobath_shell,1.155859662,103.8934305,2.5,2.5
7,Isobaths,Isobath_shell,1.155859662,103.8934484,2.5,2.5
7,Isobaths,Isobath_shell,1.155877749,103.8934664,2.5,2.5
7,Isobaths,Isobath_shell,1.155877749,103.8935023,2.5,2.5
7,Isobaths,Isobath_shell,1.155859662,103.8935023,2.5,2.5
7,Isobaths,Isobath_shell,1.155859662,103.8935742,2.5,2.5
7,Isobaths,Isobath_shell,1.155841574,103.8935742,2.5,2.5
7,Isobaths,Isobath_shell,1.155841574,103.8936641,2.5,2.5
7,Isobaths,Isobath_shell,1.155823487,103.8936641,2.5,2.5
7,Isobaths,Isobath_shell,1.155823487,103.8937539,2.5,2.5
7,Isobaths,Isobath_shell,1.1558054,103.8937539,2.5,2.5
7,Isobaths,Isobath_shell,1.1558054,103.8938258,2.5,2.5
7,Isobaths,Isobath_shell,1.155787312,103.8938258,2.5,2.5
7,Isobaths,Isobath_shell,1.155769225,103.8938436,2.5,2.5
7,Isobaths,Isobath_shell,1.155678788,103.8938304,2.5,2.5
7,Isobaths,Isobath_shell,1.155642614,103.8938353,2.5,2.5
7,Isobaths,Isobath_shell,1.155588352,103.8938649,2.5,2.5
7,Isobaths,Isobath_shell,1.155497915,103.8939404,2.5,2.5
7,Isobaths,Isobath_shell,1.155142593,103.894293,2.5,2.5
7,Isobaths,Isobath_shell,1.155041933,103.8943829,2.5,2.5
7,Isobaths,Isobath_shell,1.155001367,103.8944368,2.5,2.5
7,Isobaths,Isobath_shell,1.154959844,103.8945087,2.5,2.5
7,Isobaths,Isobath_shell,1.154917282,103.8946345,2.5,2.5
7,Isobaths,Isobath_shell,1.154889583,103.8946884,2.5,2.5
7,Isobaths,Isobath_shell,1.154834901,103.8947423,2.5,2.5
7,Isobaths,Isobath_shell,1.154736233,103.8948142,2.5,2.5
7,Isobaths,Isobath_shell,1.154665899,103.8948285,2.5,2.5
7,Isobaths,Isobath_shell,1.154575462,103.894814,2.5,2.5
7,Isobaths,Isobath_shell,1.154539287,103.8947878,2.5,2.5
7,Isobaths,Isobath_shell,1.154485026,103.894706,2.5,2.5
7,Isobaths,Isobath_shell,1.154448851,103.8946764,2.5,2.5
7,Isobaths,Isobath_shell,1.154376502,103.8946336,2.5,2.5
7,Isobaths,Isobath_shell,1.15432224,103.8946075,2.5,2.5
7,Isobaths,Isobath_shell,1.154267978,103.8945916,2.5,2.5
7,Isobaths,Isobath_shell,1.154177541,103.8945773,2.5,2.5
7,Isobaths,Isobath_shell,1.154105192,103.8945815,2.5,2.5
7,Isobaths,Isobath_shell,1.153488061,103.8948321,2.5,2.5
7,Isobaths,Isobath_shell,1.15311039,103.8949998,2.5,2.5
7,Isobaths,Isobath_shell,1.152983778,103.8950465,2.5,2.5
7,Isobaths,Isobath_shell,1.152802905,103.8951515,2.5,2.5
7,Isobaths,Isobath_shell,1.152748643,103.8951746,2.5,2.5
7,Isobaths,Isobath_shell,1.152676294,103.895177,2.5,2.5
7,Isobaths,Isobath_shell,1.152332635,103.895074,2.5,2.5
7,Isobaths,Isobath_shell,1.152242198,103.8950585,2.5,2.5
7,Isobaths,Isobath_shell,1.151808103,103.8951077,2.5,2.5
7,Isobaths,Isobath_shell,1.151645317,103.8951392,2.5,2.5
7,Isobaths,Isobath_shell,1.15155488,103.8951765,2.5,2.5
7,Isobaths,Isobath_shell,1.151500618,103.895216,2.5,2.5
7,Isobaths,Isobath_shell,1.15147035,103.8952634,2.5,2.5
7,Isobaths,Isobath_shell,1.151403031,103.8954251,2.5,2.5
7,Isobaths,Isobath_shell,1.151374007,103.8954683,2.5,2.5
7,Isobaths,Isobath_shell,1.151337833,103.8955,2.5,2.5
7,Isobaths,Isobath_shell,1.151156959,103.8955915,2.5,2.5
7,Isobaths,Isobath_shell,1.151102697,103.895609,2.5,2.5
7,Isobaths,Isobath_shell,1.151048435,103.8956024,2.5,2.5
7,Isobaths,Isobath_shell,1.150939912,103.8955572,2.5,2.5
7,Isobaths,Isobath_shell,1.150903737,103.8955538,2.5,2.5
7,Isobaths,Isobath_shell,1.150864343,103.8955689,2.5,2.5
7,Isobaths,Isobath_shell,1.15085465,103.8955869,2.5,2.5
7,Isobaths,Isobath_shell,1.15085465,103.8956228,2.5,2.5
7,Isobaths,Isobath_shell,1.150849475,103.895625,2.5,2.5
7,Isobaths,Isobath_shell,1.150849475,103.8956048,2.5,2.5
7,Isobaths,Isobath_shell,1.150831388,103.8955869,2.5,2.5
7,Isobaths,Isobath_shell,1.150831388,103.8955689,2.5,2.5
7,Isobaths,Isobath_shell,1.1508133,103.8955509,2.5,2.5
7,Isobaths,Isobath_shell,1.1508133,103.895515,2.5,2.5
7,Isobaths,Isobath_shell,1.150795213,103.895497,2.5,2.5
7,Isobaths,Isobath_shell,1.150795213,103.895479,2.5,2.5
7,Isobaths,Isobath_shell,1.150777126,103.8954611,2.5,2.5
7,Isobaths,Isobath_shell,1.150777126,103.8954251,2.5,2.5
7,Isobaths,Isobath_shell,1.150759038,103.8954072,2.5,2.5
7,Isobaths,Isobath_shell,1.150759038,103.8953892,2.5,2.5
7,Isobaths,Isobath_shell,1.150740951,103.8953712,2.5,2.5
7,Isobaths,Isobath_shell,1.150740951,103.8953353,2.5,2.5
7,Isobaths,Isobath_shell,1.150722864,103.8953173,2.5,2.5
7,Isobaths,Isobath_shell,1.150722864,103.8952993,2.5,2.5
7,Isobaths,Isobath_shell,1.150704776,103.8952814,2.5,2.5
7,Isobaths,Isobath_shell,1.150704776,103.8952454,2.5,2.5
7,Isobaths,Isobath_shell,1.150686689,103.8952275,2.5,2.5
7,Isobaths,Isobath_shell,1.150686689,103.8952095,2.5,2.5
7,Isobaths,Isobath_shell,1.150668602,103.8951915,2.5,2.5
7,Isobaths,Isobath_shell,1.150668602,103.8951556,2.5,2.5
7,Isobaths,Isobath_shell,1.150650515,103.8951376,2.5,2.5
7,Isobaths,Isobath_shell,1.150632427,103.8951196,2.5,2.5
7,Isobaths,Isobath_shell,1.150632427,103.8951017,2.5,2.5
7,Isobaths,Isobath_shell,1.150596253,103.8950657,2.5,2.5
7,Isobaths,Isobath_shell,1.150596253,103.8950478,2.5,2.5
7,Isobaths,Isobath_shell,1.150578165,103.8950298,2.5,2.5
7,Isobaths,Isobath_shell,1.150541991,103.8949938,2.5,2.5
7,Isobaths,Isobath_shell,1.150541991,103.8949759,2.5,2.5
7,Isobaths,Isobath_shell,1.150523903,103.8949579,2.5,2.5
7,Isobaths,Isobath_shell,1.150487729,103.894922,2.5,2.5
7,Isobaths,Isobath_shell,1.150487729,103.894904,2.5,2.5
7,Isobaths,Isobath_shell,1.150469641,103.894886,2.5,2.5
7,Isobaths,Isobath_shell,1.150433467,103.8948501,2.5,2.5
7,Isobaths,Isobath_shell,1.150433467,103.8948321,2.5,2.5
7,Isobaths,Isobath_shell,1.150415379,103.8948142,2.5,2.5
7,Isobaths,Isobath_shell,1.150379205,103.8947782,2.5,2.5
7,Isobaths,Isobath_shell,1.150379205,103.8947602,2.5,2.5
7,Isobaths,Isobath_shell,1.150361117,103.8947423,2.5,2.5
7,Isobaths,Isobath_shell,1.15034303,103.8947243,2.5,2.5
7,Isobaths,Isobath_shell,1.15034303,103.8947063,2.5,2.5
7,Isobaths,Isobath_shell,1.150306856,103.8946704,2.5,2.5
7,Isobaths,Isobath_shell,1.150288768,103.8946524,2.5,2.5
7,Isobaths,Isobath_shell,1.150270681,103.8946345,2.5,2.5
7,Isobaths,Isobath_shell,1.150252594,103.8946165,2.5,2.5
7,Isobaths,Isobath_shell,1.150234506,103.8945985,2.5,2.5
7,Isobaths,Isobath_shell,1.150198332,103.8945626,2.5,2.5
7,Isobaths,Isobath_shell,1.150180244,103.8945446,2.5,2.5
7,Isobaths,Isobath_shell,1.15014407,103.8945087,2.5,2.5
7,Isobaths,Isobath_shell,1.150125982,103.8944907,2.5,2.5
7,Isobaths,Isobath_shell,1.150089808,103.8944548,2.5,2.5
7,Isobaths,Isobath_shell,1.15007172,103.8944368,2.5,2.5
7,Isobaths,Isobath_shell,1.150035546,103.8944008,2.5,2.5
7,Isobaths,Isobath_shell,1.150017458,103.8943829,2.5,2.5
7,Isobaths,Isobath_shell,1.149999371,103.8943649,2.5,2.5
7,Isobaths,Isobath_shell,1.149981284,103.8943649,2.5,2.5
7,Isobaths,Isobath_shell,1.149963197,103.8943469,2.5,2.5
7,Isobaths,Isobath_shell,1.149945109,103.894329,2.5,2.5
7,Isobaths,Isobath_shell,1.149908935,103.894293,2.5,2.5
7,Isobaths,Isobath_shell,1.149890847,103.8942751,2.5,2.5
7,Isobaths,Isobath_shell,1.14987276,103.8942571,2.5,2.5
7,Isobaths,Isobath_shell,1.149854673,103.8942391,2.5,2.5
7,Isobaths,Isobath_shell,1.149836585,103.8942211,2.5,2.5
7,Isobaths,Isobath_shell,1.149800411,103.8941852,2.5,2.5
7,Isobaths,Isobath_shell,1.149782323,103.8941672,2.5,2.5
7,Isobaths,Isobath_shell,1.149746149,103.8941313,2.5,2.5
7,Isobaths,Isobath_shell,1.149728061,103.8941133,2.5,2.5
7,Isobaths,Isobath_shell,1.149691887,103.8940774,2.5,2.5
7,Isobaths,Isobath_shell,1.149673799,103.8940774,2.5,2.5
7,Isobaths,Isobath_shell,1.149619538,103.8940235,2.5,2.5
7,Isobaths,Isobath_shell,1.14960145,103.8940055,2.5,2.5
7,Isobaths,Isobath_shell,1.149565276,103.8939696,2.5,2.5
7,Isobaths,Isobath_shell,1.149547188,103.8939516,2.5,2.5
7,Isobaths,Isobath_shell,1.149511014,103.8939157,2.5,2.5
7,Isobaths,Isobath_shell,1.149492926,103.8938977,2.5,2.5
7,Isobaths,Isobath_shell,1.149456752,103.8938617,2.5,2.5
7,Isobaths,Isobath_shell,1.149438664,103.8938438,2.5,2.5
7,Isobaths,Isobath_shell,1.14940249,103.8938078,2.5,2.5
7,Isobaths,Isobath_shell,1.149384402,103.8937899,2.5,2.5
7,Isobaths,Isobath_shell,1.149366315,103.8937899,2.5,2.5
7,Isobaths,Isobath_shell,1.149348228,103.8937719,2.5,2.5
7,Isobaths,Isobath_shell,1.14933014,103.8937719,2.5,2.5
7,Isobaths,Isobath_shell,1.149312053,103.8937539,2.5,2.5
7,Isobaths,Isobath_shell,1.149275878,103.8937539,2.5,2.5
7,Isobaths,Isobath_shell,1.149257791,103.893736,2.5,2.5
7,Isobaths,Isobath_shell,1.149221617,103.893736,2.5,2.5
7,Isobaths,Isobath_shell,1.149203529,103.893718,2.5,2.5
7,Isobaths,Isobath_shell,1.149167355,103.893718,2.5,2.5
7,Isobaths,Isobath_shell,1.149149267,103.8937,2.5,2.5
7,Isobaths,Isobath_shell,1.149113093,103.8937,2.5,2.5
7,Isobaths,Isobath_shell,1.149095005,103.893682,2.5,2.5
7,Isobaths,Isobath_shell,1.149058831,103.893682,2.5,2.5
7,Isobaths,Isobath_shell,1.149040743,103.8936641,2.5,2.5
7,Isobaths,Isobath_shell,1.149004569,103.8936641,2.5,2.5
7,Isobaths,Isobath_shell,1.148986481,103.8936461,2.5,2.5
7,Isobaths,Isobath_shell,1.148950307,103.8936461,2.5,2.5
7,Isobaths,Isobath_shell,1.148932219,103.8936281,2.5,2.5
7,Isobaths,Isobath_shell,1.148896045,103.8936281,2.5,2.5
7,Isobaths,Isobath_shell,1.148877958,103.8936102,2.5,2.5
7,Isobaths,Isobath_shell,1.148841783,103.8936102,2.5,2.5
7,Isobaths,Isobath_shell,1.148823696,103.8935922,2.5,2.5
7,Isobaths,Isobath_shell,1.148787521,103.8935922,2.5,2.5
7,Isobaths,Isobath_shell,1.148769434,103.8935742,2.5,2.5
7,Isobaths,Isobath_shell,1.148733259,103.8935742,2.5,2.5
7,Isobaths,Isobath_shell,1.148715172,103.8935563,2.5,2.5
7,Isobaths,Isobath_shell,1.148678997,103.8935563,2.5,2.5
7,Isobaths,Isobath_shell,1.14866091,103.8935383,2.5,2.5
7,Isobaths,Isobath_shell,1.148624735,103.8935383,2.5,2.5
7,Isobaths,Isobath_shell,1.148606648,103.8935203,2.5,2.5
7,Isobaths,Isobath_shell,1.148570473,103.8935203,2.5,2.5
7,Isobaths,Isobath_shell,1.148552386,103.8935023,2.5,2.5
7,Isobaths,Isobath_shell,1.148516211,103.8935023,2.5,2.5
7,Isobaths,Isobath_shell,1.148498124,103.8934844,2.5,2.5
7,Isobaths,Isobath_shell,1.148461949,103.8934844,2.5,2.5
7,Isobaths,Isobath_shell,1.148443862,103.8934664,2.5,2.5
7,Isobaths,Isobath_shell,1.148407687,103.8934664,2.5,2.5
7,Isobaths,Isobath_shell,1.1483896,103.8934484,2.5,2.5
7,Isobaths,Isobath_shell,1.148353425,103.8934484,2.5,2.5
7,Isobaths,Isobath_shell,1.148335338,103.8934305,2.5,2.5
7,Isobaths,Isobath_shell,1.148299163,103.8934305,2.5,2.5
7,Isobaths,Isobath_shell,1.148281076,103.8934125,2.5,2.5
7,Isobaths,Isobath_shell,1.148244901,103.8934125,2.5,2.5
7,Isobaths,Isobath_shell,1.148226814,103.8933945,2.5,2.5
7,Isobaths,Isobath_shell,1.14819064,103.8933945,2.5,2.5
7,Isobaths,Isobath_shell,1.148172552,103.8933766,2.5,2.5
7,Isobaths,Isobath_shell,1.148136378,103.8933766,2.5,2.5
7,Isobaths,Isobath_shell,1.14811829,103.8933586,2.5,2.5
7,Isobaths,Isobath_shell,1.148082116,103.8933586,2.5,2.5
7,Isobaths,Isobath_shell,1.148064028,103.8933406,2.5,2.5
7,Isobaths,Isobath_shell,1.148027854,103.8933406,2.5,2.5
7,Isobaths,Isobath_shell,1.148009766,103.8933226,2.5,2.5
7,Isobaths,Isobath_shell,1.147973592,103.8933226,2.5,2.5
7,Isobaths,Isobath_shell,1.147955504,103.8933047,2.5,2.5
7,Isobaths,Isobath_shell,1.14791933,103.8933047,2.5,2.5
7,Isobaths,Isobath_shell,1.147901242,103.8932867,2.5,2.5
7,Isobaths,Isobath_shell,1.147865068,103.8932867,2.5,2.5
7,Isobaths,Isobath_shell,1.14784698,103.8932687,2.5,2.5
7,Isobaths,Isobath_shell,1.147810806,103.8932687,2.5,2.5
7,Isobaths,Isobath_shell,1.147792719,103.8932508,2.5,2.5
7,Isobaths,Isobath_shell,1.147756544,103.8932508,2.5,2.5
7,Isobaths,Isobath_shell,1.147738457,103.8932328,2.5,2.5
7,Isobaths,Isobath_shell,1.147702282,103.8932328,2.5,2.5
7,Isobaths,Isobath_shell,1.147702282,103.8932148,2.5,2.5
7,Isobaths,Isobath_shell,1.147684195,103.8931969,2.5,2.5
7,Isobaths,Isobath_shell,1.147684195,103.8931789,2.5,2.5
7,Isobaths,Isobath_shell,1.147666107,103.8931609,2.5,2.5
8,Isobaths,Isobath_hole,1.147701631,103.8931676,2.5,2.5
8,Isobaths,Isobath_hole,1.148356232,103.8931727,2.5,2.5
8,Isobaths,Isobath_hole,1.148566122,103.8931989,2.5,2.5
8,Isobaths,Isobath_hole,1.14857924,103.8931989,2.5,2.5
8,Isobaths,Isobath_hole,1.149917289,103.894078,2.5,2.5
8,Isobaths,Isobath_hole,1.150674324,103.8950964,2.5,2.5
8,Isobaths,Isobath_hole,1.151219172,103.8948365,2.5,2.5
8,Isobaths,Isobath_hole,1.151765947,103.8945665,2.5,2.5
8,Isobaths,Isobath_hole,1.152165997,103.8946298,2.5,2.5
8,Isobaths,Isobath_hole,1.152184367,103.8946237,2.5,2.5
8,Isobaths,Isobath_hole,1.152637695,103.8944378,2.5,2.5
8,Isobaths,Isobath_hole,1.152707242,103.8945787,2.5,2.5
8,Isobaths,Isobath_hole,1.152646499,103.8946077,2.5,2.5
8,Isobaths,Isobath_hole,1.152647379,103.8946077,2.5,2.5
8,Isobaths,Isobath_hole,1.152763584,103.8948138,2.5,2.5
8,Isobaths,Isobath_hole,1.152863943,103.8947627,2.5,2.5
8,Isobaths,Isobath_hole,1.152764464,103.894562,2.5,2.5
8,Isobaths,Isobath_hole,1.152730131,103.8945822,2.5,2.5
8,Isobaths,Isobath_hole,1.152723088,103.8945576,2.5,2.5
8,Isobaths,Isobath_hole,1.152723969,103.8945576,2.5,2.5
8,Isobaths,Isobath_hole,1.152759182,103.8945373,2.5,2.5
8,Isobaths,Isobath_hole,1.152749499,103.8945188,2.5,2.5
8,Isobaths,Isobath_hole,1.152709003,103.8945408,2.5,2.5
8,Isobaths,Isobath_hole,1.152651781,103.8944325,2.5,2.5
8,Isobaths,Isobath_hole,1.153282203,103.8941395,2.5,2.5
8,Isobaths,Isobath_hole,1.153603256,103.893722,2.5,2.5
8,Isobaths,Isobath_hole,1.153981527,103.8940219,2.5,2.5
8,Isobaths,Isobath_hole,1.153956768,103.8940605,2.5,2.5
8,Isobaths,Isobath_hole,1.153915502,103.894015,2.5,2.5
8,Isobaths,Isobath_hole,1.15383297,103.8941086,2.5,2.5
8,Isobaths,Isobath_hole,1.154027155,103.8942783,2.5,2.5
8,Isobaths,Isobath_hole,1.154129471,103.8941534,2.5,2.5
8,Isobaths,Isobath_hole,1.154738668,103.8946676,2.5,2.5
8,Isobaths,Isobath_hole,1.154658099,103.8947375,2.5,2.5
8,Isobaths,Isobath_hole,1.154658099,103.8947381,2.5,2.5
8,Isobaths,Isobath_hole,1.154720639,103.8947916,2.5,2.5
8,Isobaths,Isobath_hole,1.154825998,103.8946733,2.5,2.5
8,Isobaths,Isobath_hole,1.154785995,103.8946271,2.5,2.5
8,Isobaths,Isobath_hole,1.154762332,103.8946513,2.5,2.5
8,Isobaths,Isobath_hole,1.153619405,103.8936967,2.5,2.5
8,Isobaths,Isobath_hole,1.15455597,103.8926028,2.5,2.5
8,Isobaths,Isobath_hole,1.154615833,103.8925843,2.5,2.5
8,Isobaths,Isobath_hole,1.155770801,103.8935022,2.5,2.5
8,Isobaths,Isobath_hole,1.155791084,103.8935146,2.5,2.5
8,Isobaths,Isobath_hole,1.155802352,103.8935134,2.5,2.5
8,Isobaths,Isobath_hole,1.155812494,103.8935106,2.5,2.5
8,Isobaths,Isobath_hole,1.155818692,103.8935027,2.5,2.5
8,Isobaths,Isobath_hole,1.155818692,103.8934875,2.5,2.5
8,Isobaths,Isobath_hole,1.15462209,103.8925462,2.5,2.5
8,Isobaths,Isobath_hole,1.155109033,103.8924328,2.5,2.5
8,Isobaths,Isobath_hole,1.155234967,103.8921053,2.5,2.5
8,Isobaths,Isobath_hole,1.155235036,103.8921046,2.5,2.5
8,Isobaths,Isobath_hole,1.155284273,103.8920692,2.5,2.5
8,Isobaths,Isobath_hole,1.14791685,103.892204,2.5,2.5
8,Isobaths,Isobath_hole,1.147896353,103.89245,2.5,2.5
8,Isobaths,Isobath_hole,1.147701631,103.8931676,2.5,2.5
9,Isobaths,Isobath_shell,1.140759336,103.9161265,2.5,2.5
9,Isobaths,Isobath_shell,1.140762451,103.9160906,2.5,2.5
9,Isobaths,Isobath_shell,1.140771304,103.9160726,2.5,2.5
9,Isobaths,Isobath_shell,1.140816747,103.9160187,2.5,2.5
9,Isobaths,Isobath_shell,1.141317459,103.9156143,2.5,2.5
9,Isobaths,Isobath_shell,1.141371721,103.9155764,2.5,2.5
9,Isobaths,Isobath_shell,1.141425983,103.915549,2.5,2.5
9,Isobaths,Isobath_shell,1.141480245,103.91554,2.5,2.5
9,Isobaths,Isobath_shell,1.141509977,103.9155515,2.5,2.5
9,Isobaths,Isobath_shell,1.141534507,103.9155737,2.5,2.5
9,Isobaths,Isobath_shell,1.141561099,103.9156234,2.5,2.5
9,Isobaths,Isobath_shell,1.141713206,103.9161445,2.5,2.5
9,Isobaths,Isobath_shell,1.141739054,103.9162164,2.5,2.5
9,Isobaths,Isobath_shell,1.141792117,103.9163242,2.5,2.5
9,Isobaths,Isobath_shell,1.14191434,103.9165406,2.5,2.5
9,Isobaths,Isobath_shell,1.141934229,103.9165937,2.5,2.5
9,Isobaths,Isobath_shell,1.141936916,103.9166297,2.5,2.5
9,Isobaths,Isobath_shell,1.141932363,103.9166656,2.5,2.5
9,Isobaths,Isobath_shell,1.141826507,103.9171328,2.5,2.5
9,Isobaths,Isobath_shell,1.141805817,103.9171935,2.5,2.5
9,Isobaths,Isobath_shell,1.141789773,103.9172227,2.5,2.5
9,Isobaths,Isobath_shell,1.141769642,103.9172434,2.5,2.5
9,Isobaths,Isobath_shell,1.141751555,103.9172525,2.5,2.5
9,Isobaths,Isobath_shell,1.141697293,103.9172568,2.5,2.5
9,Isobaths,Isobath_shell,1.141552594,103.9172303,2.5,2.5
9,Isobaths,Isobath_shell,1.141498916,103.9172047,2.5,2.5
9,Isobaths,Isobath_shell,1.141462158,103.9171712,2.5,2.5
9,Isobaths,Isobath_shell,1.141371721,103.9170427,2.5,2.5
9,Isobaths,Isobath_shell,1.141281284,103.9169295,2.5,2.5
9,Isobaths,Isobath_shell,1.1412127,103.9168273,2.5,2.5
9,Isobaths,Isobath_shell,1.140954569,103.9163781,2.5,2.5
9,Isobaths,Isobath_shell,1.140797407,103.9161984,2.5,2.5
9,Isobaths,Isobath_shell,1.140773673,103.9161625,2.5,2.5
9,Isobaths,Isobath_shell,1.140759336,103.9161265,2.5,2.5
10,Isobaths,Isobath_shell,1.149312053,103.9069845,7.5,7.5
10,Isobaths,Isobath_shell,1.149312053,103.9069618,7.5,7.5
10,Isobaths,Isobath_shell,1.14933014,103.9069618,7.5,7.5
10,Isobaths,Isobath_shell,1.14933014,103.9069079,7.5,7.5
10,Isobaths,Isobath_shell,1.149348228,103.9069079,7.5,7.5
10,Isobaths,Isobath_shell,1.149348228,103.906872,7.5,7.5
10,Isobaths,Isobath_shell,1.149366315,103.906872,7.5,7.5
10,Isobaths,Isobath_shell,1.149366315,103.9068181,7.5,7.5
10,Isobaths,Isobath_shell,1.149384402,103.9068181,7.5,7.5
10,Isobaths,Isobath_shell,1.149384402,103.9067642,7.5,7.5
10,Isobaths,Isobath_shell,1.14940249,103.9067642,7.5,7.5
10,Isobaths,Isobath_shell,1.14940249,103.9067282,7.5,7.5
10,Isobaths,Isobath_shell,1.149420577,103.9067282,7.5,7.5
10,Isobaths,Isobath_shell,1.149420577,103.9066743,7.5,7.5
10,Isobaths,Isobath_shell,1.149438664,103.9066743,7.5,7.5
10,Isobaths,Isobath_shell,1.149438664,103.9066204,7.5,7.5
10,Isobaths,Isobath_shell,1.149456752,103.9066204,7.5,7.5
10,Isobaths,Isobath_shell,1.149456752,103.9065845,7.5,7.5
10,Isobaths,Isobath_shell,1.149474839,103.9065845,7.5,7.5
10,Isobaths,Isobath_shell,1.149474839,103.9065752,7.5,7.5
10,Isobaths,Isobath_shell,1.149512892,103.9065845,7.5,7.5
10,Isobaths,Isobath_shell,1.149547188,103.9066722,7.5,7.5
10,Isobaths,Isobath_shell,1.149565276,103.9066956,7.5,7.5
10,Isobaths,Isobath_shell,1.149585775,103.9067103,7.5,7.5
10,Isobaths,Isobath_shell,1.149655712,103.906734,7.5,7.5
10,Isobaths,Isobath_shell,1.149691887,103.906759,7.5,7.5
10,Isobaths,Isobath_shell,1.149728061,103.906802,7.5,7.5
10,Isobaths,Isobath_shell,1.149764236,103.9068615,7.5,7.5
10,Isobaths,Isobath_shell,1.149782323,103.9068759,7.5,7.5
10,Isobaths,Isobath_shell,1.149818498,103.9068747,7.5,7.5
10,Isobaths,Isobath_shell,1.149945109,103.9067958,7.5,7.5
10,Isobaths,Isobath_shell,1.149999371,103.9067761,7.5,7.5
10,Isobaths,Isobath_shell,1.150035546,103.9067805,7.5,7.5
10,Isobaths,Isobath_shell,1.150053633,103.9067912,7.5,7.5
10,Isobaths,Isobath_shell,1.150124,103.906872,7.5,7.5
10,Isobaths,Isobath_shell,1.150162157,103.9068887,7.5,7.5
10,Isobaths,Isobath_shell,1.150632427,103.9068565,7.5,7.5
10,Isobaths,Isobath_shell,1.150686689,103.9068466,7.5,7.5
10,Isobaths,Isobath_shell,1.150722864,103.9068314,7.5,7.5
10,Isobaths,Isobath_shell,1.150750641,103.9068001,7.5,7.5
10,Isobaths,Isobath_shell,1.150776936,103.9066563,7.5,7.5
10,Isobaths,Isobath_shell,1.150864607,103.9064766,7.5,7.5
10,Isobaths,Isobath_shell,1.150905897,103.9063149,7.5,7.5
10,Isobaths,Isobath_shell,1.150948589,103.9062071,7.5,7.5
10,Isobaths,Isobath_shell,1.151012261,103.9060952,7.5,7.5
10,Isobaths,Isobath_shell,1.15129249,103.905686,7.5,7.5
10,Isobaths,Isobath_shell,1.151338199,103.9055961,7.5,7.5
10,Isobaths,Isobath_shell,1.151409693,103.9054344,7.5,7.5
10,Isobaths,Isobath_shell,1.151427697,103.9053805,7.5,7.5
10,Isobaths,Isobath_shell,1.151425825,103.9053445,7.5,7.5
10,Isobaths,Isobath_shell,1.151416093,103.9053266,7.5,7.5
10,Isobaths,Isobath_shell,1.151362978,103.9052727,7.5,7.5
10,Isobaths,Isobath_shell,1.15128666,103.9052188,7.5,7.5
10,Isobaths,Isobath_shell,1.151120785,103.905122,7.5,7.5
10,Isobaths,Isobath_shell,1.151083583,103.905093,7.5,7.5
10,Isobaths,Isobath_shell,1.151022715,103.9050031,7.5,7.5
10,Isobaths,Isobath_shell,1.150949611,103.9049133,7.5,7.5
10,Isobaths,Isobath_shell,1.15088565,103.9048146,7.5,7.5
10,Isobaths,Isobath_shell,1.150849475,103.9047776,7.5,7.5
10,Isobaths,Isobath_shell,1.150831388,103.9047713,7.5,7.5
10,Isobaths,Isobath_shell,1.1508133,103.9047762,7.5,7.5
10,Isobaths,Isobath_shell,1.150795213,103.9047917,7.5,7.5
10,Isobaths,Isobath_shell,1.150741023,103.9048594,7.5,7.5
10,Isobaths,Isobath_shell,1.150722864,103.9048734,7.5,7.5
10,Isobaths,Isobath_shell,1.150596253,103.9049348,7.5,7.5
10,Isobaths,Isobath_shell,1.150541991,103.9049384,7.5,7.5
10,Isobaths,Isobath_shell,1.150415379,103.9048636,7.5,7.5
10,Isobaths,Isobath_shell,1.15034303,103.9048421,7.5,7.5
10,Isobaths,Isobath_shell,1.150288768,103.9048358,7.5,7.5
10,Isobaths,Isobath_shell,1.150216419,103.9048522,7.5,7.5
10,Isobaths,Isobath_shell,1.150035546,103.9049236,7.5,7.5
10,Isobaths,Isobath_shell,1.14987276,103.9050019,7.5,7.5
10,Isobaths,Isobath_shell,1.149818498,103.905012,7.5,7.5
10,Isobaths,Isobath_shell,1.149800411,103.9050085,7.5,7.5
10,Isobaths,Isobath_shell,1.149782323,103.9050031,7.5,7.5
10,Isobaths,Isobath_shell,1.149782323,103.9049672,7.5,7.5
10,Isobaths,Isobath_shell,1.149800411,103.9049672,7.5,7.5
10,Isobaths,Isobath_shell,1.149800411,103.9049312,7.5,7.5
10,Isobaths,Isobath_shell,1.149818498,103.9049312,7.5,7.5
10,Isobaths,Isobath_shell,1.149818498,103.9048953,7.5,7.5
10,Isobaths,Isobath_shell,1.149836585,103.9048953,7.5,7.5
10,Isobaths,Isobath_shell,1.149836585,103.9048594,7.5,7.5
10,Isobaths,Isobath_shell,1.149854673,103.9048594,7.5,7.5
10,Isobaths,Isobath_shell,1.149854673,103.9048054,7.5,7.5
10,Isobaths,Isobath_shell,1.14987276,103.9048054,7.5,7.5
10,Isobaths,Isobath_shell,1.14987276,103.9047695,7.5,7.5
10,Isobaths,Isobath_shell,1.149890847,103.9047695,7.5,7.5
10,Isobaths,Isobath_shell,1.149890847,103.9047515,7.5,7.5
10,Isobaths,Isobath_shell,1.149908935,103.904766,7.5,7.5
10,Isobaths,Isobath_shell,1.149927022,103.9047781,7.5,7.5
10,Isobaths,Isobath_shell,1.149981284,103.9047765,7.5,7.5
10,Isobaths,Isobath_shell,1.150125982,103.9047095,7.5,7.5
10,Isobaths,Isobath_shell,1.150180244,103.9046938,7.5,7.5
10,Isobaths,Isobath_shell,1.15034303,103.9046983,7.5,7.5
10,Isobaths,Isobath_shell,1.150469641,103.9047246,7.5,7.5
10,Isobaths,Isobath_shell,1.150560078,103.9047246,7.5,7.5
10,Isobaths,Isobath_shell,1.150596253,103.9047084,7.5,7.5
10,Isobaths,Isobath_shell,1.150671287,103.9046257,7.5,7.5
10,Isobaths,Isobath_shell,1.150722864,103.9045966,7.5,7.5
10,Isobaths,Isobath_shell,1.150795213,103.9045947,7.5,7.5
10,Isobaths,Isobath_shell,1.15088565,103.9046189,7.5,7.5
10,Isobaths,Isobath_shell,1.150921824,103.9046363,7.5,7.5
10,Isobaths,Isobath_shell,1.150953215,103.9046617,7.5,7.5
10,Isobaths,Isobath_shell,1.151030348,103.9047663,7.5,7.5
10,Isobaths,Isobath_shell,1.151156959,103.9048802,7.5,7.5
10,Isobaths,Isobath_shell,1.151179598,103.9049133,7.5,7.5
10,Isobaths,Isobath_shell,1.151208885,103.9049851,7.5,7.5
10,Isobaths,Isobath_shell,1.151242797,103.9050211,7.5,7.5
10,Isobaths,Isobath_shell,1.151779564,103.9053266,7.5,7.5
10,Isobaths,Isobath_shell,1.15190605,103.9054164,7.5,7.5
10,Isobaths,Isobath_shell,1.151939809,103.9054524,7.5,7.5
10,Isobaths,Isobath_shell,1.151958306,103.9054883,7.5,7.5
10,Isobaths,Isobath_shell,1.151960462,103.9055242,7.5,7.5
10,Isobaths,Isobath_shell,1.151952801,103.9055799,7.5,7.5
10,Isobaths,Isobath_shell,1.151909859,103.905686,7.5,7.5
10,Isobaths,Isobath_shell,1.151857874,103.9057758,7.5,7.5
10,Isobaths,Isobath_shell,1.151265483,103.9066365,7.5,7.5
10,Isobaths,Isobath_shell,1.151232275,103.9067103,7.5,7.5
10,Isobaths,Isobath_shell,1.151213517,103.9067821,7.5,7.5
10,Isobaths,Isobath_shell,1.151195619,103.9070157,7.5,7.5
10,Isobaths,Isobath_shell,1.151187849,103.9070337,7.5,7.5
10,Isobaths,Isobath_shell,1.151156959,103.9070601,7.5,7.5
10,Isobaths,Isobath_shell,1.151120785,103.9070731,7.5,7.5
10,Isobaths,Isobath_shell,1.151048435,103.9070827,7.5,7.5
10,Isobaths,Isobath_shell,1.150125982,103.907136,7.5,7.5
10,Isobaths,Isobath_shell,1.150089808,103.9071236,7.5,7.5
10,Isobaths,Isobath_shell,1.150053633,103.9070884,7.5,7.5
10,Isobaths,Isobath_shell,1.150031762,103.9070517,7.5,7.5
10,Isobaths,Isobath_shell,1.149989327,103.9069439,7.5,7.5
10,Isobaths,Isobath_shell,1.149963197,103.9069178,7.5,7.5
10,Isobaths,Isobath_shell,1.149945109,103.906916,7.5,7.5
10,Isobaths,Isobath_shell,1.149908935,103.9069313,7.5,7.5
10,Isobaths,Isobath_shell,1.149764236,103.9070647,7.5,7.5
10,Isobaths,Isobath_shell,1.149728061,103.9070883,7.5,7.5
10,Isobaths,Isobath_shell,1.149673799,103.9071078,7.5,7.5
10,Isobaths,Isobath_shell,1.149637625,103.9071067,7.5,7.5
10,Isobaths,Isobath_shell,1.149583363,103.9070888,7.5,7.5
10,Isobaths,Isobath_shell,1.149420577,103.9070684,7.5,7.5
10,Isobaths,Isobath_shell,1.14939558,103.9070517,7.5,7.5
10,Isobaths,Isobath_shell,1.149366315,103.9070093,7.5,7.5
10,Isobaths,Isobath_shell,1.14933014,103.9069845,7.5,7.5
10,Isobaths,Isobath_shell,1.149312053,103.9069845,7.5,7.5
11,Isobaths,Isobath_shell,1.142434652,103.9163601,7.5,7.5
11,Isobaths,Isobath_shell,1.14243514,103.9163421,7.5,7.5
11,Isobaths,Isobath_shell,1.142731378,103.9154976,7.5,7.5
11,Isobaths,Isobath_shell,1.142758415,103.9154077,7.5,7.5
11,Isobaths,Isobath_shell,1.142758489,103.9153718,7.5,7.5
11,Isobaths,Isobath_shell,1.142719454,103.9152999,7.5,7.5
11,Isobaths,Isobath_shell,1.142699397,103.915246,7.5,7.5
11,Isobaths,Isobath_shell,1.142695493,103.91521,7.5,7.5
11,Isobaths,Isobath_shell,1.142706427,103.9151561,7.5,7.5
11,Isobaths,Isobath_shell,1.143017667,103.9142576,7.5,7.5
11,Isobaths,Isobath_shell,1.14301599,103.9142217,7.5,7.5
11,Isobaths,Isobath_shell,1.143002064,103.9141858,7.5,7.5
11,Isobaths,Isobath_shell,1.142977493,103.9141498,7.5,7.5
11,Isobaths,Isobath_shell,1.142913424,103.9140779,7.5,7.5
11,Isobaths,Isobath_shell,1.142870214,103.9139881,7.5,7.5
11,Isobaths,Isobath_shell,1.142872968,103.9139701,7.5,7.5
11,Isobaths,Isobath_shell,1.142872968,103.9139342,7.5,7.5
11,Isobaths,Isobath_shell,1.142891056,103.9139521,7.5,7.5
11,Isobaths,Isobath_shell,1.142981492,103.9139521,7.5,7.5
11,Isobaths,Isobath_shell,1.142999579,103.9139701,7.5,7.5
11,Isobaths,Isobath_shell,1.143090016,103.9139701,7.5,7.5
11,Isobaths,Isobath_shell,1.143108103,103.9139881,7.5,7.5
11,Isobaths,Isobath_shell,1.14319854,103.9139881,7.5,7.5
11,Isobaths,Isobath_shell,1.143216627,103.9140061,7.5,7.5
11,Isobaths,Isobath_shell,1.143307064,103.9140061,7.5,7.5
11,Isobaths,Isobath_shell,1.143325151,103.914024,7.5,7.5
11,Isobaths,Isobath_shell,1.143325151,103.914042,7.5,7.5
11,Isobaths,Isobath_shell,1.143315424,103.91406,7.5,7.5
11,Isobaths,Isobath_shell,1.143290451,103.9140959,7.5,7.5
11,Isobaths,Isobath_shell,1.143288844,103.9141678,7.5,7.5
11,Isobaths,Isobath_shell,1.14332677,103.9142576,7.5,7.5
11,Isobaths,Isobath_shell,1.143343181,103.9143115,7.5,7.5
11,Isobaths,Isobath_shell,1.143352251,103.9143655,7.5,7.5
11,Isobaths,Isobath_shell,1.143351708,103.9144194,7.5,7.5
11,Isobaths,Isobath_shell,1.143229663,103.9147788,7.5,7.5
11,Isobaths,Isobath_shell,1.143216449,103.9148327,7.5,7.5
11,Isobaths,Isobath_shell,1.143211742,103.9148866,7.5,7.5
11,Isobaths,Isobath_shell,1.143234942,103.9150483,7.5,7.5
11,Isobaths,Isobath_shell,1.143236148,103.9151741,7.5,7.5
11,Isobaths,Isobath_shell,1.143264664,103.915228,7.5,7.5
11,Isobaths,Isobath_shell,1.143302757,103.915264,7.5,7.5
11,Isobaths,Isobath_shell,1.143632636,103.9155072,7.5,7.5
11,Isobaths,Isobath_shell,1.143723072,103.9155306,7.5,7.5
11,Isobaths,Isobath_shell,1.143813509,103.9155228,7.5,7.5
11,Isobaths,Isobath_shell,1.143958207,103.9154873,7.5,7.5
11,Isobaths,Isobath_shell,1.144338041,103.9154255,7.5,7.5
11,Isobaths,Isobath_shell,1.144392303,103.9154071,7.5,7.5
11,Isobaths,Isobath_shell,1.144446565,103.915377,7.5,7.5
11,Isobaths,Isobath_shell,1.144537001,103.9152881,7.5,7.5
11,Isobaths,Isobath_shell,1.144555089,103.9152802,7.5,7.5
11,Isobaths,Isobath_shell,1.144591263,103.9152813,7.5,7.5
11,Isobaths,Isobath_shell,1.144627438,103.915302,7.5,7.5
11,Isobaths,Isobath_shell,1.144717875,103.9153858,7.5,7.5
11,Isobaths,Isobath_shell,1.144956134,103.9155694,7.5,7.5
11,Isobaths,Isobath_shell,1.14522432,103.9157556,7.5,7.5
11,Isobaths,Isobath_shell,1.145278581,103.9157777,7.5,7.5
11,Isobaths,Isobath_shell,1.145350931,103.9157895,7.5,7.5
11,Isobaths,Isobath_shell,1.145405193,103.9157826,7.5,7.5
11,Isobaths,Isobath_shell,1.145495629,103.9157506,7.5,7.5
11,Isobaths,Isobath_shell,1.145549891,103.9157109,7.5,7.5
11,Isobaths,Isobath_shell,1.145714841,103.9155155,7.5,7.5
11,Isobaths,Isobath_shell,1.145741985,103.9154796,7.5,7.5
11,Isobaths,Isobath_shell,1.145803114,103.9153738,7.5,7.5
11,Isobaths,Isobath_shell,1.145857376,103.9153179,7.5,7.5
11,Isobaths,Isobath_shell,1.145875463,103.9153215,7.5,7.5
11,Isobaths,Isobath_shell,1.145877724,103.915228,7.5,7.5
11,Isobaths,Isobath_shell,1.145857376,103.915228,7.5,7.5
11,Isobaths,Isobath_shell,1.145839288,103.91521,7.5,7.5
11,Isobaths,Isobath_shell,1.145785026,103.91521,7.5,7.5
11,Isobaths,Isobath_shell,1.145766939,103.9151921,7.5,7.5
11,Isobaths,Isobath_shell,1.145712677,103.9151921,7.5,7.5
11,Isobaths,Isobath_shell,1.14569459,103.91521,7.5,7.5
11,Isobaths,Isobath_shell,1.145640328,103.91521,7.5,7.5
11,Isobaths,Isobath_shell,1.145549891,103.9150799,7.5,7.5
11,Isobaths,Isobath_shell,1.145441367,103.9148489,7.5,7.5
11,Isobaths,Isobath_shell,1.145405193,103.9147897,7.5,7.5
11,Isobaths,Isobath_shell,1.145369018,103.9147539,7.5,7.5
11,Isobaths,Isobath_shell,1.145260494,103.9146748,7.5,7.5
11,Isobaths,Isobath_shell,1.145123845,103.9145631,7.5,7.5
11,Isobaths,Isobath_shell,1.145084774,103.9145272,7.5,7.5
11,Isobaths,Isobath_shell,1.145056731,103.9144912,7.5,7.5
11,Isobaths,Isobath_shell,1.145037625,103.9144373,7.5,7.5
11,Isobaths,Isobath_shell,1.145044746,103.9143655,7.5,7.5
11,Isobaths,Isobath_shell,1.145040018,103.9143295,7.5,7.5
11,Isobaths,Isobath_shell,1.145007272,103.9142793,7.5,7.5
11,Isobaths,Isobath_shell,1.144754049,103.9141018,7.5,7.5
11,Isobaths,Isobath_shell,1.14444943,103.9139701,7.5,7.5
11,Isobaths,Isobath_shell,1.144427798,103.9139521,7.5,7.5
11,Isobaths,Isobath_shell,1.14441039,103.9139162,7.5,7.5
11,Isobaths,Isobath_shell,1.144413825,103.9138803,7.5,7.5
11,Isobaths,Isobath_shell,1.14442749,103.9138443,7.5,7.5
11,Isobaths,Isobath_shell,1.144485977,103.9137365,7.5,7.5
11,Isobaths,Isobath_shell,1.144572959,103.9136107,7.5,7.5
11,Isobaths,Isobath_shell,1.144790504,103.9133412,7.5,7.5
11,Isobaths,Isobath_shell,1.14479149,103.9133052,7.5,7.5
11,Isobaths,Isobath_shell,1.144790224,103.9132873,7.5,7.5
11,Isobaths,Isobath_shell,1.144808311,103.9132873,7.5,7.5
11,Isobaths,Isobath_shell,1.144808311,103.9132693,7.5,7.5
11,Isobaths,Isobath_shell,1.144826399,103.9132693,7.5,7.5
11,Isobaths,Isobath_shell,1.144826399,103.9132513,7.5,7.5
11,Isobaths,Isobath_shell,1.144844486,103.9132513,7.5,7.5
11,Isobaths,Isobath_shell,1.144844486,103.9132333,7.5,7.5
11,Isobaths,Isobath_shell,1.144862573,103.9132333,7.5,7.5
11,Isobaths,Isobath_shell,1.144862573,103.9132154,7.5,7.5
11,Isobaths,Isobath_shell,1.14488066,103.9132154,7.5,7.5
11,Isobaths,Isobath_shell,1.14488066,103.9131794,7.5,7.5
11,Isobaths,Isobath_shell,1.144898748,103.9131794,7.5,7.5
11,Isobaths,Isobath_shell,1.144898748,103.9131615,7.5,7.5
11,Isobaths,Isobath_shell,1.144916835,103.9131615,7.5,7.5
11,Isobaths,Isobath_shell,1.144916835,103.9131435,7.5,7.5
11,Isobaths,Isobath_shell,1.144934922,103.9131435,7.5,7.5
11,Isobaths,Isobath_shell,1.144934922,103.9131255,7.5,7.5
11,Isobaths,Isobath_shell,1.14495301,103.9131255,7.5,7.5
11,Isobaths,Isobath_shell,1.14495301,103.9131076,7.5,7.5
11,Isobaths,Isobath_shell,1.144971097,103.9131076,7.5,7.5
11,Isobaths,Isobath_shell,1.144971097,103.9130896,7.5,7.5
11,Isobaths,Isobath_shell,1.144989184,103.9130896,7.5,7.5
11,Isobaths,Isobath_shell,1.144989184,103.9130716,7.5,7.5
11,Isobaths,Isobath_shell,1.145007272,103.9130716,7.5,7.5
11,Isobaths,Isobath_shell,1.145007272,103.9130536,7.5,7.5
11,Isobaths,Isobath_shell,1.145025359,103.9130536,7.5,7.5
11,Isobaths,Isobath_shell,1.145025359,103.9130357,7.5,7.5
11,Isobaths,Isobath_shell,1.145043446,103.9130357,7.5,7.5
11,Isobaths,Isobath_shell,1.145043446,103.9130177,7.5,7.5
11,Isobaths,Isobath_shell,1.145061534,103.9130177,7.5,7.5
11,Isobaths,Isobath_shell,1.145061534,103.9129997,7.5,7.5
11,Isobaths,Isobath_shell,1.145079621,103.9129997,7.5,7.5
11,Isobaths,Isobath_shell,1.145079621,103.9129818,7.5,7.5
11,Isobaths,Isobath_shell,1.145097708,103.9129818,7.5,7.5
11,Isobaths,Isobath_shell,1.145097708,103.9129638,7.5,7.5
11,Isobaths,Isobath_shell,1.145115796,103.9129638,7.5,7.5
11,Isobaths,Isobath_shell,1.145115796,103.9129458,7.5,7.5
11,Isobaths,Isobath_shell,1.145133883,103.9129458,7.5,7.5
11,Isobaths,Isobath_shell,1.145133883,103.9129279,7.5,7.5
11,Isobaths,Isobath_shell,1.14515197,103.9129279,7.5,7.5
11,Isobaths,Isobath_shell,1.14515197,103.9129099,7.5,7.5
11,Isobaths,Isobath_shell,1.145170058,103.9129099,7.5,7.5
11,Isobaths,Isobath_shell,1.145170058,103.9128919,7.5,7.5
11,Isobaths,Isobath_shell,1.145188145,103.9128919,7.5,7.5
11,Isobaths,Isobath_shell,1.145188145,103.912856,7.5,7.5
11,Isobaths,Isobath_shell,1.145206232,103.912856,7.5,7.5
11,Isobaths,Isobath_shell,1.145206232,103.912838,7.5,7.5
11,Isobaths,Isobath_shell,1.14522432,103.912838,7.5,7.5
11,Isobaths,Isobath_shell,1.14522432,103.9128227,7.5,7.5
11,Isobaths,Isobath_shell,1.145242407,103.9128252,7.5,7.5
11,Isobaths,Isobath_shell,1.145314756,103.912866,7.5,7.5
11,Isobaths,Isobath_shell,1.145387105,103.9128937,7.5,7.5
11,Isobaths,Isobath_shell,1.145531804,103.9130167,7.5,7.5
11,Isobaths,Isobath_shell,1.145567979,103.9130294,7.5,7.5
11,Isobaths,Isobath_shell,1.145588697,103.9130177,7.5,7.5
11,Isobaths,Isobath_shell,1.145640328,103.9129382,7.5,7.5
11,Isobaths,Isobath_shell,1.145768446,103.9126763,7.5,7.5
11,Isobaths,Isobath_shell,1.14579777,103.9126403,7.5,7.5
11,Isobaths,Isobath_shell,1.145821201,103.9126244,7.5,7.5
11,Isobaths,Isobath_shell,1.145875463,103.9126107,7.5,7.5
11,Isobaths,Isobath_shell,1.146145265,103.9125864,7.5,7.5
11,Isobaths,Isobath_shell,1.146273384,103.9125591,7.5,7.5
11,Isobaths,Isobath_shell,1.146325636,103.9125325,7.5,7.5
11,Isobaths,Isobath_shell,1.146345733,103.9124711,7.5,7.5
11,Isobaths,Isobath_shell,1.146371734,103.9124427,7.5,7.5
11,Isobaths,Isobath_shell,1.146399995,103.9124235,7.5,7.5
11,Isobaths,Isobath_shell,1.146483475,103.9123888,7.5,7.5
11,Isobaths,Isobath_shell,1.146816003,103.912296,7.5,7.5
11,Isobaths,Isobath_shell,1.146870265,103.9123044,7.5,7.5
11,Isobaths,Isobath_shell,1.146924527,103.9123351,7.5,7.5
11,Isobaths,Isobath_shell,1.147014964,103.9124123,7.5,7.5
11,Isobaths,Isobath_shell,1.147121129,103.9125325,7.5,7.5
11,Isobaths,Isobath_shell,1.147149327,103.9125505,7.5,7.5
11,Isobaths,Isobath_shell,1.147195837,103.9125624,7.5,7.5
11,Isobaths,Isobath_shell,1.147268186,103.9125634,7.5,7.5
11,Isobaths,Isobath_shell,1.147575671,103.9125367,7.5,7.5
11,Isobaths,Isobath_shell,1.147810806,103.9125257,7.5,7.5
11,Isobaths,Isobath_shell,1.14791933,103.9125084,7.5,7.5
11,Isobaths,Isobath_shell,1.147966486,103.9124786,7.5,7.5
11,Isobaths,Isobath_shell,1.147998144,103.9124067,7.5,7.5
11,Isobaths,Isobath_shell,1.148056316,103.9121731,7.5,7.5
11,Isobaths,Isobath_shell,1.148062725,103.9121192,7.5,7.5
11,Isobaths,Isobath_shell,1.148051023,103.9120653,7.5,7.5
11,Isobaths,Isobath_shell,1.148030478,103.9120294,7.5,7.5
11,Isobaths,Isobath_shell,1.147973592,103.9119576,7.5,7.5
11,Isobaths,Isobath_shell,1.14791933,103.9119026,7.5,7.5
11,Isobaths,Isobath_shell,1.147883155,103.9118785,7.5,7.5
11,Isobaths,Isobath_shell,1.147828893,103.9118677,7.5,7.5
11,Isobaths,Isobath_shell,1.147593758,103.9119012,7.5,7.5
11,Isobaths,Isobath_shell,1.147539496,103.9119002,7.5,7.5
11,Isobaths,Isobath_shell,1.147485234,103.9118888,7.5,7.5
11,Isobaths,Isobath_shell,1.146659332,103.9115442,7.5,7.5
11,Isobaths,Isobath_shell,1.146617043,103.9115207,7.5,7.5
11,Isobaths,Isobath_shell,1.146581487,103.9114903,7.5,7.5
11,Isobaths,Isobath_shell,1.146524597,103.9114184,7.5,7.5
11,Isobaths,Isobath_shell,1.14651252,103.9113824,7.5,7.5
11,Isobaths,Isobath_shell,1.146509311,103.9113465,7.5,7.5
11,Isobaths,Isobath_shell,1.146519658,103.9112926,7.5,7.5
11,Isobaths,Isobath_shell,1.146526606,103.9112746,7.5,7.5
11,Isobaths,Isobath_shell,1.146508519,103.9112567,7.5,7.5
11,Isobaths,Isobath_shell,1.146526606,103.9112567,7.5,7.5
11,Isobaths,Isobath_shell,1.146526606,103.9112387,7.5,7.5
11,Isobaths,Isobath_shell,1.146544694,103.9112387,7.5,7.5
11,Isobaths,Isobath_shell,1.146544694,103.9112207,7.5,7.5
11,Isobaths,Isobath_shell,1.146562781,103.9112207,7.5,7.5
11,Isobaths,Isobath_shell,1.146562781,103.9112027,7.5,7.5
11,Isobaths,Isobath_shell,1.146580868,103.9112027,7.5,7.5
11,Isobaths,Isobath_shell,1.146580868,103.9111848,7.5,7.5
11,Isobaths,Isobath_shell,1.146598956,103.9111848,7.5,7.5
11,Isobaths,Isobath_shell,1.146598956,103.9111668,7.5,7.5
11,Isobaths,Isobath_shell,1.14663513,103.9111668,7.5,7.5
11,Isobaths,Isobath_shell,1.14663513,103.9111488,7.5,7.5
11,Isobaths,Isobath_shell,1.146653218,103.9111488,7.5,7.5
11,Isobaths,Isobath_shell,1.146653218,103.9111309,7.5,7.5
11,Isobaths,Isobath_shell,1.146671305,103.9111309,7.5,7.5
11,Isobaths,Isobath_shell,1.146671305,103.9111129,7.5,7.5
11,Isobaths,Isobath_shell,1.146689392,103.9111129,7.5,7.5
11,Isobaths,Isobath_shell,1.146689392,103.9110949,7.5,7.5
11,Isobaths,Isobath_shell,1.14670748,103.9110949,7.5,7.5
11,Isobaths,Isobath_shell,1.14670748,103.911077,7.5,7.5
11,Isobaths,Isobath_shell,1.146725567,103.911077,7.5,7.5
11,Isobaths,Isobath_shell,1.146725567,103.911059,7.5,7.5
11,Isobaths,Isobath_shell,1.146743654,103.911059,7.5,7.5
11,Isobaths,Isobath_shell,1.146743654,103.911041,7.5,7.5
11,Isobaths,Isobath_shell,1.146761741,103.911041,7.5,7.5
11,Isobaths,Isobath_shell,1.146761741,103.911023,7.5,7.5
11,Isobaths,Isobath_shell,1.146779829,103.911023,7.5,7.5
11,Isobaths,Isobath_shell,1.146779829,103.9110051,7.5,7.5
11,Isobaths,Isobath_shell,1.146816003,103.9110051,7.5,7.5
11,Isobaths,Isobath_shell,1.146816003,103.9109871,7.5,7.5
11,Isobaths,Isobath_shell,1.146834091,103.9109871,7.5,7.5
11,Isobaths,Isobath_shell,1.146834091,103.9109691,7.5,7.5
11,Isobaths,Isobath_shell,1.146852178,103.9109691,7.5,7.5
11,Isobaths,Isobath_shell,1.146852178,103.9109512,7.5,7.5
11,Isobaths,Isobath_shell,1.146870265,103.9109512,7.5,7.5
11,Isobaths,Isobath_shell,1.146870265,103.9109332,7.5,7.5
11,Isobaths,Isobath_shell,1.146888353,103.9109332,7.5,7.5
11,Isobaths,Isobath_shell,1.146888353,103.9109152,7.5,7.5
11,Isobaths,Isobath_shell,1.14690644,103.9109152,7.5,7.5
11,Isobaths,Isobath_shell,1.14690644,103.9108973,7.5,7.5
11,Isobaths,Isobath_shell,1.146924527,103.9108973,7.5,7.5
11,Isobaths,Isobath_shell,1.146924527,103.9108793,7.5,7.5
11,Isobaths,Isobath_shell,1.146942615,103.9108793,7.5,7.5
11,Isobaths,Isobath_shell,1.146942615,103.9108613,7.5,7.5
11,Isobaths,Isobath_shell,1.146960702,103.9108613,7.5,7.5
11,Isobaths,Isobath_shell,1.146960702,103.9108433,7.5,7.5
11,Isobaths,Isobath_shell,1.146996877,103.9108433,7.5,7.5
11,Isobaths,Isobath_shell,1.146996877,103.9108254,7.5,7.5
11,Isobaths,Isobath_shell,1.147014964,103.9108254,7.5,7.5
11,Isobaths,Isobath_shell,1.147014964,103.9108074,7.5,7.5
11,Isobaths,Isobath_shell,1.147033051,103.9108074,7.5,7.5
11,Isobaths,Isobath_shell,1.147033051,103.9107894,7.5,7.5
11,Isobaths,Isobath_shell,1.147051139,103.9107894,7.5,7.5
11,Isobaths,Isobath_shell,1.147051139,103.9107715,7.5,7.5
11,Isobaths,Isobath_shell,1.147069226,103.9107715,7.5,7.5
11,Isobaths,Isobath_shell,1.147069226,103.9107535,7.5,7.5
11,Isobaths,Isobath_shell,1.147078518,103.9107715,7.5,7.5
11,Isobaths,Isobath_shell,1.147078518,103.9107894,7.5,7.5
11,Isobaths,Isobath_shell,1.147071764,103.9108074,7.5,7.5
11,Isobaths,Isobath_shell,1.146956107,103.9109691,7.5,7.5
11,Isobaths,Isobath_shell,1.146784418,103.9111848,7.5,7.5
11,Isobaths,Isobath_shell,1.146733631,103.9112567,7.5,7.5
11,Isobaths,Isobath_shell,1.146715069,103.9112926,7.5,7.5
11,Isobaths,Isobath_shell,1.146708154,103.9113285,7.5,7.5
11,Isobaths,Isobath_shell,1.146715808,103.9113645,7.5,7.5
11,Isobaths,Isobath_shell,1.146725294,103.9113824,7.5,7.5
11,Isobaths,Isobath_shell,1.146761741,103.9114155,7.5,7.5
11,Isobaths,Isobath_shell,1.146797916,103.9114326,7.5,7.5
11,Isobaths,Isobath_shell,1.146942615,103.9114754,7.5,7.5
11,Isobaths,Isobath_shell,1.147286274,103.9116208,7.5,7.5
11,Isobaths,Isobath_shell,1.14737671,103.9116489,7.5,7.5
11,Isobaths,Isobath_shell,1.147467147,103.9116499,7.5,7.5
11,Isobaths,Isobath_shell,1.148009766,103.9115585,7.5,7.5
11,Isobaths,Isobath_shell,1.148082116,103.9115656,7.5,7.5
11,Isobaths,Isobath_shell,1.148136378,103.9116034,7.5,7.5
11,Isobaths,Isobath_shell,1.148317251,103.9117876,7.5,7.5
11,Isobaths,Isobath_shell,1.148401199,103.9118856,7.5,7.5
11,Isobaths,Isobath_shell,1.148425775,103.9119222,7.5,7.5
11,Isobaths,Isobath_shell,1.148438337,103.9119755,7.5,7.5
11,Isobaths,Isobath_shell,1.148430602,103.9120294,7.5,7.5
11,Isobaths,Isobath_shell,1.148260541,103.9127122,7.5,7.5
11,Isobaths,Isobath_shell,1.148244822,103.9127661,7.5,7.5
11,Isobaths,Isobath_shell,1.148225828,103.9128021,7.5,7.5
11,Isobaths,Isobath_shell,1.14819064,103.9128291,7.5,7.5
11,Isobaths,Isobath_shell,1.148136378,103.9128429,7.5,7.5
11,Isobaths,Isobath_shell,1.147792719,103.9128861,7.5,7.5
11,Isobaths,Isobath_shell,1.147503321,103.9129004,7.5,7.5
11,Isobaths,Isobath_shell,1.147323376,103.9129279,7.5,7.5
11,Isobaths,Isobath_shell,1.147232012,103.9129563,7.5,7.5
11,Isobaths,Isobath_shell,1.147141575,103.9129996,7.5,7.5
11,Isobaths,Isobath_shell,1.147051139,103.913064,7.5,7.5
11,Isobaths,Isobath_shell,1.146888353,103.9131987,7.5,7.5
11,Isobaths,Isobath_shell,1.146816003,103.9132376,7.5,7.5
11,Isobaths,Isobath_shell,1.146761741,103.9132472,7.5,7.5
11,Isobaths,Isobath_shell,1.146327646,103.9132346,7.5,7.5
11,Isobaths,Isobath_shell,1.146219122,103.9132401,7.5,7.5
11,Isobaths,Isobath_shell,1.146169382,103.9132513,7.5,7.5
11,Isobaths,Isobath_shell,1.146134946,103.9132693,7.5,7.5
11,Isobaths,Isobath_shell,1.146118083,103.9132873,7.5,7.5
11,Isobaths,Isobath_shell,1.146092511,103.9133315,7.5,7.5
11,Isobaths,Isobath_shell,1.146074423,103.9133427,7.5,7.5
11,Isobaths,Isobath_shell,1.145825375,103.9133951,7.5,7.5
11,Isobaths,Isobath_shell,1.145477542,103.9134955,7.5,7.5
11,Isobaths,Isobath_shell,1.145432099,103.9134849,7.5,7.5
11,Isobaths,Isobath_shell,1.14540703,103.913449,7.5,7.5
11,Isobaths,Isobath_shell,1.145396352,103.9133771,7.5,7.5
11,Isobaths,Isobath_shell,1.145395442,103.9132513,7.5,7.5
11,Isobaths,Isobath_shell,1.145387105,103.9132179,7.5,7.5
11,Isobaths,Isobath_shell,1.145376185,103.9131974,7.5,7.5
11,Isobaths,Isobath_shell,1.145341065,103.9131615,7.5,7.5
11,Isobaths,Isobath_shell,1.145253209,103.9131076,7.5,7.5
11,Isobaths,Isobath_shell,1.14522432,103.9130961,7.5,7.5
11,Isobaths,Isobath_shell,1.145188145,103.9130987,7.5,7.5
11,Isobaths,Isobath_shell,1.14515197,103.9131172,7.5,7.5
11,Isobaths,Isobath_shell,1.145105598,103.9131615,7.5,7.5
11,Isobaths,Isobath_shell,1.145020846,103.9132693,7.5,7.5
11,Isobaths,Isobath_shell,1.144960604,103.9133591,7.5,7.5
11,Isobaths,Isobath_shell,1.144931898,103.913413,7.5,7.5
11,Isobaths,Isobath_shell,1.144911529,103.913467,7.5,7.5
11,Isobaths,Isobath_shell,1.144886773,103.9135748,7.5,7.5
11,Isobaths,Isobath_shell,1.144879733,103.9136287,7.5,7.5
11,Isobaths,Isobath_shell,1.144886217,103.9136646,7.5,7.5
11,Isobaths,Isobath_shell,1.144898748,103.9136848,7.5,7.5
11,Isobaths,Isobath_shell,1.144989184,103.9137468,7.5,7.5
11,Isobaths,Isobath_shell,1.145150416,103.9138803,7.5,7.5
11,Isobaths,Isobath_shell,1.145387105,103.9140318,7.5,7.5
11,Isobaths,Isobath_shell,1.145441367,103.914053,7.5,7.5
11,Isobaths,Isobath_shell,1.145477542,103.9140558,7.5,7.5
11,Isobaths,Isobath_shell,1.145518682,103.914042,7.5,7.5
11,Isobaths,Isobath_shell,1.145595765,103.9139881,7.5,7.5
11,Isobaths,Isobath_shell,1.1459659,103.9136023,7.5,7.5
11,Isobaths,Isobath_shell,1.146020162,103.9135574,7.5,7.5
11,Isobaths,Isobath_shell,1.146038249,103.9135508,7.5,7.5
11,Isobaths,Isobath_shell,1.146051815,103.9135568,7.5,7.5
11,Isobaths,Isobath_shell,1.14605886,103.9135748,7.5,7.5
11,Isobaths,Isobath_shell,1.146058446,103.9136107,7.5,7.5
11,Isobaths,Isobath_shell,1.14604008,103.9137185,7.5,7.5
11,Isobaths,Isobath_shell,1.145901898,103.9143115,7.5,7.5
11,Isobaths,Isobath_shell,1.145895072,103.9144194,7.5,7.5
11,Isobaths,Isobath_shell,1.145895579,103.9144912,7.5,7.5
11,Isobaths,Isobath_shell,1.145901535,103.9145272,7.5,7.5
11,Isobaths,Isobath_shell,1.145931752,103.9145811,7.5,7.5
11,Isobaths,Isobath_shell,1.146005547,103.914653,7.5,7.5
11,Isobaths,Isobath_shell,1.146544694,103.9150772,7.5,7.5
11,Isobaths,Isobath_shell,1.146617043,103.9151092,7.5,7.5
11,Isobaths,Isobath_shell,1.146653218,103.9151143,7.5,7.5
11,Isobaths,Isobath_shell,1.146725567,103.9151101,7.5,7.5
11,Isobaths,Isobath_shell,1.146761741,103.9151211,7.5,7.5
11,Isobaths,Isobath_shell,1.146816003,103.9151672,7.5,7.5
11,Isobaths,Isobath_shell,1.146873077,103.915246,7.5,7.5
11,Isobaths,Isobath_shell,1.14690644,103.9152768,7.5,7.5
11,Isobaths,Isobath_shell,1.146942615,103.915293,7.5,7.5
11,Isobaths,Isobath_shell,1.147064228,103.9153179,7.5,7.5
11,Isobaths,Isobath_shell,1.147099146,103.9153358,7.5,7.5
11,Isobaths,Isobath_shell,1.147116308,103.9153538,7.5,7.5
11,Isobaths,Isobath_shell,1.147124197,103.9153718,7.5,7.5
11,Isobaths,Isobath_shell,1.147149096,103.9155335,7.5,7.5
11,Isobaths,Isobath_shell,1.147139484,103.9156952,7.5,7.5
11,Isobaths,Isobath_shell,1.147163482,103.9158929,7.5,7.5
11,Isobaths,Isobath_shell,1.147165847,103.9159468,7.5,7.5
11,Isobaths,Isobath_shell,1.147155385,103.9160187,7.5,7.5
11,Isobaths,Isobath_shell,1.147123488,103.916128,7.5,7.5
11,Isobaths,Isobath_shell,1.147105401,103.9161719,7.5,7.5
11,Isobaths,Isobath_shell,1.147083937,103.9161984,7.5,7.5
11,Isobaths,Isobath_shell,1.147051139,103.9162161,7.5,7.5
11,Isobaths,Isobath_shell,1.146924527,103.9162446,7.5,7.5
11,Isobaths,Isobath_shell,1.14643617,103.916395,7.5,7.5
11,Isobaths,Isobath_shell,1.146363821,103.9164116,7.5,7.5
11,Isobaths,Isobath_shell,1.146327646,103.91641,7.5,7.5
11,Isobaths,Isobath_shell,1.146296859,103.9163961,7.5,7.5
11,Isobaths,Isobath_shell,1.146219122,103.9163037,7.5,7.5
11,Isobaths,Isobath_shell,1.14616486,103.9162711,7.5,7.5
11,Isobaths,Isobath_shell,1.146110598,103.9162617,7.5,7.5
11,Isobaths,Isobath_shell,1.145947812,103.9162528,7.5,7.5
11,Isobaths,Isobath_shell,1.145911638,103.9162556,7.5,7.5
11,Isobaths,Isobath_shell,1.145875463,103.9162694,7.5,7.5
11,Isobaths,Isobath_shell,1.145785026,103.9163425,7.5,7.5
11,Isobaths,Isobath_shell,1.145748852,103.9163607,7.5,7.5
11,Isobaths,Isobath_shell,1.145622241,103.9163795,7.5,7.5
11,Isobaths,Isobath_shell,1.145567979,103.9163792,7.5,7.5
11,Isobaths,Isobath_shell,1.145495629,103.9163651,7.5,7.5
11,Isobaths,Isobath_shell,1.145061534,103.916223,7.5,7.5
11,Isobaths,Isobath_shell,1.145007272,103.9161877,7.5,7.5
11,Isobaths,Isobath_shell,1.14488066,103.9160657,7.5,7.5
11,Isobaths,Isobath_shell,1.144717875,103.9159529,7.5,7.5
11,Isobaths,Isobath_shell,1.144663613,103.9159325,7.5,7.5
11,Isobaths,Isobath_shell,1.144609351,103.9159343,7.5,7.5
11,Isobaths,Isobath_shell,1.144338041,103.916035,7.5,7.5
11,Isobaths,Isobath_shell,1.144283779,103.9160639,7.5,7.5
11,Isobaths,Isobath_shell,1.144265692,103.9160813,7.5,7.5
11,Isobaths,Isobath_shell,1.144247604,103.916111,7.5,7.5
11,Isobaths,Isobath_shell,1.144210538,103.9162523,7.5,7.5
11,Isobaths,Isobath_shell,1.144198865,103.9162703,7.5,7.5
11,Isobaths,Isobath_shell,1.144166211,103.9162882,7.5,7.5
11,Isobaths,Isobath_shell,1.144012469,103.916322,7.5,7.5
11,Isobaths,Isobath_shell,1.143795421,103.9163438,7.5,7.5
11,Isobaths,Isobath_shell,1.143755665,103.9163601,7.5,7.5
11,Isobaths,Isobath_shell,1.143733625,103.9163961,7.5,7.5
11,Isobaths,Isobath_shell,1.143730626,103.916432,7.5,7.5
11,Isobaths,Isobath_shell,1.143742271,103.9164679,7.5,7.5
11,Isobaths,Isobath_shell,1.143759247,103.9164895,7.5,7.5
11,Isobaths,Isobath_shell,1.143777334,103.9165026,7.5,7.5
11,Isobaths,Isobath_shell,1.143955983,103.9165578,7.5,7.5
11,Isobaths,Isobath_shell,1.144044501,103.9165937,7.5,7.5
11,Isobaths,Isobath_shell,1.144099608,103.9166297,7.5,7.5
11,Isobaths,Isobath_shell,1.144112832,103.9166476,7.5,7.5
11,Isobaths,Isobath_shell,1.144115078,103.9166656,7.5,7.5
11,Isobaths,Isobath_shell,1.144075243,103.9167195,7.5,7.5
11,Isobaths,Isobath_shell,1.143777334,103.9170519,7.5,7.5
11,Isobaths,Isobath_shell,1.143723072,103.9170908,7.5,7.5
11,Isobaths,Isobath_shell,1.143704985,103.9170931,7.5,7.5
11,Isobaths,Isobath_shell,1.14366881,103.9170827,7.5,7.5
11,Isobaths,Isobath_shell,1.143632636,103.9170575,7.5,7.5
11,Isobaths,Isobath_shell,1.143596461,103.9170218,7.5,7.5
11,Isobaths,Isobath_shell,1.143384496,103.9167734,7.5,7.5
11,Isobaths,Isobath_shell,1.14334819,103.9167015,7.5,7.5
11,Isobaths,Isobath_shell,1.143326555,103.9165758,7.5,7.5
11,Isobaths,Isobath_shell,1.143315115,103.9165578,7.5,7.5
11,Isobaths,Isobath_shell,1.143290316,103.9165398,7.5,7.5
11,Isobaths,Isobath_shell,1.143234715,103.916525,7.5,7.5
11,Isobaths,Isobath_shell,1.142710182,103.916455,7.5,7.5
11,Isobaths,Isobath_shell,1.142580356,103.916432,7.5,7.5
11,Isobaths,Isobath_shell,1.142471635,103.9163961,7.5,7.5
11,Isobaths,Isobath_shell,1.142445854,103.9163781,7.5,7.5
11,Isobaths,Isobath_shell,1.142434652,103.9163601,7.5,7.5
12,Isobaths,Isobath_shell,1.140345183,103.9161265,7.5,7.5
12,Isobaths,Isobath_shell,1.140345841,103.9161085,7.5,7.5
12,Isobaths,Isobath_shell,1.140351302,103.9160906,7.5,7.5
12,Isobaths,Isobath_shell,1.140393956,103.9160367,7.5,7.5
12,Isobaths,Isobath_shell,1.140902237,103.9156234,7.5,7.5
12,Isobaths,Isobath_shell,1.140956128,103.9155694,7.5,7.5
12,Isobaths,Isobath_shell,1.141014688,103.9154976,7.5,7.5
12,Isobaths,Isobath_shell,1.141014688,103.9154796,7.5,7.5
12,Isobaths,Isobath_shell,1.141028062,103.9154616,7.5,7.5
12,Isobaths,Isobath_shell,1.141028062,103.9154437,7.5,7.5
12,Isobaths,Isobath_shell,1.141046149,103.9154437,7.5,7.5
12,Isobaths,Isobath_shell,1.141046149,103.9154257,7.5,7.5
12,Isobaths,Isobath_shell,1.141100411,103.9154257,7.5,7.5
12,Isobaths,Isobath_shell,1.141100411,103.9154077,7.5,7.5
12,Isobaths,Isobath_shell,1.141136586,103.9154077,7.5,7.5
12,Isobaths,Isobath_shell,1.141136586,103.9153897,7.5,7.5
12,Isobaths,Isobath_shell,1.141190848,103.9153897,7.5,7.5
12,Isobaths,Isobath_shell,1.141190848,103.9153718,7.5,7.5
12,Isobaths,Isobath_shell,1.141227022,103.9153718,7.5,7.5
12,Isobaths,Isobath_shell,1.141227022,103.9153538,7.5,7.5
12,Isobaths,Isobath_shell,1.141281284,103.9153538,7.5,7.5
12,Isobaths,Isobath_shell,1.141281284,103.9153358,7.5,7.5
12,Isobaths,Isobath_shell,1.141317459,103.9153358,7.5,7.5
12,Isobaths,Isobath_shell,1.141317459,103.9153179,7.5,7.5
12,Isobaths,Isobath_shell,1.141371721,103.9153179,7.5,7.5
12,Isobaths,Isobath_shell,1.141371721,103.9152999,7.5,7.5
12,Isobaths,Isobath_shell,1.141407896,103.9152999,7.5,7.5
12,Isobaths,Isobath_shell,1.141407896,103.9152819,7.5,7.5
12,Isobaths,Isobath_shell,1.141462158,103.9152819,7.5,7.5
12,Isobaths,Isobath_shell,1.141462158,103.915264,7.5,7.5
12,Isobaths,Isobath_shell,1.141498332,103.915264,7.5,7.5
12,Isobaths,Isobath_shell,1.141498332,103.915246,7.5,7.5
12,Isobaths,Isobath_shell,1.141552594,103.915246,7.5,7.5
12,Isobaths,Isobath_shell,1.141552594,103.915228,7.5,7.5
12,Isobaths,Isobath_shell,1.141588769,103.915228,7.5,7.5
12,Isobaths,Isobath_shell,1.141588769,103.9151921,7.5,7.5
12,Isobaths,Isobath_shell,1.141606856,103.9151921,7.5,7.5
12,Isobaths,Isobath_shell,1.141606856,103.9151561,7.5,7.5
12,Isobaths,Isobath_shell,1.141624943,103.9151561,7.5,7.5
12,Isobaths,Isobath_shell,1.141624943,103.9151202,7.5,7.5
12,Isobaths,Isobath_shell,1.141643031,103.9151202,7.5,7.5
12,Isobaths,Isobath_shell,1.141643031,103.9150843,7.5,7.5
12,Isobaths,Isobath_shell,1.141661118,103.9150843,7.5,7.5
12,Isobaths,Isobath_shell,1.141661118,103.9150483,7.5,7.5
12,Isobaths,Isobath_shell,1.141679205,103.9150483,7.5,7.5
12,Isobaths,Isobath_shell,1.141679205,103.9150124,7.5,7.5
12,Isobaths,Isobath_shell,1.141697293,103.9150124,7.5,7.5
12,Isobaths,Isobath_shell,1.141697293,103.9149944,7.5,7.5
12,Isobaths,Isobath_shell,1.14171538,103.9149944,7.5,7.5
12,Isobaths,Isobath_shell,1.14171538,103.9149585,7.5,7.5
12,Isobaths,Isobath_shell,1.141733467,103.9149585,7.5,7.5
12,Isobaths,Isobath_shell,1.141733467,103.9149225,7.5,7.5
12,Isobaths,Isobath_shell,1.141751555,103.9149225,7.5,7.5
12,Isobaths,Isobath_shell,1.141751555,103.9148866,7.5,7.5
12,Isobaths,Isobath_shell,1.141769642,103.9148866,7.5,7.5
12,Isobaths,Isobath_shell,1.141769642,103.9148506,7.5,7.5
12,Isobaths,Isobath_shell,1.141787729,103.9148506,7.5,7.5
12,Isobaths,Isobath_shell,1.141787729,103.9148147,7.5,7.5
12,Isobaths,Isobath_shell,1.141805817,103.9148147,7.5,7.5
12,Isobaths,Isobath_shell,1.141805817,103.9147788,7.5,7.5
12,Isobaths,Isobath_shell,1.141823904,103.9147788,7.5,7.5
12,Isobaths,Isobath_shell,1.141823904,103.9147608,7.5,7.5
12,Isobaths,Isobath_shell,1.141841991,103.9147608,7.5,7.5
12,Isobaths,Isobath_shell,1.141841991,103.9147249,7.5,7.5
12,Isobaths,Isobath_shell,1.141860079,103.9147249,7.5,7.5
12,Isobaths,Isobath_shell,1.141860079,103.9146889,7.5,7.5
12,Isobaths,Isobath_shell,1.141878166,103.9146889,7.5,7.5
12,Isobaths,Isobath_shell,1.141878166,103.914653,7.5,7.5
12,Isobaths,Isobath_shell,1.141896253,103.914653,7.5,7.5
12,Isobaths,Isobath_shell,1.141896253,103.914617,7.5,7.5
12,Isobaths,Isobath_shell,1.14191434,103.914617,7.5,7.5
12,Isobaths,Isobath_shell,1.14191434,103.9145811,7.5,7.5
12,Isobaths,Isobath_shell,1.141932428,103.9145811,7.5,7.5
12,Isobaths,Isobath_shell,1.141932428,103.9145452,7.5,7.5
12,Isobaths,Isobath_shell,1.141950515,103.9145452,7.5,7.5
12,Isobaths,Isobath_shell,1.141950515,103.9145272,7.5,7.5
12,Isobaths,Isobath_shell,1.141968602,103.9145272,7.5,7.5
12,Isobaths,Isobath_shell,1.141968602,103.9144912,7.5,7.5
12,Isobaths,Isobath_shell,1.14198669,103.9144912,7.5,7.5
12,Isobaths,Isobath_shell,1.14198669,103.9144553,7.5,7.5
12,Isobaths,Isobath_shell,1.142004777,103.9144553,7.5,7.5
12,Isobaths,Isobath_shell,1.142004777,103.9144194,7.5,7.5
12,Isobaths,Isobath_shell,1.142022864,103.9144194,7.5,7.5
12,Isobaths,Isobath_shell,1.142022864,103.9143834,7.5,7.5
12,Isobaths,Isobath_shell,1.142040952,103.9143834,7.5,7.5
12,Isobaths,Isobath_shell,1.142040952,103.9143475,7.5,7.5
12,Isobaths,Isobath_shell,1.142059039,103.9143475,7.5,7.5
12,Isobaths,Isobath_shell,1.142059039,103.9143381,7.5,7.5
12,Isobaths,Isobath_shell,1.142077126,103.9143381,7.5,7.5
12,Isobaths,Isobath_shell,1.142096541,103.9143475,7.5,7.5
12,Isobaths,Isobath_shell,1.142109869,103.9143834,7.5,7.5
12,Isobaths,Isobath_shell,1.142111826,103.9144014,7.5,7.5
12,Isobaths,Isobath_shell,1.142220136,103.9147967,7.5,7.5
12,Isobaths,Isobath_shell,1.14225759,103.9149764,7.5,7.5
12,Isobaths,Isobath_shell,1.142263434,103.9150303,7.5,7.5
12,Isobaths,Isobath_shell,1.1422628,103.9151022,7.5,7.5
12,Isobaths,Isobath_shell,1.142243953,103.9151741,7.5,7.5
12,Isobaths,Isobath_shell,1.142239523,103.91521,7.5,7.5
12,Isobaths,Isobath_shell,1.142244086,103.915246,7.5,7.5
12,Isobaths,Isobath_shell,1.142264757,103.9153179,7.5,7.5
12,Isobaths,Isobath_shell,1.142271063,103.9153718,7.5,7.5
12,Isobaths,Isobath_shell,1.142264473,103.9161984,7.5,7.5
12,Isobaths,Isobath_shell,1.142274604,103.9163062,7.5,7.5
12,Isobaths,Isobath_shell,1.142296165,103.9163961,7.5,7.5
12,Isobaths,Isobath_shell,1.14229825,103.916432,7.5,7.5
12,Isobaths,Isobath_shell,1.142288854,103.9165039,7.5,7.5
12,Isobaths,Isobath_shell,1.142239912,103.9167021,7.5,7.5
12,Isobaths,Isobath_shell,1.142033535,103.917618,7.5,7.5
12,Isobaths,Isobath_shell,1.142011166,103.9176899,7.5,7.5
12,Isobaths,Isobath_shell,1.14198669,103.9177277,7.5,7.5
12,Isobaths,Isobath_shell,1.141950515,103.9177457,7.5,7.5
12,Isobaths,Isobath_shell,1.141878166,103.9177396,7.5,7.5
12,Isobaths,Isobath_shell,1.141498332,103.917666,7.5,7.5
12,Isobaths,Isobath_shell,1.141462158,103.9176527,7.5,7.5
12,Isobaths,Isobath_shell,1.141416282,103.917618,7.5,7.5
12,Isobaths,Isobath_shell,1.141371721,103.9175633,7.5,7.5
12,Isobaths,Isobath_shell,1.141190848,103.9172885,7.5,7.5
12,Isobaths,Isobath_shell,1.141089476,103.9171508,7.5,7.5
12,Isobaths,Isobath_shell,1.140945551,103.9169352,7.5,7.5
12,Isobaths,Isobath_shell,1.140738665,103.9165832,7.5,7.5
12,Isobaths,Isobath_shell,1.14070249,103.9165407,7.5,7.5
12,Isobaths,Isobath_shell,1.140575221,103.916414,7.5,7.5
12,Isobaths,Isobath_shell,1.140384186,103.9161984,7.5,7.5
12,Isobaths,Isobath_shell,1.140349416,103.9161445,7.5,7.5
12,Isobaths,Isobath_shell,1.140345183,103.9161265,7.5,7.5
13,Isobaths,Isobath_hole,1.140759336,103.9161265,7.5,7.5
13,Isobaths,Isobath_hole,1.140773673,103.9161625,7.5,7.5
13,Isobaths,Isobath_hole,1.140797407,103.9161984,7.5,7.5
13,Isobaths,Isobath_hole,1.140954569,103.9163781,7.5,7.5
13,Isobaths,Isobath_hole,1.1412127,103.9168273,7.5,7.5
13,Isobaths,Isobath_hole,1.141281284,103.9169295,7.5,7.5
13,Isobaths,Isobath_hole,1.141371721,103.9170427,7.5,7.5
13,Isobaths,Isobath_hole,1.141462158,103.9171712,7.5,7.5
13,Isobaths,Isobath_hole,1.141498916,103.9172047,7.5,7.5
13,Isobaths,Isobath_hole,1.141552594,103.9172303,7.5,7.5
13,Isobaths,Isobath_hole,1.141697293,103.9172568,7.5,7.5
13,Isobaths,Isobath_hole,1.141751555,103.9172525,7.5,7.5
13,Isobaths,Isobath_hole,1.141769642,103.9172434,7.5,7.5
13,Isobaths,Isobath_hole,1.141789773,103.9172227,7.5,7.5
13,Isobaths,Isobath_hole,1.141805817,103.9171935,7.5,7.5
13,Isobaths,Isobath_hole,1.141826507,103.9171328,7.5,7.5
13,Isobaths,Isobath_hole,1.141932363,103.9166656,7.5,7.5
13,Isobaths,Isobath_hole,1.141936916,103.9166297,7.5,7.5
13,Isobaths,Isobath_hole,1.141934229,103.9165937,7.5,7.5
13,Isobaths,Isobath_hole,1.14191434,103.9165406,7.5,7.5
13,Isobaths,Isobath_hole,1.141792117,103.9163242,7.5,7.5
13,Isobaths,Isobath_hole,1.141739054,103.9162164,7.5,7.5
13,Isobaths,Isobath_hole,1.141713206,103.9161445,7.5,7.5
13,Isobaths,Isobath_hole,1.141561099,103.9156234,7.5,7.5
13,Isobaths,Isobath_hole,1.141534507,103.9155737,7.5,7.5
13,Isobaths,Isobath_hole,1.141509977,103.9155515,7.5,7.5
13,Isobaths,Isobath_hole,1.141480245,103.91554,7.5,7.5
13,Isobaths,Isobath_hole,1.141425983,103.915549,7.5,7.5
13,Isobaths,Isobath_hole,1.141371721,103.9155764,7.5,7.5
13,Isobaths,Isobath_hole,1.141317459,103.9156143,7.5,7.5
13,Isobaths,Isobath_hole,1.140816747,103.9160187,7.5,7.5
13,Isobaths,Isobath_hole,1.140771304,103.9160726,7.5,7.5
13,Isobaths,Isobath_hole,1.140762451,103.9160906,7.5,7.5
13,Isobaths,Isobath_hole,1.140759336,103.9161265,7.5,7.5
14,Isobaths,Isobath_shell,1.153935357,103.9046617,7.5,7.5
14,Isobaths,Isobath_shell,1.153935463,103.9046437,7.5,7.5
14,Isobaths,Isobath_shell,1.153947396,103.9045898,7.5,7.5
14,Isobaths,Isobath_shell,1.153967919,103.9045359,7.5,7.5
14,Isobaths,Isobath_shell,1.153977456,103.904482,7.5,7.5
14,Isobaths,Isobath_shell,1.153979887,103.904446,7.5,7.5
14,Isobaths,Isobath_shell,1.153979286,103.9044281,7.5,7.5
14,Isobaths,Isobath_shell,1.153967654,103.9043203,7.5,7.5
14,Isobaths,Isobath_shell,1.153966902,103.9042663,7.5,7.5
14,Isobaths,Isobath_shell,1.153972633,103.9042124,7.5,7.5
14,Isobaths,Isobath_shell,1.153998063,103.9040866,7.5,7.5
14,Isobaths,Isobath_shell,1.154010593,103.9040507,7.5,7.5
14,Isobaths,Isobath_shell,1.154041457,103.9040148,7.5,7.5
14,Isobaths,Isobath_shell,1.154087105,103.9039818,7.5,7.5
14,Isobaths,Isobath_shell,1.154141367,103.9039549,7.5,7.5
14,Isobaths,Isobath_shell,1.154182143,103.9039069,7.5,7.5
14,Isobaths,Isobath_shell,1.154227269,103.9038171,7.5,7.5
14,Isobaths,Isobath_shell,1.154267505,103.9037272,7.5,7.5
14,Isobaths,Isobath_shell,1.15429915,103.9036194,7.5,7.5
14,Isobaths,Isobath_shell,1.154341391,103.9034397,7.5,7.5
14,Isobaths,Isobath_shell,1.154350326,103.9033858,7.5,7.5
14,Isobaths,Isobath_shell,1.154351202,103.9033319,7.5,7.5
14,Isobaths,Isobath_shell,1.154345212,103.90326,7.5,7.5
14,Isobaths,Isobath_shell,1.154317869,103.9031342,7.5,7.5
14,Isobaths,Isobath_shell,1.154312503,103.9030983,7.5,7.5
14,Isobaths,Isobath_shell,1.154314859,103.9030624,7.5,7.5
14,Isobaths,Isobath_shell,1.154328179,103.9030084,7.5,7.5
14,Isobaths,Isobath_shell,1.154409268,103.9027928,7.5,7.5
14,Isobaths,Isobath_shell,1.154448851,103.9027168,7.5,7.5
14,Isobaths,Isobath_shell,1.154485026,103.9026654,7.5,7.5
14,Isobaths,Isobath_shell,1.154560897,103.9025951,7.5,7.5
14,Isobaths,Isobath_shell,1.154624895,103.9025053,7.5,7.5
14,Isobaths,Isobath_shell,1.154649857,103.9024514,7.5,7.5
14,Isobaths,Isobath_shell,1.15468491,103.9023615,7.5,7.5
14,Isobaths,Isobath_shell,1.154836525,103.9020381,7.5,7.5
14,Isobaths,Isobath_shell,1.154850163,103.9020021,7.5,7.5
14,Isobaths,Isobath_shell,1.154870997,103.9019303,7.5,7.5
14,Isobaths,Isobath_shell,1.154883458,103.9018763,7.5,7.5
14,Isobaths,Isobath_shell,1.154895187,103.9017865,7.5,7.5
14,Isobaths,Isobath_shell,1.154918268,103.9016607,7.5,7.5
14,Isobaths,Isobath_shell,1.154931491,103.901481,7.5,7.5
14,Isobaths,Isobath_shell,1.154936071,103.9014451,7.5,7.5
14,Isobaths,Isobath_shell,1.154950458,103.9013912,7.5,7.5
14,Isobaths,Isobath_shell,1.154981229,103.9013013,7.5,7.5
14,Isobaths,Isobath_shell,1.15498464,103.9012654,7.5,7.5
14,Isobaths,Isobath_shell,1.154980747,103.9012294,7.5,7.5
14,Isobaths,Isobath_shell,1.154976562,103.9012115,7.5,7.5
14,Isobaths,Isobath_shell,1.15492359,103.9010677,7.5,7.5
14,Isobaths,Isobath_shell,1.154910207,103.9010138,7.5,7.5
14,Isobaths,Isobath_shell,1.154907031,103.9009239,7.5,7.5
14,Isobaths,Isobath_shell,1.154896587,103.9008161,7.5,7.5
14,Isobaths,Isobath_shell,1.154898691,103.9007802,7.5,7.5
14,Isobaths,Isobath_shell,1.15491034,103.9007083,7.5,7.5
14,Isobaths,Isobath_shell,1.154924052,103.9006544,7.5,7.5
14,Isobaths,Isobath_shell,1.154973383,103.9005016,7.5,7.5
14,Isobaths,Isobath_shell,1.155052009,103.900313,7.5,7.5
14,Isobaths,Isobath_shell,1.155119425,103.9001153,7.5,7.5
14,Isobaths,Isobath_shell,1.155154256,103.9000447,7.5,7.5
14,Isobaths,Isobath_shell,1.155243792,103.8998996,7.5,7.5
14,Isobaths,Isobath_shell,1.155268365,103.8998457,7.5,7.5
14,Isobaths,Isobath_shell,1.155278441,103.8998098,7.5,7.5
14,Isobaths,Isobath_shell,1.155326156,103.8995762,7.5,7.5
14,Isobaths,Isobath_shell,1.15535037,103.8994863,7.5,7.5
14,Isobaths,Isobath_shell,1.155372232,103.8994504,7.5,7.5
14,Isobaths,Isobath_shell,1.155517404,103.8992707,7.5,7.5
14,Isobaths,Isobath_shell,1.155542937,103.8992168,7.5,7.5
14,Isobaths,Isobath_shell,1.155547671,103.8991988,7.5,7.5
14,Isobaths,Isobath_shell,1.155549837,103.8991629,7.5,7.5
14,Isobaths,Isobath_shell,1.155544089,103.899109,7.5,7.5
14,Isobaths,Isobath_shell,1.155530316,103.8990371,7.5,7.5
14,Isobaths,Isobath_shell,1.155527759,103.8990011,7.5,7.5
14,Isobaths,Isobath_shell,1.155531904,103.8989652,7.5,7.5
14,Isobaths,Isobath_shell,1.155553173,103.8989113,7.5,7.5
14,Isobaths,Isobath_shell,1.155558369,103.8988933,7.5,7.5
14,Isobaths,Isobath_shell,1.155563156,103.8988574,7.5,7.5
14,Isobaths,Isobath_shell,1.155561415,103.8988214,7.5,7.5
14,Isobaths,Isobath_shell,1.155551086,103.8987675,7.5,7.5
14,Isobaths,Isobath_shell,1.155540965,103.8986957,7.5,7.5
14,Isobaths,Isobath_shell,1.15554033,103.8986417,7.5,7.5
14,Isobaths,Isobath_shell,1.155546664,103.8986058,7.5,7.5
14,Isobaths,Isobath_shell,1.155579692,103.89848,7.5,7.5
14,Isobaths,Isobath_shell,1.155602133,103.8984441,7.5,7.5
14,Isobaths,Isobath_shell,1.155624526,103.8984218,7.5,7.5
14,Isobaths,Isobath_shell,1.1558054,103.8982883,7.5,7.5
14,Isobaths,Isobath_shell,1.155874966,103.8982284,7.5,7.5
14,Isobaths,Isobath_shell,1.15591999,103.8981745,7.5,7.5
14,Isobaths,Isobath_shell,1.155989959,103.8980667,7.5,7.5
14,Isobaths,Isobath_shell,1.156024416,103.8980308,7.5,7.5
14,Isobaths,Isobath_shell,1.156384194,103.8977903,7.5,7.5
14,Isobaths,Isobath_shell,1.156420368,103.8977561,7.5,7.5
14,Isobaths,Isobath_shell,1.156439079,103.8977253,7.5,7.5
14,Isobaths,Isobath_shell,1.15644518,103.8977073,7.5,7.5
14,Isobaths,Isobath_shell,1.156456543,103.8976893,7.5,7.5
14,Isobaths,Isobath_shell,1.156456543,103.8976714,7.5,7.5
14,Isobaths,Isobath_shell,1.15647463,103.8976714,7.5,7.5
14,Isobaths,Isobath_shell,1.156492718,103.8976893,7.5,7.5
14,Isobaths,Isobath_shell,1.156510805,103.8977073,7.5,7.5
14,Isobaths,Isobath_shell,1.156528892,103.8977073,7.5,7.5
14,Isobaths,Isobath_shell,1.156546979,103.8977253,7.5,7.5
14,Isobaths,Isobath_shell,1.156565067,103.8977433,7.5,7.5
14,Isobaths,Isobath_shell,1.156583154,103.8977433,7.5,7.5
14,Isobaths,Isobath_shell,1.156601241,103.8977612,7.5,7.5
14,Isobaths,Isobath_shell,1.156619329,103.8977792,7.5,7.5
14,Isobaths,Isobath_shell,1.156637416,103.8977792,7.5,7.5
14,Isobaths,Isobath_shell,1.156655503,103.8977972,7.5,7.5
14,Isobaths,Isobath_shell,1.156673591,103.8978151,7.5,7.5
14,Isobaths,Isobath_shell,1.156691678,103.8978331,7.5,7.5
14,Isobaths,Isobath_shell,1.156709765,103.8978331,7.5,7.5
14,Isobaths,Isobath_shell,1.156727853,103.8978511,7.5,7.5
14,Isobaths,Isobath_shell,1.15674594,103.897869,7.5,7.5
14,Isobaths,Isobath_shell,1.156764027,103.897869,7.5,7.5
14,Isobaths,Isobath_shell,1.156782115,103.897887,7.5,7.5
14,Isobaths,Isobath_shell,1.156782115,103.897905,7.5,7.5
14,Isobaths,Isobath_shell,1.156767803,103.897923,7.5,7.5
14,Isobaths,Isobath_shell,1.15674594,103.8979682,7.5,7.5
14,Isobaths,Isobath_shell,1.156709765,103.8980076,7.5,7.5
14,Isobaths,Isobath_shell,1.156544432,103.8981206,7.5,7.5
14,Isobaths,Isobath_shell,1.156478851,103.8981745,7.5,7.5
14,Isobaths,Isobath_shell,1.156447443,103.8982105,7.5,7.5
14,Isobaths,Isobath_shell,1.156346456,103.8983722,7.5,7.5
14,Isobaths,Isobath_shell,1.156305653,103.8984261,7.5,7.5
14,Isobaths,Isobath_shell,1.156248472,103.89848,7.5,7.5
14,Isobaths,Isobath_shell,1.156090747,103.8986058,7.5,7.5
14,Isobaths,Isobath_shell,1.156058031,103.8986417,7.5,7.5
14,Isobaths,Isobath_shell,1.156036067,103.8986777,7.5,7.5
14,Isobaths,Isobath_shell,1.155976691,103.8988035,7.5,7.5
14,Isobaths,Isobath_shell,1.155964079,103.8988574,7.5,7.5
14,Isobaths,Isobath_shell,1.155962709,103.8989113,7.5,7.5
14,Isobaths,Isobath_shell,1.155956155,103.8989472,7.5,7.5
14,Isobaths,Isobath_shell,1.155936424,103.8990011,7.5,7.5
14,Isobaths,Isobath_shell,1.155901401,103.8990551,7.5,7.5
14,Isobaths,Isobath_shell,1.155883645,103.899091,7.5,7.5
14,Isobaths,Isobath_shell,1.155875596,103.8991269,7.5,7.5
14,Isobaths,Isobath_shell,1.155869557,103.8992168,7.5,7.5
14,Isobaths,Isobath_shell,1.155858664,103.8992527,7.5,7.5
14,Isobaths,Isobath_shell,1.155849546,103.8992707,7.5,7.5
14,Isobaths,Isobath_shell,1.155813831,103.8993246,7.5,7.5
14,Isobaths,Isobath_shell,1.155580841,103.8996121,7.5,7.5
14,Isobaths,Isobath_shell,1.155489581,103.8997559,7.5,7.5
14,Isobaths,Isobath_shell,1.155433117,103.8998817,7.5,7.5
14,Isobaths,Isobath_shell,1.155413676,103.8999176,7.5,7.5
14,Isobaths,Isobath_shell,1.155278126,103.9001333,7.5,7.5
14,Isobaths,Isobath_shell,1.155239025,103.9002051,7.5,7.5
14,Isobaths,Isobath_shell,1.155180018,103.9003669,7.5,7.5
14,Isobaths,Isobath_shell,1.155089955,103.9005645,7.5,7.5
14,Isobaths,Isobath_shell,1.155043178,103.9006903,7.5,7.5
14,Isobaths,Isobath_shell,1.155034644,103.9007263,7.5,7.5
14,Isobaths,Isobath_shell,1.155034401,103.9007622,7.5,7.5
14,Isobaths,Isobath_shell,1.155043336,103.9007981,7.5,7.5
14,Isobaths,Isobath_shell,1.155071733,103.90087,7.5,7.5
14,Isobaths,Isobath_shell,1.15509853,103.9009599,7.5,7.5
14,Isobaths,Isobath_shell,1.155215284,103.9012654,7.5,7.5
14,Isobaths,Isobath_shell,1.155223816,103.9013013,7.5,7.5
14,Isobaths,Isobath_shell,1.155225674,103.9013372,7.5,7.5
14,Isobaths,Isobath_shell,1.155219681,103.9013732,7.5,7.5
14,Isobaths,Isobath_shell,1.155198152,103.9014451,7.5,7.5
14,Isobaths,Isobath_shell,1.155193551,103.901481,7.5,7.5
14,Isobaths,Isobath_shell,1.15520165,103.9016966,7.5,7.5
14,Isobaths,Isobath_shell,1.155198946,103.9018763,7.5,7.5
14,Isobaths,Isobath_shell,1.155195806,103.9019123,7.5,7.5
14,Isobaths,Isobath_shell,1.155182292,103.9019842,7.5,7.5
14,Isobaths,Isobath_shell,1.155160791,103.902074,7.5,7.5
14,Isobaths,Isobath_shell,1.155057868,103.9023975,7.5,7.5
14,Isobaths,Isobath_shell,1.155050352,103.9024334,7.5,7.5
14,Isobaths,Isobath_shell,1.155042291,103.9025053,7.5,7.5
14,Isobaths,Isobath_shell,1.155035161,103.9025412,7.5,7.5
14,Isobaths,Isobath_shell,1.155001871,103.9026311,7.5,7.5
14,Isobaths,Isobath_shell,1.154982666,103.902667,7.5,7.5
14,Isobaths,Isobath_shell,1.154925959,103.9027569,7.5,7.5
14,Isobaths,Isobath_shell,1.154859595,103.9028287,7.5,7.5
14,Isobaths,Isobath_shell,1.154810597,103.9028579,7.5,7.5
14,Isobaths,Isobath_shell,1.154742546,103.9028827,7.5,7.5
14,Isobaths,Isobath_shell,1.154466938,103.9029571,7.5,7.5
14,Isobaths,Isobath_shell,1.154448851,103.9029712,7.5,7.5
14,Isobaths,Isobath_shell,1.154422237,103.9030084,7.5,7.5
14,Isobaths,Isobath_shell,1.154407078,103.9030444,7.5,7.5
14,Isobaths,Isobath_shell,1.154401311,103.9030803,7.5,7.5
14,Isobaths,Isobath_shell,1.154402953,103.9030983,7.5,7.5
14,Isobaths,Isobath_shell,1.154407995,103.9031163,7.5,7.5
14,Isobaths,Isobath_shell,1.154430764,103.9031568,7.5,7.5
14,Isobaths,Isobath_shell,1.154466938,103.9031868,7.5,7.5
14,Isobaths,Isobath_shell,1.154629724,103.9032341,7.5,7.5
14,Isobaths,Isobath_shell,1.154683986,103.9032598,7.5,7.5
14,Isobaths,Isobath_shell,1.154708231,103.903278,7.5,7.5
14,Isobaths,Isobath_shell,1.154724651,103.903296,7.5,7.5
14,Isobaths,Isobath_shell,1.154746436,103.9033499,7.5,7.5
14,Isobaths,Isobath_shell,1.154754757,103.9033858,7.5,7.5
14,Isobaths,Isobath_shell,1.154755829,103.9034038,7.5,7.5
14,Isobaths,Isobath_shell,1.154751303,103.9034218,7.5,7.5
14,Isobaths,Isobath_shell,1.154730253,103.9034577,7.5,7.5
14,Isobaths,Isobath_shell,1.154716253,103.9034936,7.5,7.5
14,Isobaths,Isobath_shell,1.154703365,103.9035835,7.5,7.5
14,Isobaths,Isobath_shell,1.154691769,103.9036194,7.5,7.5
14,Isobaths,Isobath_shell,1.154618388,103.9037452,7.5,7.5
14,Isobaths,Isobath_shell,1.154579432,103.9037812,7.5,7.5
14,Isobaths,Isobath_shell,1.154542576,103.9037991,7.5,7.5
14,Isobaths,Isobath_shell,1.154304152,103.9038592,7.5,7.5
14,Isobaths,Isobath_shell,1.154286065,103.9038727,7.5,7.5
14,Isobaths,Isobath_shell,1.154244557,103.9039429,7.5,7.5
14,Isobaths,Isobath_shell,1.154197842,103.9039968,7.5,7.5
14,Isobaths,Isobath_shell,1.154140972,103.9040507,7.5,7.5
14,Isobaths,Isobath_shell,1.154130957,103.9040687,7.5,7.5
14,Isobaths,Isobath_shell,1.154115723,103.9041046,7.5,7.5
14,Isobaths,Isobath_shell,1.154103984,103.9041585,7.5,7.5
14,Isobaths,Isobath_shell,1.1540743,103.9042663,7.5,7.5
14,Isobaths,Isobath_shell,1.154070481,103.9043023,7.5,7.5
14,Isobaths,Isobath_shell,1.154072306,103.9043382,7.5,7.5
14,Isobaths,Isobath_shell,1.154101693,103.904464,7.5,7.5
14,Isobaths,Isobath_shell,1.154107498,103.9045,7.5,7.5
14,Isobaths,Isobath_shell,1.154110053,103.9045359,7.5,7.5
14,Isobaths,Isobath_shell,1.154108955,103.9045718,7.5,7.5
14,Isobaths,Isobath_shell,1.154105192,103.9046032,7.5,7.5
14,Isobaths,Isobath_shell,1.154075513,103.9047156,7.5,7.5
14,Isobaths,Isobath_shell,1.154073407,103.9047336,7.5,7.5
14,Isobaths,Isobath_shell,1.154074353,103.9047515,7.5,7.5
14,Isobaths,Isobath_shell,1.154087105,103.9047892,7.5,7.5
14,Isobaths,Isobath_shell,1.154099479,103.9048054,7.5,7.5
14,Isobaths,Isobath_shell,1.154123279,103.9048219,7.5,7.5
14,Isobaths,Isobath_shell,1.154195628,103.9048321,7.5,7.5
14,Isobaths,Isobath_shell,1.154557375,103.9048042,7.5,7.5
14,Isobaths,Isobath_shell,1.154810597,103.9048006,7.5,7.5
14,Isobaths,Isobath_shell,1.154901034,103.9048057,7.5,7.5
14,Isobaths,Isobath_shell,1.15499147,103.9048209,7.5,7.5
14,Isobaths,Isobath_shell,1.155009558,103.9048308,7.5,7.5
14,Isobaths,Isobath_shell,1.155039005,103.9048594,7.5,7.5
14,Isobaths,Isobath_shell,1.155058531,103.9048953,7.5,7.5
14,Isobaths,Isobath_shell,1.155061415,103.9049133,7.5,7.5
14,Isobaths,Isobath_shell,1.155060512,103.9049312,7.5,7.5
14,Isobaths,Isobath_shell,1.154977592,103.9054883,7.5,7.5
14,Isobaths,Isobath_shell,1.154973682,103.9055602,7.5,7.5
14,Isobaths,Isobath_shell,1.154978133,103.9055961,7.5,7.5
14,Isobaths,Isobath_shell,1.154983454,103.9056141,7.5,7.5
14,Isobaths,Isobath_shell,1.154991753,103.9056321,7.5,7.5
14,Isobaths,Isobath_shell,1.155009558,103.9056532,7.5,7.5
14,Isobaths,Isobath_shell,1.155081907,103.9057065,7.5,7.5
14,Isobaths,Isobath_shell,1.155431418,103.9059196,7.5,7.5
14,Isobaths,Isobath_shell,1.155439408,103.9059375,7.5,7.5
14,Isobaths,Isobath_shell,1.155439408,103.9059915,7.5,7.5
14,Isobaths,Isobath_shell,1.155443653,103.9059915,7.5,7.5
14,Isobaths,Isobath_shell,1.155443653,103.9060094,7.5,7.5
14,Isobaths,Isobath_shell,1.155425566,103.9060094,7.5,7.5
14,Isobaths,Isobath_shell,1.155425566,103.9060274,7.5,7.5
14,Isobaths,Isobath_shell,1.155389391,103.9060274,7.5,7.5
14,Isobaths,Isobath_shell,1.155389391,103.9060454,7.5,7.5
14,Isobaths,Isobath_shell,1.155371304,103.9060454,7.5,7.5
14,Isobaths,Isobath_shell,1.155371304,103.9060633,7.5,7.5
14,Isobaths,Isobath_shell,1.155353217,103.9060633,7.5,7.5
14,Isobaths,Isobath_shell,1.155353217,103.9060813,7.5,7.5
14,Isobaths,Isobath_shell,1.155335129,103.9060813,7.5,7.5
14,Isobaths,Isobath_shell,1.155335129,103.9060993,7.5,7.5
14,Isobaths,Isobath_shell,1.155317042,103.9060993,7.5,7.5
14,Isobaths,Isobath_shell,1.155317042,103.9061172,7.5,7.5
14,Isobaths,Isobath_shell,1.155298955,103.9061172,7.5,7.5
14,Isobaths,Isobath_shell,1.155298955,103.9061352,7.5,7.5
14,Isobaths,Isobath_shell,1.155280867,103.9061352,7.5,7.5
14,Isobaths,Isobath_shell,1.155280867,103.9061532,7.5,7.5
14,Isobaths,Isobath_shell,1.15526278,103.9061532,7.5,7.5
14,Isobaths,Isobath_shell,1.15526278,103.9061712,7.5,7.5
14,Isobaths,Isobath_shell,1.155244693,103.9061712,7.5,7.5
14,Isobaths,Isobath_shell,1.155244693,103.9061891,7.5,7.5
14,Isobaths,Isobath_shell,1.155226605,103.9061891,7.5,7.5
14,Isobaths,Isobath_shell,1.155226605,103.9062071,7.5,7.5
14,Isobaths,Isobath_shell,1.155208518,103.9062071,7.5,7.5
14,Isobaths,Isobath_shell,1.155208518,103.9062251,7.5,7.5
14,Isobaths,Isobath_shell,1.155190431,103.9062251,7.5,7.5
14,Isobaths,Isobath_shell,1.155190431,103.906243,7.5,7.5
14,Isobaths,Isobath_shell,1.155172344,103.906243,7.5,7.5
14,Isobaths,Isobath_shell,1.155172344,103.906261,7.5,7.5
14,Isobaths,Isobath_shell,1.155154256,103.906261,7.5,7.5
14,Isobaths,Isobath_shell,1.155154256,103.906279,7.5,7.5
14,Isobaths,Isobath_shell,1.155136169,103.906279,7.5,7.5
14,Isobaths,Isobath_shell,1.155136169,103.9062969,7.5,7.5
14,Isobaths,Isobath_shell,1.155099994,103.9062969,7.5,7.5
14,Isobaths,Isobath_shell,1.155099994,103.9063149,7.5,7.5
14,Isobaths,Isobath_shell,1.155081907,103.9063149,7.5,7.5
14,Isobaths,Isobath_shell,1.155081907,103.9063329,7.5,7.5
14,Isobaths,Isobath_shell,1.15506382,103.9063329,7.5,7.5
14,Isobaths,Isobath_shell,1.15506382,103.9063509,7.5,7.5
14,Isobaths,Isobath_shell,1.155045732,103.9063509,7.5,7.5
14,Isobaths,Isobath_shell,1.155045732,103.9063688,7.5,7.5
14,Isobaths,Isobath_shell,1.155027645,103.9063688,7.5,7.5
14,Isobaths,Isobath_shell,1.155027645,103.9063868,7.5,7.5
14,Isobaths,Isobath_shell,1.155009558,103.9063868,7.5,7.5
14,Isobaths,Isobath_shell,1.155009558,103.9064048,7.5,7.5
14,Isobaths,Isobath_shell,1.15499147,103.9064048,7.5,7.5
14,Isobaths,Isobath_shell,1.15499147,103.9064227,7.5,7.5
14,Isobaths,Isobath_shell,1.154973383,103.9064227,7.5,7.5
14,Isobaths,Isobath_shell,1.154973383,103.9064407,7.5,7.5
14,Isobaths,Isobath_shell,1.154955296,103.9064407,7.5,7.5
14,Isobaths,Isobath_shell,1.154955296,103.9064587,7.5,7.5
14,Isobaths,Isobath_shell,1.154937208,103.9064587,7.5,7.5
14,Isobaths,Isobath_shell,1.154937208,103.9064766,7.5,7.5
14,Isobaths,Isobath_shell,1.154919121,103.9064766,7.5,7.5
14,Isobaths,Isobath_shell,1.154919121,103.9064946,7.5,7.5
14,Isobaths,Isobath_shell,1.154901034,103.9064946,7.5,7.5
14,Isobaths,Isobath_shell,1.154901034,103.9065126,7.5,7.5
14,Isobaths,Isobath_shell,1.154882946,103.9065126,7.5,7.5
14,Isobaths,Isobath_shell,1.154882946,103.9065306,7.5,7.5
14,Isobaths,Isobath_shell,1.154864859,103.9065306,7.5,7.5
14,Isobaths,Isobath_shell,1.154864859,103.9065485,7.5,7.5
14,Isobaths,Isobath_shell,1.154846772,103.9065485,7.5,7.5
14,Isobaths,Isobath_shell,1.154846772,103.9065665,7.5,7.5
14,Isobaths,Isobath_shell,1.154810597,103.9065665,7.5,7.5
14,Isobaths,Isobath_shell,1.154810597,103.9065845,7.5,7.5
14,Isobaths,Isobath_shell,1.15479251,103.9065845,7.5,7.5
14,Isobaths,Isobath_shell,1.15479251,103.9066024,7.5,7.5
14,Isobaths,Isobath_shell,1.154774423,103.9066024,7.5,7.5
14,Isobaths,Isobath_shell,1.154774423,103.9066204,7.5,7.5
14,Isobaths,Isobath_shell,1.154756335,103.9066204,7.5,7.5
14,Isobaths,Isobath_shell,1.154756335,103.9066384,7.5,7.5
14,Isobaths,Isobath_shell,1.154738248,103.9066384,7.5,7.5
14,Isobaths,Isobath_shell,1.154738248,103.9066563,7.5,7.5
14,Isobaths,Isobath_shell,1.154720161,103.9066563,7.5,7.5
14,Isobaths,Isobath_shell,1.154720161,103.9066743,7.5,7.5
14,Isobaths,Isobath_shell,1.154702073,103.9066743,7.5,7.5
14,Isobaths,Isobath_shell,1.154702073,103.9066923,7.5,7.5
14,Isobaths,Isobath_shell,1.154683986,103.9066923,7.5,7.5
14,Isobaths,Isobath_shell,1.154683986,103.9067103,7.5,7.5
14,Isobaths,Isobath_shell,1.154665899,103.9067103,7.5,7.5
14,Isobaths,Isobath_shell,1.154665899,103.9067282,7.5,7.5
14,Isobaths,Isobath_shell,1.154647811,103.9067282,7.5,7.5
14,Isobaths,Isobath_shell,1.154647811,103.9067462,7.5,7.5
14,Isobaths,Isobath_shell,1.154629724,103.9067462,7.5,7.5
14,Isobaths,Isobath_shell,1.154629724,103.9067642,7.5,7.5
14,Isobaths,Isobath_shell,1.154611637,103.9067642,7.5,7.5
14,Isobaths,Isobath_shell,1.154611637,103.9067821,7.5,7.5
14,Isobaths,Isobath_shell,1.154593549,103.9067821,7.5,7.5
14,Isobaths,Isobath_shell,1.154593549,103.9068001,7.5,7.5
14,Isobaths,Isobath_shell,1.154575462,103.9068001,7.5,7.5
14,Isobaths,Isobath_shell,1.154575462,103.9068181,7.5,7.5
14,Isobaths,Isobath_shell,1.154557375,103.9068181,7.5,7.5
14,Isobaths,Isobath_shell,1.154557375,103.906836,7.5,7.5
14,Isobaths,Isobath_shell,1.15450422,103.906836,7.5,7.5
14,Isobaths,Isobath_shell,1.15450422,103.9067821,7.5,7.5
14,Isobaths,Isobath_shell,1.154485026,103.9067542,7.5,7.5
14,Isobaths,Isobath_shell,1.154458717,103.9067282,7.5,7.5
14,Isobaths,Isobath_shell,1.154358414,103.9066529,7.5,7.5
14,Isobaths,Isobath_shell,1.154327909,103.9066204,7.5,7.5
14,Isobaths,Isobath_shell,1.154313286,103.9065845,7.5,7.5
14,Isobaths,Isobath_shell,1.154310128,103.9065665,7.5,7.5
14,Isobaths,Isobath_shell,1.154308202,103.9065306,7.5,7.5
14,Isobaths,Isobath_shell,1.154311547,103.9064766,7.5,7.5
14,Isobaths,Isobath_shell,1.154320793,103.9064048,7.5,7.5
14,Isobaths,Isobath_shell,1.154538564,103.9049672,7.5,7.5
14,Isobaths,Isobath_shell,1.154540124,103.9049492,7.5,7.5
14,Isobaths,Isobath_shell,1.154537027,103.9049312,7.5,7.5
14,Isobaths,Isobath_shell,1.1545212,103.9049078,7.5,7.5
14,Isobaths,Isobath_shell,1.154485026,103.9048938,7.5,7.5
14,Isobaths,Isobath_shell,1.154358414,103.904889,7.5,7.5
14,Isobaths,Isobath_shell,1.154177541,103.9048943,7.5,7.5
14,Isobaths,Isobath_shell,1.154123279,103.9048874,7.5,7.5
14,Isobaths,Isobath_shell,1.154087105,103.9048708,7.5,7.5
14,Isobaths,Isobath_shell,1.154046293,103.9048414,7.5,7.5
14,Isobaths,Isobath_shell,1.154009789,103.9048054,7.5,7.5
14,Isobaths,Isobath_shell,1.153968787,103.9047515,7.5,7.5
14,Isobaths,Isobath_shell,1.153943339,103.9046976,7.5,7.5
14,Isobaths,Isobath_shell,1.153935357,103.9046617,7.5,7.5
15,Isobaths,Isobath_shell,1.138043654,103.9192175,7.5,7.5
15,Isobaths,Isobath_shell,1.138043654,103.9191814,7.5,7.5
15,Isobaths,Isobath_shell,1.138061742,103.9191814,7.5,7.5
15,Isobaths,Isobath_shell,1.138061742,103.9191455,7.5,7.5
15,Isobaths,Isobath_shell,1.138079829,103.9191455,7.5,7.5
15,Isobaths,Isobath_shell,1.138079829,103.9190916,7.5,7.5
15,Isobaths,Isobath_shell,1.138097916,103.9190916,7.5,7.5
15,Isobaths,Isobath_shell,1.138097916,103.9190556,7.5,7.5
15,Isobaths,Isobath_shell,1.138116004,103.9190556,7.5,7.5
15,Isobaths,Isobath_shell,1.138116004,103.9185934,7.5,7.5
15,Isobaths,Isobath_shell,1.138134091,103.9185934,7.5,7.5
15,Isobaths,Isobath_shell,1.138152178,103.9185637,7.5,7.5
15,Isobaths,Isobath_shell,1.138188353,103.9185493,7.5,7.5
15,Isobaths,Isobath_shell,1.138224528,103.9185193,7.5,7.5
15,Isobaths,Isobath_shell,1.138314964,103.9184727,7.5,7.5
15,Isobaths,Isobath_shell,1.138676711,103.9183656,7.5,7.5
15,Isobaths,Isobath_shell,1.139128894,103.9181636,7.5,7.5
15,Isobaths,Isobath_shell,1.139201243,103.9181116,7.5,7.5
15,Isobaths,Isobath_shell,1.139309767,103.9179712,7.5,7.5
15,Isobaths,Isobath_shell,1.13935255,103.9179415,7.5,7.5
15,Isobaths,Isobath_shell,1.139418291,103.9179267,7.5,7.5
15,Isobaths,Isobath_shell,1.139852386,103.9178765,7.5,7.5
15,Isobaths,Isobath_shell,1.140105609,103.9178747,7.5,7.5
15,Isobaths,Isobath_shell,1.140177958,103.9178858,7.5,7.5
15,Isobaths,Isobath_shell,1.140485643,103.9179594,7.5,7.5
15,Isobaths,Isobath_shell,1.140539704,103.917978,7.5,7.5
15,Isobaths,Isobath_shell,1.140593966,103.9180125,7.5,7.5
15,Isobaths,Isobath_shell,1.1408465,103.918247,7.5,7.5
15,Isobaths,Isobath_shell,1.140892649,103.9183009,7.5,7.5
15,Isobaths,Isobath_shell,1.140922862,103.9183548,7.5,7.5
15,Isobaths,Isobath_shell,1.141028062,103.9186072,7.5,7.5
15,Isobaths,Isobath_shell,1.141082324,103.918689,7.5,7.5
15,Isobaths,Isobath_shell,1.141516419,103.9190148,7.5,7.5
15,Isobaths,Isobath_shell,1.141606856,103.9190654,7.5,7.5
15,Isobaths,Isobath_shell,1.141661118,103.9190753,7.5,7.5
15,Isobaths,Isobath_shell,1.141841991,103.9190543,7.5,7.5
15,Isobaths,Isobath_shell,1.141950515,103.9190616,7.5,7.5
15,Isobaths,Isobath_shell,1.14198669,103.9190564,7.5,7.5
15,Isobaths,Isobath_shell,1.142059039,103.9190227,7.5,7.5
15,Isobaths,Isobath_shell,1.142257999,103.9188852,7.5,7.5
15,Isobaths,Isobath_shell,1.142312261,103.9188622,7.5,7.5
15,Isobaths,Isobath_shell,1.142366523,103.918854,7.5,7.5
15,Isobaths,Isobath_shell,1.142782532,103.9188598,7.5,7.5
15,Isobaths,Isobath_shell,1.142836794,103.9188794,7.5,7.5
15,Isobaths,Isobath_shell,1.142981492,103.9189889,7.5,7.5
15,Isobaths,Isobath_shell,1.143053841,103.9190121,7.5,7.5
15,Isobaths,Isobath_shell,1.143071929,103.9190002,7.5,7.5
15,Isobaths,Isobath_shell,1.143090016,103.9189837,7.5,7.5
15,Isobaths,Isobath_shell,1.143108103,103.9190017,7.5,7.5
15,Isobaths,Isobath_shell,1.143126191,103.9190197,7.5,7.5
15,Isobaths,Isobath_shell,1.143126191,103.9191095,7.5,7.5
15,Isobaths,Isobath_shell,1.143144278,103.9191275,7.5,7.5
15,Isobaths,Isobath_shell,1.143144278,103.9192173,7.5,7.5
15,Isobaths,Isobath_shell,1.143162365,103.9192353,7.5,7.5
15,Isobaths,Isobath_shell,1.143162365,103.9193252,7.5,7.5
15,Isobaths,Isobath_shell,1.143180453,103.9193431,7.5,7.5
15,Isobaths,Isobath_shell,1.143180453,103.919433,7.5,7.5
15,Isobaths,Isobath_shell,1.14319854,103.919451,7.5,7.5
15,Isobaths,Isobath_shell,1.14319854,103.9195408,7.5,7.5
15,Isobaths,Isobath_shell,1.143216627,103.9195588,7.5,7.5
15,Isobaths,Isobath_shell,1.143216627,103.9196307,7.5,7.5
15,Isobaths,Isobath_shell,1.143234715,103.9196486,7.5,7.5
15,Isobaths,Isobath_shell,1.143234715,103.9197385,7.5,7.5
15,Isobaths,Isobath_shell,1.143252802,103.9197564,7.5,7.5
15,Isobaths,Isobath_shell,1.143252802,103.9198463,7.5,7.5
15,Isobaths,Isobath_shell,1.143234715,103.9198283,7.5,7.5
15,Isobaths,Isobath_shell,1.143216627,103.9198394,7.5,7.5
15,Isobaths,Isobath_shell,1.14319854,103.9198476,7.5,7.5
15,Isobaths,Isobath_shell,1.143126191,103.919825,7.5,7.5
15,Isobaths,Isobath_shell,1.143108103,103.9198129,7.5,7.5
15,Isobaths,Isobath_shell,1.142674008,103.9195122,7.5,7.5
15,Isobaths,Isobath_shell,1.142637833,103.9194773,7.5,7.5
15,Isobaths,Isobath_shell,1.142547397,103.9193627,7.5,7.5
15,Isobaths,Isobath_shell,1.142511222,103.9193449,7.5,7.5
15,Isobaths,Isobath_shell,1.142475047,103.9193388,7.5,7.5
15,Isobaths,Isobath_shell,1.142330349,103.9193374,7.5,7.5
15,Isobaths,Isobath_shell,1.142257999,103.9193559,7.5,7.5
15,Isobaths,Isobath_shell,1.142203738,103.9193865,7.5,7.5
15,Isobaths,Isobath_shell,1.141896253,103.9196049,7.5,7.5
15,Isobaths,Isobath_shell,1.141787729,103.9196943,7.5,7.5
15,Isobaths,Isobath_shell,1.141733467,103.9197074,7.5,7.5
15,Isobaths,Isobath_shell,1.141679205,103.9196921,7.5,7.5
15,Isobaths,Isobath_shell,1.141633565,103.9196486,7.5,7.5
15,Isobaths,Isobath_shell,1.141569859,103.9195408,7.5,7.5
15,Isobaths,Isobath_shell,1.141510911,103.9194689,7.5,7.5
15,Isobaths,Isobath_shell,1.141100411,103.9191627,7.5,7.5
15,Isobaths,Isobath_shell,1.141064237,103.9191433,7.5,7.5
15,Isobaths,Isobath_shell,1.141028062,103.9191346,7.5,7.5
15,Isobaths,Isobath_shell,1.140919538,103.9191629,7.5,7.5
15,Isobaths,Isobath_shell,1.140829101,103.9191515,7.5,7.5
15,Isobaths,Isobath_shell,1.140756752,103.9191218,7.5,7.5
15,Isobaths,Isobath_shell,1.140697215,103.9190736,7.5,7.5
15,Isobaths,Isobath_shell,1.140659419,103.9190197,7.5,7.5
15,Isobaths,Isobath_shell,1.140649691,103.9189478,7.5,7.5
15,Isobaths,Isobath_shell,1.140666316,103.9188804,7.5,7.5
15,Isobaths,Isobath_shell,1.140702916,103.918804,7.5,7.5
15,Isobaths,Isobath_shell,1.140704422,103.9187681,7.5,7.5
15,Isobaths,Isobath_shell,1.140687508,103.9187142,7.5,7.5
15,Isobaths,Isobath_shell,1.140550731,103.9183907,7.5,7.5
15,Isobaths,Isobath_shell,1.140492161,103.9183188,7.5,7.5
15,Isobaths,Isobath_shell,1.140376918,103.9182195,7.5,7.5
15,Isobaths,Isobath_shell,1.140304569,103.9181903,7.5,7.5
15,Isobaths,Isobath_shell,1.140159871,103.9181589,7.5,7.5
15,Isobaths,Isobath_shell,1.140087521,103.9181538,7.5,7.5
15,Isobaths,Isobath_shell,1.139816212,103.9181561,7.5,7.5
15,Isobaths,Isobath_shell,1.139635338,103.9181754,7.5,7.5
15,Isobaths,Isobath_shell,1.139561253,103.9181931,7.5,7.5
15,Isobaths,Isobath_shell,1.139508727,103.918235,7.5,7.5
15,Isobaths,Isobath_shell,1.139364029,103.9184293,7.5,7.5
15,Isobaths,Isobath_shell,1.139309767,103.9184835,7.5,7.5
15,Isobaths,Isobath_shell,1.139255505,103.9185253,7.5,7.5
15,Isobaths,Isobath_shell,1.139183156,103.9185653,7.5,7.5
15,Isobaths,Isobath_shell,1.138658623,103.9188006,7.5,7.5
15,Isobaths,Isobath_shell,1.138550099,103.9188622,7.5,7.5
15,Isobaths,Isobath_shell,1.138532012,103.9188794,7.5,7.5
15,Isobaths,Isobath_shell,1.138516311,103.9189119,7.5,7.5
15,Isobaths,Isobath_shell,1.138514807,103.9189478,7.5,7.5
15,Isobaths,Isobath_shell,1.138528601,103.9190197,7.5,7.5
15,Isobaths,Isobath_shell,1.138524214,103.9190556,7.5,7.5
15,Isobaths,Isobath_shell,1.138493045,103.9191095,7.5,7.5
15,Isobaths,Isobath_shell,1.138441575,103.9191535,7.5,7.5
15,Isobaths,Isobath_shell,1.138296877,103.9192445,7.5,7.5
15,Isobaths,Isobath_shell,1.138242615,103.9192641,7.5,7.5
15,Isobaths,Isobath_shell,1.138170266,103.9192655,7.5,7.5
15,Isobaths,Isobath_shell,1.138134091,103.9192532,7.5,7.5
15,Isobaths,Isobath_shell,1.138097916,103.919224,7.5,7.5
15,Isobaths,Isobath_shell,1.138043654,103.9192175,7.5,7.5
16,Isobaths,Isobath_shell,1.150849475,103.8956408,7.5,7.5
16,Isobaths,Isobath_shell,1.150849475,103.895625,7.5,7.5
16,Isobaths,Isobath_shell,1.15085465,103.8956228,7.5,7.5
16,Isobaths,Isobath_shell,1.15085465,103.8955869,7.5,7.5
16,Isobaths,Isobath_shell,1.150864343,103.8955689,7.5,7.5
16,Isobaths,Isobath_shell,1.150903737,103.8955538,7.5,7.5
16,Isobaths,Isobath_shell,1.150939912,103.8955572,7.5,7.5
16,Isobaths,Isobath_shell,1.151048435,103.8956024,7.5,7.5
16,Isobaths,Isobath_shell,1.151102697,103.895609,7.5,7.5
16,Isobaths,Isobath_shell,1.151156959,103.8955915,7.5,7.5
16,Isobaths,Isobath_shell,1.151337833,103.8955,7.5,7.5
16,Isobaths,Isobath_shell,1.151374007,103.8954683,7.5,7.5
16,Isobaths,Isobath_shell,1.151403031,103.8954251,7.5,7.5
16,Isobaths,Isobath_shell,1.15147035,103.8952634,7.5,7.5
16,Isobaths,Isobath_shell,1.151500618,103.895216,7.5,7.5
16,Isobaths,Isobath_shell,1.15155488,103.8951765,7.5,7.5
16,Isobaths,Isobath_shell,1.151645317,103.8951392,7.5,7.5
16,Isobaths,Isobath_shell,1.151808103,103.8951077,7.5,7.5
16,Isobaths,Isobath_shell,1.152242198,103.8950585,7.5,7.5
16,Isobaths,Isobath_shell,1.152332635,103.895074,7.5,7.5
16,Isobaths,Isobath_shell,1.152676294,103.895177,7.5,7.5
16,Isobaths,Isobath_shell,1.152748643,103.8951746,7.5,7.5
16,Isobaths,Isobath_shell,1.152802905,103.8951515,7.5,7.5
16,Isobaths,Isobath_shell,1.152983778,103.8950465,7.5,7.5
16,Isobaths,Isobath_shell,1.15311039,103.8949998,7.5,7.5
16,Isobaths,Isobath_shell,1.153488061,103.8948321,7.5,7.5
16,Isobaths,Isobath_shell,1.154105192,103.8945815,7.5,7.5
16,Isobaths,Isobath_shell,1.154177541,103.8945773,7.5,7.5
16,Isobaths,Isobath_shell,1.154267978,103.8945916,7.5,7.5
16,Isobaths,Isobath_shell,1.15432224,103.8946075,7.5,7.5
16,Isobaths,Isobath_shell,1.154376502,103.8946336,7.5,7.5
16,Isobaths,Isobath_shell,1.154448851,103.8946764,7.5,7.5
16,Isobaths,Isobath_shell,1.154485026,103.894706,7.5,7.5
16,Isobaths,Isobath_shell,1.154539287,103.8947878,7.5,7.5
16,Isobaths,Isobath_shell,1.154575462,103.894814,7.5,7.5
16,Isobaths,Isobath_shell,1.154665899,103.8948285,7.5,7.5
16,Isobaths,Isobath_shell,1.154736233,103.8948142,7.5,7.5
16,Isobaths,Isobath_shell,1.154834901,103.8947423,7.5,7.5
16,Isobaths,Isobath_shell,1.154889583,103.8946884,7.5,7.5
16,Isobaths,Isobath_shell,1.154917282,103.8946345,7.5,7.5
16,Isobaths,Isobath_shell,1.154959844,103.8945087,7.5,7.5
16,Isobaths,Isobath_shell,1.155001367,103.8944368,7.5,7.5
16,Isobaths,Isobath_shell,1.155041933,103.8943829,7.5,7.5
16,Isobaths,Isobath_shell,1.155142593,103.894293,7.5,7.5
16,Isobaths,Isobath_shell,1.155497915,103.8939404,7.5,7.5
16,Isobaths,Isobath_shell,1.155588352,103.8938649,7.5,7.5
16,Isobaths,Isobath_shell,1.155642614,103.8938353,7.5,7.5
16,Isobaths,Isobath_shell,1.155678788,103.8938304,7.5,7.5
16,Isobaths,Isobath_shell,1.155769225,103.8938436,7.5,7.5
16,Isobaths,Isobath_shell,1.155787312,103.8938258,7.5,7.5
16,Isobaths,Isobath_shell,1.1558054,103.8938258,7.5,7.5
16,Isobaths,Isobath_shell,1.1558054,103.8938438,7.5,7.5
16,Isobaths,Isobath_shell,1.155787312,103.8938438,7.5,7.5
16,Isobaths,Isobath_shell,1.155787312,103.8939336,7.5,7.5
16,Isobaths,Isobath_shell,1.155769225,103.8939336,7.5,7.5
16,Isobaths,Isobath_shell,1.155769225,103.8940235,7.5,7.5
16,Isobaths,Isobath_shell,1.155751138,103.8940235,7.5,7.5
16,Isobaths,Isobath_shell,1.155751138,103.8940954,7.5,7.5
16,Isobaths,Isobath_shell,1.15573305,103.8940954,7.5,7.5
16,Isobaths,Isobath_shell,1.15573305,103.8941852,7.5,7.5
16,Isobaths,Isobath_shell,1.155714963,103.8941852,7.5,7.5
16,Isobaths,Isobath_shell,1.155714963,103.8942391,7.5,7.5
16,Isobaths,Isobath_shell,1.155696876,103.8942391,7.5,7.5
16,Isobaths,Isobath_shell,1.155678788,103.8942467,7.5,7.5
16,Isobaths,Isobath_shell,1.155606439,103.8942288,7.5,7.5
16,Isobaths,Isobath_shell,1.15553409,103.8941886,7.5,7.5
16,Isobaths,Isobath_shell,1.155497915,103.8941769,7.5,7.5
16,Isobaths,Isobath_shell,1.155461741,103.8941819,7.5,7.5
16,Isobaths,Isobath_shell,1.155407479,103.8942108,7.5,7.5
16,Isobaths,Isobath_shell,1.155335129,103.894269,7.5,7.5
16,Isobaths,Isobath_shell,1.155208518,103.8943879,7.5,7.5
16,Isobaths,Isobath_shell,1.155118082,103.8944335,7.5,7.5
16,Isobaths,Isobath_shell,1.155081907,103.8944653,7.5,7.5
16,Isobaths,Isobath_shell,1.155057851,103.8945266,7.5,7.5
16,Isobaths,Isobath_shell,1.155045732,103.8946345,7.5,7.5
16,Isobaths,Isobath_shell,1.155018833,103.8946884,7.5,7.5
16,Isobaths,Isobath_shell,1.15499013,103.8947243,7.5,7.5
16,Isobaths,Isobath_shell,1.154946743,103.8947602,7.5,7.5
16,Isobaths,Isobath_shell,1.154864859,103.8948031,7.5,7.5
16,Isobaths,Isobath_shell,1.154756335,103.8948746,7.5,7.5
16,Isobaths,Isobath_shell,1.1545212,103.89494,7.5,7.5
16,Isobaths,Isobath_shell,1.154466938,103.8949422,7.5,7.5
16,Isobaths,Isobath_shell,1.154340327,103.8949283,7.5,7.5
16,Isobaths,Isobath_shell,1.154267978,103.8949302,7.5,7.5
16,Isobaths,Isobath_shell,1.154213716,103.8949416,7.5,7.5
16,Isobaths,Isobath_shell,1.153381699,103.8953149,7.5,7.5
16,Isobaths,Isobath_shell,1.153237001,103.8953441,7.5,7.5
16,Isobaths,Isobath_shell,1.153200826,103.8953572,7.5,7.5
16,Isobaths,Isobath_shell,1.152730556,103.8956363,7.5,7.5
16,Isobaths,Isobath_shell,1.152676294,103.8956454,7.5,7.5
16,Isobaths,Isobath_shell,1.152640119,103.8956414,7.5,7.5
16,Isobaths,Isobath_shell,1.152441159,103.8955803,7.5,7.5
16,Isobaths,Isobath_shell,1.152350722,103.8955683,7.5,7.5
16,Isobaths,Isobath_shell,1.152007063,103.8956061,7.5,7.5
16,Isobaths,Isobath_shell,1.151945242,103.8956228,7.5,7.5
16,Isobaths,Isobath_shell,1.151899483,103.8956587,7.5,7.5
16,Isobaths,Isobath_shell,1.151877275,103.8956947,7.5,7.5
16,Isobaths,Isobath_shell,1.151688448,103.8961799,7.5,7.5
16,Isobaths,Isobath_shell,1.151655883,103.8962338,7.5,7.5
16,Isobaths,Isobath_shell,1.151609142,103.8962748,7.5,7.5
16,Isobaths,Isobath_shell,1.15155488,103.8962849,7.5,7.5
16,Isobaths,Isobath_shell,1.151482531,103.8962642,7.5,7.5
16,Isobaths,Isobath_shell,1.151211221,103.8961069,7.5,7.5
16,Isobaths,Isobath_shell,1.151156959,103.8960863,7.5,7.5
16,Isobaths,Isobath_shell,1.151137666,103.89609,7.5,7.5
16,Isobaths,Isobath_shell,1.151101704,103.896126,7.5,7.5
16,Isobaths,Isobath_shell,1.1511005,103.8961619,7.5,7.5
16,Isobaths,Isobath_shell,1.151088747,103.8961799,7.5,7.5
16,Isobaths,Isobath_shell,1.15108461,103.8962181,7.5,7.5
16,Isobaths,Isobath_shell,1.15108461,103.8961978,7.5,7.5
16,Isobaths,Isobath_shell,1.151066523,103.8961799,7.5,7.5
16,Isobaths,Isobath_shell,1.151066523,103.8961619,7.5,7.5
16,Isobaths,Isobath_shell,1.151048435,103.8961439,7.5,7.5
16,Isobaths,Isobath_shell,1.151048435,103.896108,7.5,7.5
16,Isobaths,Isobath_shell,1.151030348,103.89609,7.5,7.5
16,Isobaths,Isobath_shell,1.151030348,103.8960541,7.5,7.5
16,Isobaths,Isobath_shell,1.151012261,103.8960361,7.5,7.5
16,Isobaths,Isobath_shell,1.151012261,103.8960181,7.5,7.5
16,Isobaths,Isobath_shell,1.150994174,103.8960002,7.5,7.5
16,Isobaths,Isobath_shell,1.150994174,103.8959642,7.5,7.5
16,Isobaths,Isobath_shell,1.150976086,103.8959463,7.5,7.5
16,Isobaths,Isobath_shell,1.150976086,103.8959283,7.5,7.5
16,Isobaths,Isobath_shell,1.150957999,103.8959103,7.5,7.5
16,Isobaths,Isobath_shell,1.150957999,103.8958744,7.5,7.5
16,Isobaths,Isobath_shell,1.150939912,103.8958564,7.5,7.5
16,Isobaths,Isobath_shell,1.150939912,103.8958384,7.5,7.5
16,Isobaths,Isobath_shell,1.150921824,103.8958205,7.5,7.5
16,Isobaths,Isobath_shell,1.150921824,103.8957845,7.5,7.5
16,Isobaths,Isobath_shell,1.150903737,103.8957666,7.5,7.5
16,Isobaths,Isobath_shell,1.150903737,103.8957486,7.5,7.5
16,Isobaths,Isobath_shell,1.15088565,103.8957306,7.5,7.5
16,Isobaths,Isobath_shell,1.15088565,103.8956947,7.5,7.5
16,Isobaths,Isobath_shell,1.150867562,103.8956767,7.5,7.5
16,Isobaths,Isobath_shell,1.150867562,103.8956587,7.5,7.5
16,Isobaths,Isobath_shell,1.150849475,103.8956408,7.5,7.5
17,Isobaths,Isobath_shell,1.15372419,103.9010138,12.5,12.5
17,Isobaths,Isobath_shell,1.153730686,103.9009239,12.5,12.5
17,Isobaths,Isobath_shell,1.153730068,103.9007981,12.5,12.5
17,Isobaths,Isobath_shell,1.153732511,103.9007263,12.5,12.5
17,Isobaths,Isobath_shell,1.153732803,103.9006544,12.5,12.5
17,Isobaths,Isobath_shell,1.153731416,103.9006184,12.5,12.5
17,Isobaths,Isobath_shell,1.153725312,103.9005466,12.5,12.5
17,Isobaths,Isobath_shell,1.153724367,103.9004927,12.5,12.5
17,Isobaths,Isobath_shell,1.153726905,103.9004567,12.5,12.5
17,Isobaths,Isobath_shell,1.153735021,103.9003848,12.5,12.5
17,Isobaths,Isobath_shell,1.153754308,103.900277,12.5,12.5
17,Isobaths,Isobath_shell,1.153764452,103.9001872,12.5,12.5
17,Isobaths,Isobath_shell,1.15378196,103.9001153,12.5,12.5
17,Isobaths,Isobath_shell,1.153850503,103.8999895,12.5,12.5
17,Isobaths,Isobath_shell,1.153870057,103.8999232,12.5,12.5
17,Isobaths,Isobath_shell,1.153909087,103.8998098,12.5,12.5
17,Isobaths,Isobath_shell,1.153924319,103.8997418,12.5,12.5
17,Isobaths,Isobath_shell,1.153942406,103.8996983,12.5,12.5
17,Isobaths,Isobath_shell,1.153960493,103.8996732,12.5,12.5
17,Isobaths,Isobath_shell,1.153996668,103.8996523,12.5,12.5
17,Isobaths,Isobath_shell,1.154032843,103.8996503,12.5,12.5
17,Isobaths,Isobath_shell,1.154071601,103.899666,12.5,12.5
17,Isobaths,Isobath_shell,1.154131108,103.899702,12.5,12.5
17,Isobaths,Isobath_shell,1.154161684,103.8997379,12.5,12.5
17,Isobaths,Isobath_shell,1.154170729,103.8997559,12.5,12.5
17,Isobaths,Isobath_shell,1.154174063,103.8997739,12.5,12.5
17,Isobaths,Isobath_shell,1.154166376,103.8998098,12.5,12.5
17,Isobaths,Isobath_shell,1.154153349,103.8998457,12.5,12.5
17,Isobaths,Isobath_shell,1.154102104,103.8999176,12.5,12.5
17,Isobaths,Isobath_shell,1.154094552,103.8999356,12.5,12.5
17,Isobaths,Isobath_shell,1.154090559,103.8999536,12.5,12.5
17,Isobaths,Isobath_shell,1.154089438,103.8999715,12.5,12.5
17,Isobaths,Isobath_shell,1.154096238,103.9000434,12.5,12.5
17,Isobaths,Isobath_shell,1.154095268,103.9000973,12.5,12.5
17,Isobaths,Isobath_shell,1.154096299,103.9001153,12.5,12.5
17,Isobaths,Isobath_shell,1.154108228,103.9001872,12.5,12.5
17,Isobaths,Isobath_shell,1.154111006,103.9002231,12.5,12.5
17,Isobaths,Isobath_shell,1.154095129,103.9003489,12.5,12.5
17,Isobaths,Isobath_shell,1.154094545,103.9003669,12.5,12.5
17,Isobaths,Isobath_shell,1.154093292,103.9004747,12.5,12.5
17,Isobaths,Isobath_shell,1.154100071,103.9005645,12.5,12.5
17,Isobaths,Isobath_shell,1.154102091,103.9006184,12.5,12.5
17,Isobaths,Isobath_shell,1.154102526,103.9007802,12.5,12.5
17,Isobaths,Isobath_shell,1.15409697,103.9008341,12.5,12.5
17,Isobaths,Isobath_shell,1.154080733,103.9009239,12.5,12.5
17,Isobaths,Isobath_shell,1.15407955,103.9009778,12.5,12.5
17,Isobaths,Isobath_shell,1.154083073,103.9010138,12.5,12.5
17,Isobaths,Isobath_shell,1.154085821,103.9010677,12.5,12.5
17,Isobaths,Isobath_shell,1.154077618,103.9011216,12.5,12.5
17,Isobaths,Isobath_shell,1.154067128,103.9011575,12.5,12.5
17,Isobaths,Isobath_shell,1.154059623,103.9011935,12.5,12.5
17,Isobaths,Isobath_shell,1.15405831,103.9012294,12.5,12.5
17,Isobaths,Isobath_shell,1.154063499,103.9012833,12.5,12.5
17,Isobaths,Isobath_shell,1.154091383,103.9014091,12.5,12.5
17,Isobaths,Isobath_shell,1.154098282,103.9014271,12.5,12.5
17,Isobaths,Isobath_shell,1.154100085,103.9014451,12.5,12.5
17,Isobaths,Isobath_shell,1.154098046,103.901463,12.5,12.5
17,Isobaths,Isobath_shell,1.154100259,103.901499,12.5,12.5
17,Isobaths,Isobath_shell,1.154099163,103.9015169,12.5,12.5
17,Isobaths,Isobath_shell,1.154093704,103.9015349,12.5,12.5
17,Isobaths,Isobath_shell,1.154083636,103.9015529,12.5,12.5
17,Isobaths,Isobath_shell,1.154069574,103.9016248,12.5,12.5
17,Isobaths,Isobath_shell,1.154044418,103.9016966,12.5,12.5
17,Isobaths,Isobath_shell,1.154034727,103.9017146,12.5,12.5
17,Isobaths,Isobath_shell,1.15401131,103.9017506,12.5,12.5
17,Isobaths,Isobath_shell,1.153978581,103.9017852,12.5,12.5
17,Isobaths,Isobath_shell,1.153888144,103.9018486,12.5,12.5
17,Isobaths,Isobath_shell,1.153851969,103.9018551,12.5,12.5
17,Isobaths,Isobath_shell,1.153833882,103.9018452,12.5,12.5
17,Isobaths,Isobath_shell,1.153815795,103.9018239,12.5,12.5
17,Isobaths,Isobath_shell,1.153783381,103.9017685,12.5,12.5
17,Isobaths,Isobath_shell,1.153757806,103.9016966,12.5,12.5
17,Isobaths,Isobath_shell,1.153740737,103.9016248,12.5,12.5
17,Isobaths,Isobath_shell,1.153737565,103.9015888,12.5,12.5
17,Isobaths,Isobath_shell,1.153739588,103.9015709,12.5,12.5
17,Isobaths,Isobath_shell,1.153734683,103.9015169,12.5,12.5
17,Isobaths,Isobath_shell,1.153737122,103.901463,12.5,12.5
17,Isobaths,Isobath_shell,1.153734229,103.9014271,12.5,12.5
17,Isobaths,Isobath_shell,1.153735791,103.9013732,12.5,12.5
17,Isobaths,Isobath_shell,1.153734167,103.9013193,12.5,12.5
17,Isobaths,Isobath_shell,1.15373918,103.9012294,12.5,12.5
17,Isobaths,Isobath_shell,1.153739551,103.9011935,12.5,12.5
17,Isobaths,Isobath_shell,1.153736382,103.9011396,12.5,12.5
17,Isobaths,Isobath_shell,1.153727357,103.9010857,12.5,12.5
17,Isobaths,Isobath_shell,1.153724314,103.9010497,12.5,12.5
17,Isobaths,Isobath_shell,1.15372419,103.9010138,12.5,12.5
18,Isobaths,Isobath_shell,1.138079829,103.9180852,12.5,12.5
18,Isobaths,Isobath_shell,1.138079829,103.9179235,12.5,12.5
18,Isobaths,Isobath_shell,1.138097916,103.9179392,12.5,12.5
18,Isobaths,Isobath_shell,1.138116004,103.9179392,12.5,12.5
18,Isobaths,Isobath_shell,1.138188353,103.9179653,12.5,12.5
18,Isobaths,Isobath_shell,1.138242615,103.9179685,12.5,12.5
18,Isobaths,Isobath_shell,1.13827879,103.9179628,12.5,12.5
18,Isobaths,Isobath_shell,1.138875671,103.9177787,12.5,12.5
18,Isobaths,Isobath_shell,1.13902037,103.9177512,12.5,12.5
18,Isobaths,Isobath_shell,1.139092719,103.917702,12.5,12.5
18,Isobaths,Isobath_shell,1.139146981,103.9176811,12.5,12.5
18,Isobaths,Isobath_shell,1.139906648,103.9175957,12.5,12.5
18,Isobaths,Isobath_shell,1.140069434,103.9175926,12.5,12.5
18,Isobaths,Isobath_shell,1.140159871,103.9176073,12.5,12.5
18,Isobaths,Isobath_shell,1.140648228,103.917724,12.5,12.5
18,Isobaths,Isobath_shell,1.140738665,103.9177551,12.5,12.5
18,Isobaths,Isobath_shell,1.140796527,103.9177977,12.5,12.5
18,Isobaths,Isobath_shell,1.141201755,103.9181751,12.5,12.5
18,Isobaths,Isobath_shell,1.141299372,103.9182899,12.5,12.5
18,Isobaths,Isobath_shell,1.141335546,103.9183156,12.5,12.5
18,Isobaths,Isobath_shell,1.141407896,103.9183466,12.5,12.5
18,Isobaths,Isobath_shell,1.141480245,103.9183581,12.5,12.5
18,Isobaths,Isobath_shell,1.141733467,103.9183252,12.5,12.5
18,Isobaths,Isobath_shell,1.141860079,103.9183009,12.5,12.5
18,Isobaths,Isobath_shell,1.14195579,103.9182649,12.5,12.5
18,Isobaths,Isobath_shell,1.141957214,103.918247,12.5,12.5
18,Isobaths,Isobath_shell,1.141933633,103.918229,12.5,12.5
18,Isobaths,Isobath_shell,1.141891166,103.918211,12.5,12.5
18,Isobaths,Isobath_shell,1.141702317,103.9181571,12.5,12.5
18,Isobaths,Isobath_shell,1.141425983,103.9180969,12.5,12.5
18,Isobaths,Isobath_shell,1.141389808,103.9180792,12.5,12.5
18,Isobaths,Isobath_shell,1.141353634,103.9180491,12.5,12.5
18,Isobaths,Isobath_shell,1.141317459,103.9180039,12.5,12.5
18,Isobaths,Isobath_shell,1.140666316,103.9170241,12.5,12.5
18,Isobaths,Isobath_shell,1.140524873,103.9167914,12.5,12.5
18,Isobaths,Isobath_shell,1.140485442,103.9167474,12.5,12.5
18,Isobaths,Isobath_shell,1.140354961,103.9166297,12.5,12.5
18,Isobaths,Isobath_shell,1.139956863,103.9161804,12.5,12.5
18,Isobaths,Isobath_shell,1.139942823,103.9161585,12.5,12.5
18,Isobaths,Isobath_shell,1.139934147,103.9161265,12.5,12.5
18,Isobaths,Isobath_shell,1.139943149,103.9160906,12.5,12.5
18,Isobaths,Isobath_shell,1.139971084,103.9160546,12.5,12.5
18,Isobaths,Isobath_shell,1.140098736,103.9159468,12.5,12.5
18,Isobaths,Isobath_shell,1.140151042,103.9158929,12.5,12.5
18,Isobaths,Isobath_shell,1.140205211,103.915821,12.5,12.5
18,Isobaths,Isobath_shell,1.140205211,103.9157851,12.5,12.5
18,Isobaths,Isobath_shell,1.140214133,103.9157671,12.5,12.5
18,Isobaths,Isobath_shell,1.14023222,103.9157671,12.5,12.5
18,Isobaths,Isobath_shell,1.14023222,103.9157491,12.5,12.5
18,Isobaths,Isobath_shell,1.140286482,103.9157491,12.5,12.5
18,Isobaths,Isobath_shell,1.140286482,103.9157312,12.5,12.5
18,Isobaths,Isobath_shell,1.140322657,103.9157312,12.5,12.5
18,Isobaths,Isobath_shell,1.140322657,103.9157132,12.5,12.5
18,Isobaths,Isobath_shell,1.140376918,103.9157132,12.5,12.5
18,Isobaths,Isobath_shell,1.140376918,103.9156952,12.5,12.5
18,Isobaths,Isobath_shell,1.140413093,103.9156952,12.5,12.5
18,Isobaths,Isobath_shell,1.140413093,103.9156773,12.5,12.5
18,Isobaths,Isobath_shell,1.140467355,103.9156773,12.5,12.5
18,Isobaths,Isobath_shell,1.140467355,103.9156593,12.5,12.5
18,Isobaths,Isobath_shell,1.14050353,103.9156593,12.5,12.5
18,Isobaths,Isobath_shell,1.14050353,103.9156413,12.5,12.5
18,Isobaths,Isobath_shell,1.140557792,103.9156413,12.5,12.5
18,Isobaths,Isobath_shell,1.140557792,103.9156234,12.5,12.5
18,Isobaths,Isobath_shell,1.140593966,103.9156234,12.5,12.5
18,Isobaths,Isobath_shell,1.140593966,103.9156054,12.5,12.5
18,Isobaths,Isobath_shell,1.140648228,103.9156054,12.5,12.5
18,Isobaths,Isobath_shell,1.140648228,103.9155874,12.5,12.5
18,Isobaths,Isobath_shell,1.140684403,103.9155874,12.5,12.5
18,Isobaths,Isobath_shell,1.140684403,103.9155694,12.5,12.5
18,Isobaths,Isobath_shell,1.140738665,103.9155694,12.5,12.5
18,Isobaths,Isobath_shell,1.140738665,103.9155515,12.5,12.5
18,Isobaths,Isobath_shell,1.140774839,103.9155515,12.5,12.5
18,Isobaths,Isobath_shell,1.140774839,103.9155335,12.5,12.5
18,Isobaths,Isobath_shell,1.140829101,103.9155335,12.5,12.5
18,Isobaths,Isobath_shell,1.140829101,103.9155155,12.5,12.5
18,Isobaths,Isobath_shell,1.140865276,103.9155155,12.5,12.5
18,Isobaths,Isobath_shell,1.140865276,103.9154976,12.5,12.5
18,Isobaths,Isobath_shell,1.140919538,103.9154976,12.5,12.5
18,Isobaths,Isobath_shell,1.140919538,103.9154796,12.5,12.5
18,Isobaths,Isobath_shell,1.140955713,103.9154796,12.5,12.5
18,Isobaths,Isobath_shell,1.140955713,103.9154616,12.5,12.5
18,Isobaths,Isobath_shell,1.141009975,103.9154616,12.5,12.5
18,Isobaths,Isobath_shell,1.141009975,103.9154437,12.5,12.5
18,Isobaths,Isobath_shell,1.141028062,103.9154437,12.5,12.5
18,Isobaths,Isobath_shell,1.141028062,103.9154616,12.5,12.5
18,Isobaths,Isobath_shell,1.141014688,103.9154796,12.5,12.5
18,Isobaths,Isobath_shell,1.141014688,103.9154976,12.5,12.5
18,Isobaths,Isobath_shell,1.140956128,103.9155694,12.5,12.5
18,Isobaths,Isobath_shell,1.140902237,103.9156234,12.5,12.5
18,Isobaths,Isobath_shell,1.140393956,103.9160367,12.5,12.5
18,Isobaths,Isobath_shell,1.140351302,103.9160906,12.5,12.5
18,Isobaths,Isobath_shell,1.140345841,103.9161085,12.5,12.5
18,Isobaths,Isobath_shell,1.140345183,103.9161265,12.5,12.5
18,Isobaths,Isobath_shell,1.140349416,103.9161445,12.5,12.5
18,Isobaths,Isobath_shell,1.140384186,103.9161984,12.5,12.5
18,Isobaths,Isobath_shell,1.140575221,103.916414,12.5,12.5
18,Isobaths,Isobath_shell,1.14070249,103.9165407,12.5,12.5
18,Isobaths,Isobath_shell,1.140738665,103.9165832,12.5,12.5
18,Isobaths,Isobath_shell,1.140945551,103.9169352,12.5,12.5
18,Isobaths,Isobath_shell,1.141089476,103.9171508,12.5,12.5
18,Isobaths,Isobath_shell,1.141190848,103.9172885,12.5,12.5
18,Isobaths,Isobath_shell,1.141371721,103.9175633,12.5,12.5
18,Isobaths,Isobath_shell,1.141416282,103.917618,12.5,12.5
18,Isobaths,Isobath_shell,1.141462158,103.9176527,12.5,12.5
18,Isobaths,Isobath_shell,1.141498332,103.917666,12.5,12.5
18,Isobaths,Isobath_shell,1.141878166,103.9177396,12.5,12.5
18,Isobaths,Isobath_shell,1.141950515,103.9177457,12.5,12.5
18,Isobaths,Isobath_shell,1.14198669,103.9177277,12.5,12.5
18,Isobaths,Isobath_shell,1.142011166,103.9176899,12.5,12.5
18,Isobaths,Isobath_shell,1.142033535,103.917618,12.5,12.5
18,Isobaths,Isobath_shell,1.142239912,103.9167021,12.5,12.5
18,Isobaths,Isobath_shell,1.142288854,103.9165039,12.5,12.5
18,Isobaths,Isobath_shell,1.14229825,103.916432,12.5,12.5
18,Isobaths,Isobath_shell,1.142296165,103.9163961,12.5,12.5
18,Isobaths,Isobath_shell,1.142274604,103.9163062,12.5,12.5
18,Isobaths,Isobath_shell,1.142264473,103.9161984,12.5,12.5
18,Isobaths,Isobath_shell,1.142271063,103.9153718,12.5,12.5
18,Isobaths,Isobath_shell,1.142264757,103.9153179,12.5,12.5
18,Isobaths,Isobath_shell,1.142244086,103.915246,12.5,12.5
18,Isobaths,Isobath_shell,1.142239523,103.91521,12.5,12.5
18,Isobaths,Isobath_shell,1.142243953,103.9151741,12.5,12.5
18,Isobaths,Isobath_shell,1.1422628,103.9151022,12.5,12.5
18,Isobaths,Isobath_shell,1.142263434,103.9150303,12.5,12.5
18,Isobaths,Isobath_shell,1.14225759,103.9149764,12.5,12.5
18,Isobaths,Isobath_shell,1.142220136,103.9147967,12.5,12.5
18,Isobaths,Isobath_shell,1.142111826,103.9144014,12.5,12.5
18,Isobaths,Isobath_shell,1.142109869,103.9143834,12.5,12.5
18,Isobaths,Isobath_shell,1.142096541,103.9143475,12.5,12.5
18,Isobaths,Isobath_shell,1.142077126,103.9143381,12.5,12.5
18,Isobaths,Isobath_shell,1.142059039,103.9143381,12.5,12.5
18,Isobaths,Isobath_shell,1.142059039,103.9143115,12.5,12.5
18,Isobaths,Isobath_shell,1.142077126,103.9143115,12.5,12.5
18,Isobaths,Isobath_shell,1.142077126,103.9142936,12.5,12.5
18,Isobaths,Isobath_shell,1.142095214,103.9142936,12.5,12.5
18,Isobaths,Isobath_shell,1.142095214,103.9142756,12.5,12.5
18,Isobaths,Isobath_shell,1.142149476,103.9142756,12.5,12.5
18,Isobaths,Isobath_shell,1.142149476,103.9142576,12.5,12.5
18,Isobaths,Isobath_shell,1.14218565,103.9142576,12.5,12.5
18,Isobaths,Isobath_shell,1.14218565,103.9142397,12.5,12.5
18,Isobaths,Isobath_shell,1.142221825,103.9142397,12.5,12.5
18,Isobaths,Isobath_shell,1.142221825,103.9142217,12.5,12.5
18,Isobaths,Isobath_shell,1.142276087,103.9142217,12.5,12.5
18,Isobaths,Isobath_shell,1.142276087,103.9142037,12.5,12.5
18,Isobaths,Isobath_shell,1.142312261,103.9142037,12.5,12.5
18,Isobaths,Isobath_shell,1.142312261,103.9141858,12.5,12.5
18,Isobaths,Isobath_shell,1.142348436,103.9141858,12.5,12.5
18,Isobaths,Isobath_shell,1.142348436,103.9141678,12.5,12.5
18,Isobaths,Isobath_shell,1.142384611,103.9141678,12.5,12.5
18,Isobaths,Isobath_shell,1.142384611,103.9141498,12.5,12.5
18,Isobaths,Isobath_shell,1.142438873,103.9141498,12.5,12.5
18,Isobaths,Isobath_shell,1.142438873,103.9141318,12.5,12.5
18,Isobaths,Isobath_shell,1.142475047,103.9141318,12.5,12.5
18,Isobaths,Isobath_shell,1.142475047,103.9141139,12.5,12.5
18,Isobaths,Isobath_shell,1.142511222,103.9141139,12.5,12.5
18,Isobaths,Isobath_shell,1.142511222,103.9140959,12.5,12.5
18,Isobaths,Isobath_shell,1.142547397,103.9140959,12.5,12.5
18,Isobaths,Isobath_shell,1.142547397,103.9140779,12.5,12.5
18,Isobaths,Isobath_shell,1.142601659,103.9140779,12.5,12.5
18,Isobaths,Isobath_shell,1.142601659,103.91406,12.5,12.5
18,Isobaths,Isobath_shell,1.142637833,103.91406,12.5,12.5
18,Isobaths,Isobath_shell,1.142637833,103.914042,12.5,12.5
18,Isobaths,Isobath_shell,1.142674008,103.914042,12.5,12.5
18,Isobaths,Isobath_shell,1.142674008,103.914024,12.5,12.5
18,Isobaths,Isobath_shell,1.142710182,103.914024,12.5,12.5
18,Isobaths,Isobath_shell,1.142710182,103.9140061,12.5,12.5
18,Isobaths,Isobath_shell,1.142764444,103.9140061,12.5,12.5
18,Isobaths,Isobath_shell,1.142764444,103.9139881,12.5,12.5
18,Isobaths,Isobath_shell,1.142800619,103.9139881,12.5,12.5
18,Isobaths,Isobath_shell,1.142800619,103.9139701,12.5,12.5
18,Isobaths,Isobath_shell,1.142836794,103.9139701,12.5,12.5
18,Isobaths,Isobath_shell,1.142836794,103.9139521,12.5,12.5
18,Isobaths,Isobath_shell,1.142872968,103.9139521,12.5,12.5
18,Isobaths,Isobath_shell,1.142872968,103.9139701,12.5,12.5
18,Isobaths,Isobath_shell,1.142870214,103.9139881,12.5,12.5
18,Isobaths,Isobath_shell,1.142913424,103.9140779,12.5,12.5
18,Isobaths,Isobath_shell,1.142977493,103.9141498,12.5,12.5
18,Isobaths,Isobath_shell,1.143002064,103.9141858,12.5,12.5
18,Isobaths,Isobath_shell,1.14301599,103.9142217,12.5,12.5
18,Isobaths,Isobath_shell,1.143017667,103.9142576,12.5,12.5
18,Isobaths,Isobath_shell,1.142706427,103.9151561,12.5,12.5
18,Isobaths,Isobath_shell,1.142695493,103.91521,12.5,12.5
18,Isobaths,Isobath_shell,1.142699397,103.915246,12.5,12.5
18,Isobaths,Isobath_shell,1.142719454,103.9152999,12.5,12.5
18,Isobaths,Isobath_shell,1.142758489,103.9153718,12.5,12.5
18,Isobaths,Isobath_shell,1.142758415,103.9154077,12.5,12.5
18,Isobaths,Isobath_shell,1.142731378,103.9154976,12.5,12.5
18,Isobaths,Isobath_shell,1.14243514,103.9163421,12.5,12.5
18,Isobaths,Isobath_shell,1.142434652,103.9163601,12.5,12.5
18,Isobaths,Isobath_shell,1.142445854,103.9163781,12.5,12.5
18,Isobaths,Isobath_shell,1.142471635,103.9163961,12.5,12.5
18,Isobaths,Isobath_shell,1.142580356,103.916432,12.5,12.5
18,Isobaths,Isobath_shell,1.142710182,103.916455,12.5,12.5
18,Isobaths,Isobath_shell,1.143234715,103.916525,12.5,12.5
18,Isobaths,Isobath_shell,1.143290316,103.9165398,12.5,12.5
18,Isobaths,Isobath_shell,1.143315115,103.9165578,12.5,12.5
18,Isobaths,Isobath_shell,1.143326555,103.9165758,12.5,12.5
18,Isobaths,Isobath_shell,1.14334819,103.9167015,12.5,12.5
18,Isobaths,Isobath_shell,1.143384496,103.9167734,12.5,12.5
18,Isobaths,Isobath_shell,1.143596461,103.9170218,12.5,12.5
18,Isobaths,Isobath_shell,1.143632636,103.9170575,12.5,12.5
18,Isobaths,Isobath_shell,1.14366881,103.9170827,12.5,12.5
18,Isobaths,Isobath_shell,1.143704985,103.9170931,12.5,12.5
18,Isobaths,Isobath_shell,1.143723072,103.9170908,12.5,12.5
18,Isobaths,Isobath_shell,1.143777334,103.9170519,12.5,12.5
18,Isobaths,Isobath_shell,1.144075243,103.9167195,12.5,12.5
18,Isobaths,Isobath_shell,1.144115078,103.9166656,12.5,12.5
18,Isobaths,Isobath_shell,1.144112832,103.9166476,12.5,12.5
18,Isobaths,Isobath_shell,1.144099608,103.9166297,12.5,12.5
18,Isobaths,Isobath_shell,1.144044501,103.9165937,12.5,12.5
18,Isobaths,Isobath_shell,1.143955983,103.9165578,12.5,12.5
18,Isobaths,Isobath_shell,1.143777334,103.9165026,12.5,12.5
18,Isobaths,Isobath_shell,1.143759247,103.9164895,12.5,12.5
18,Isobaths,Isobath_shell,1.143742271,103.9164679,12.5,12.5
18,Isobaths,Isobath_shell,1.143730626,103.916432,12.5,12.5
18,Isobaths,Isobath_shell,1.143733625,103.9163961,12.5,12.5
18,Isobaths,Isobath_shell,1.143755665,103.9163601,12.5,12.5
18,Isobaths,Isobath_shell,1.143795421,103.9163438,12.5,12.5
18,Isobaths,Isobath_shell,1.144012469,103.916322,12.5,12.5
18,Isobaths,Isobath_shell,1.144166211,103.9162882,12.5,12.5
18,Isobaths,Isobath_shell,1.144198865,103.9162703,12.5,12.5
18,Isobaths,Isobath_shell,1.144210538,103.9162523,12.5,12.5
18,Isobaths,Isobath_shell,1.144247604,103.916111,12.5,12.5
18,Isobaths,Isobath_shell,1.144265692,103.9160813,12.5,12.5
18,Isobaths,Isobath_shell,1.144283779,103.9160639,12.5,12.5
18,Isobaths,Isobath_shell,1.144338041,103.916035,12.5,12.5
18,Isobaths,Isobath_shell,1.144609351,103.9159343,12.5,12.5
18,Isobaths,Isobath_shell,1.144663613,103.9159325,12.5,12.5
18,Isobaths,Isobath_shell,1.144717875,103.9159529,12.5,12.5
18,Isobaths,Isobath_shell,1.14488066,103.9160657,12.5,12.5
18,Isobaths,Isobath_shell,1.145007272,103.9161877,12.5,12.5
18,Isobaths,Isobath_shell,1.145061534,103.916223,12.5,12.5
18,Isobaths,Isobath_shell,1.145495629,103.9163651,12.5,12.5
18,Isobaths,Isobath_shell,1.145567979,103.9163792,12.5,12.5
18,Isobaths,Isobath_shell,1.145622241,103.9163795,12.5,12.5
18,Isobaths,Isobath_shell,1.145748852,103.9163607,12.5,12.5
18,Isobaths,Isobath_shell,1.145785026,103.9163425,12.5,12.5
18,Isobaths,Isobath_shell,1.145875463,103.9162694,12.5,12.5
18,Isobaths,Isobath_shell,1.145911638,103.9162556,12.5,12.5
18,Isobaths,Isobath_shell,1.145947812,103.9162528,12.5,12.5
18,Isobaths,Isobath_shell,1.146110598,103.9162617,12.5,12.5
18,Isobaths,Isobath_shell,1.14616486,103.9162711,12.5,12.5
18,Isobaths,Isobath_shell,1.146219122,103.9163037,12.5,12.5
18,Isobaths,Isobath_shell,1.146296859,103.9163961,12.5,12.5
18,Isobaths,Isobath_shell,1.146327646,103.91641,12.5,12.5
18,Isobaths,Isobath_shell,1.146363821,103.9164116,12.5,12.5
18,Isobaths,Isobath_shell,1.14643617,103.916395,12.5,12.5
18,Isobaths,Isobath_shell,1.146924527,103.9162446,12.5,12.5
18,Isobaths,Isobath_shell,1.147051139,103.9162161,12.5,12.5
18,Isobaths,Isobath_shell,1.147083937,103.9161984,12.5,12.5
18,Isobaths,Isobath_shell,1.147105401,103.9161719,12.5,12.5
18,Isobaths,Isobath_shell,1.147123488,103.916128,12.5,12.5
18,Isobaths,Isobath_shell,1.147155385,103.9160187,12.5,12.5
18,Isobaths,Isobath_shell,1.147165847,103.9159468,12.5,12.5
18,Isobaths,Isobath_shell,1.147163482,103.9158929,12.5,12.5
18,Isobaths,Isobath_shell,1.147139484,103.9156952,12.5,12.5
18,Isobaths,Isobath_shell,1.147149096,103.9155335,12.5,12.5
18,Isobaths,Isobath_shell,1.147124197,103.9153718,12.5,12.5
18,Isobaths,Isobath_shell,1.147116308,103.9153538,12.5,12.5
18,Isobaths,Isobath_shell,1.147099146,103.9153358,12.5,12.5
18,Isobaths,Isobath_shell,1.147064228,103.9153179,12.5,12.5
18,Isobaths,Isobath_shell,1.146942615,103.915293,12.5,12.5
18,Isobaths,Isobath_shell,1.14690644,103.9152768,12.5,12.5
18,Isobaths,Isobath_shell,1.146873077,103.915246,12.5,12.5
18,Isobaths,Isobath_shell,1.146816003,103.9151672,12.5,12.5
18,Isobaths,Isobath_shell,1.146761741,103.9151211,12.5,12.5
18,Isobaths,Isobath_shell,1.146725567,103.9151101,12.5,12.5
18,Isobaths,Isobath_shell,1.146653218,103.9151143,12.5,12.5
18,Isobaths,Isobath_shell,1.146617043,103.9151092,12.5,12.5
18,Isobaths,Isobath_shell,1.146544694,103.9150772,12.5,12.5
18,Isobaths,Isobath_shell,1.146005547,103.914653,12.5,12.5
18,Isobaths,Isobath_shell,1.145931752,103.9145811,12.5,12.5
18,Isobaths,Isobath_shell,1.145901535,103.9145272,12.5,12.5
18,Isobaths,Isobath_shell,1.145895579,103.9144912,12.5,12.5
18,Isobaths,Isobath_shell,1.145895072,103.9144194,12.5,12.5
18,Isobaths,Isobath_shell,1.145901898,103.9143115,12.5,12.5
18,Isobaths,Isobath_shell,1.14604008,103.9137185,12.5,12.5
18,Isobaths,Isobath_shell,1.146058446,103.9136107,12.5,12.5
18,Isobaths,Isobath_shell,1.14605886,103.9135748,12.5,12.5
18,Isobaths,Isobath_shell,1.146051815,103.9135568,12.5,12.5
18,Isobaths,Isobath_shell,1.146038249,103.9135508,12.5,12.5
18,Isobaths,Isobath_shell,1.146020162,103.9135574,12.5,12.5
18,Isobaths,Isobath_shell,1.1459659,103.9136023,12.5,12.5
18,Isobaths,Isobath_shell,1.145595765,103.9139881,12.5,12.5
18,Isobaths,Isobath_shell,1.145518682,103.914042,12.5,12.5
18,Isobaths,Isobath_shell,1.145477542,103.9140558,12.5,12.5
18,Isobaths,Isobath_shell,1.145441367,103.914053,12.5,12.5
18,Isobaths,Isobath_shell,1.145387105,103.9140318,12.5,12.5
18,Isobaths,Isobath_shell,1.145150416,103.9138803,12.5,12.5
18,Isobaths,Isobath_shell,1.144989184,103.9137468,12.5,12.5
18,Isobaths,Isobath_shell,1.144898748,103.9136848,12.5,12.5
18,Isobaths,Isobath_shell,1.144886217,103.9136646,12.5,12.5
18,Isobaths,Isobath_shell,1.144879733,103.9136287,12.5,12.5
18,Isobaths,Isobath_shell,1.144886773,103.9135748,12.5,12.5
18,Isobaths,Isobath_shell,1.144911529,103.913467,12.5,12.5
18,Isobaths,Isobath_shell,1.144931898,103.913413,12.5,12.5
18,Isobaths,Isobath_shell,1.144960604,103.9133591,12.5,12.5
18,Isobaths,Isobath_shell,1.145020846,103.9132693,12.5,12.5
18,Isobaths,Isobath_shell,1.145105598,103.9131615,12.5,12.5
18,Isobaths,Isobath_shell,1.14515197,103.9131172,12.5,12.5
18,Isobaths,Isobath_shell,1.145188145,103.9130987,12.5,12.5
18,Isobaths,Isobath_shell,1.14522432,103.9130961,12.5,12.5
18,Isobaths,Isobath_shell,1.145253209,103.9131076,12.5,12.5
18,Isobaths,Isobath_shell,1.145341065,103.9131615,12.5,12.5
18,Isobaths,Isobath_shell,1.145376185,103.9131974,12.5,12.5
18,Isobaths,Isobath_shell,1.145387105,103.9132179,12.5,12.5
18,Isobaths,Isobath_shell,1.145395442,103.9132513,12.5,12.5
18,Isobaths,Isobath_shell,1.145396352,103.9133771,12.5,12.5
18,Isobaths,Isobath_shell,1.14540703,103.913449,12.5,12.5
18,Isobaths,Isobath_shell,1.145432099,103.9134849,12.5,12.5
18,Isobaths,Isobath_shell,1.145477542,103.9134955,12.5,12.5
18,Isobaths,Isobath_shell,1.145825375,103.9133951,12.5,12.5
18,Isobaths,Isobath_shell,1.146074423,103.9133427,12.5,12.5
18,Isobaths,Isobath_shell,1.146092511,103.9133315,12.5,12.5
18,Isobaths,Isobath_shell,1.146118083,103.9132873,12.5,12.5
18,Isobaths,Isobath_shell,1.146134946,103.9132693,12.5,12.5
18,Isobaths,Isobath_shell,1.146169382,103.9132513,12.5,12.5
18,Isobaths,Isobath_shell,1.146219122,103.9132401,12.5,12.5
18,Isobaths,Isobath_shell,1.146327646,103.9132346,12.5,12.5
18,Isobaths,Isobath_shell,1.146761741,103.9132472,12.5,12.5
18,Isobaths,Isobath_shell,1.146816003,103.9132376,12.5,12.5
18,Isobaths,Isobath_shell,1.146888353,103.9131987,12.5,12.5
18,Isobaths,Isobath_shell,1.147051139,103.913064,12.5,12.5
18,Isobaths,Isobath_shell,1.147141575,103.9129996,12.5,12.5
18,Isobaths,Isobath_shell,1.147232012,103.9129563,12.5,12.5
18,Isobaths,Isobath_shell,1.147323376,103.9129279,12.5,12.5
18,Isobaths,Isobath_shell,1.147503321,103.9129004,12.5,12.5
18,Isobaths,Isobath_shell,1.147792719,103.9128861,12.5,12.5
18,Isobaths,Isobath_shell,1.148136378,103.9128429,12.5,12.5
18,Isobaths,Isobath_shell,1.14819064,103.9128291,12.5,12.5
18,Isobaths,Isobath_shell,1.148225828,103.9128021,12.5,12.5
18,Isobaths,Isobath_shell,1.148244822,103.9127661,12.5,12.5
18,Isobaths,Isobath_shell,1.148260541,103.9127122,12.5,12.5
18,Isobaths,Isobath_shell,1.148430602,103.9120294,12.5,12.5
18,Isobaths,Isobath_shell,1.148438337,103.9119755,12.5,12.5
18,Isobaths,Isobath_shell,1.148425775,103.9119222,12.5,12.5
18,Isobaths,Isobath_shell,1.148401199,103.9118856,12.5,12.5
18,Isobaths,Isobath_shell,1.148317251,103.9117876,12.5,12.5
18,Isobaths,Isobath_shell,1.148136378,103.9116034,12.5,12.5
18,Isobaths,Isobath_shell,1.148082116,103.9115656,12.5,12.5
18,Isobaths,Isobath_shell,1.148009766,103.9115585,12.5,12.5
18,Isobaths,Isobath_shell,1.147467147,103.9116499,12.5,12.5
18,Isobaths,Isobath_shell,1.14737671,103.9116489,12.5,12.5
18,Isobaths,Isobath_shell,1.147286274,103.9116208,12.5,12.5
18,Isobaths,Isobath_shell,1.146942615,103.9114754,12.5,12.5
18,Isobaths,Isobath_shell,1.146797916,103.9114326,12.5,12.5
18,Isobaths,Isobath_shell,1.146761741,103.9114155,12.5,12.5
18,Isobaths,Isobath_shell,1.146725294,103.9113824,12.5,12.5
18,Isobaths,Isobath_shell,1.146715808,103.9113645,12.5,12.5
18,Isobaths,Isobath_shell,1.146708154,103.9113285,12.5,12.5
18,Isobaths,Isobath_shell,1.146715069,103.9112926,12.5,12.5
18,Isobaths,Isobath_shell,1.146733631,103.9112567,12.5,12.5
18,Isobaths,Isobath_shell,1.146784418,103.9111848,12.5,12.5
18,Isobaths,Isobath_shell,1.146956107,103.9109691,12.5,12.5
18,Isobaths,Isobath_shell,1.147071764,103.9108074,12.5,12.5
18,Isobaths,Isobath_shell,1.147078518,103.9107894,12.5,12.5
18,Isobaths,Isobath_shell,1.147078518,103.9107715,12.5,12.5
18,Isobaths,Isobath_shell,1.147069226,103.9107535,12.5,12.5
18,Isobaths,Isobath_shell,1.147087313,103.9107535,12.5,12.5
18,Isobaths,Isobath_shell,1.147087313,103.9107355,12.5,12.5
18,Isobaths,Isobath_shell,1.147105401,103.9107355,12.5,12.5
18,Isobaths,Isobath_shell,1.147105401,103.9107176,12.5,12.5
18,Isobaths,Isobath_shell,1.147123488,103.9107176,12.5,12.5
18,Isobaths,Isobath_shell,1.147123488,103.9106996,12.5,12.5
18,Isobaths,Isobath_shell,1.147141575,103.9106996,12.5,12.5
18,Isobaths,Isobath_shell,1.147141575,103.9106816,12.5,12.5
18,Isobaths,Isobath_shell,1.147159662,103.9106816,12.5,12.5
18,Isobaths,Isobath_shell,1.147159662,103.9106636,12.5,12.5
18,Isobaths,Isobath_shell,1.147195837,103.9106636,12.5,12.5
18,Isobaths,Isobath_shell,1.147195837,103.9106457,12.5,12.5
18,Isobaths,Isobath_shell,1.147213924,103.9106457,12.5,12.5
18,Isobaths,Isobath_shell,1.147213924,103.9106277,12.5,12.5
18,Isobaths,Isobath_shell,1.147232012,103.9106277,12.5,12.5
18,Isobaths,Isobath_shell,1.147232012,103.9106097,12.5,12.5
18,Isobaths,Isobath_shell,1.147250099,103.9106097,12.5,12.5
18,Isobaths,Isobath_shell,1.147250099,103.9105918,12.5,12.5
18,Isobaths,Isobath_shell,1.147268186,103.9105918,12.5,12.5
18,Isobaths,Isobath_shell,1.147268186,103.9105738,12.5,12.5
18,Isobaths,Isobath_shell,1.147286274,103.9105738,12.5,12.5
18,Isobaths,Isobath_shell,1.147286274,103.9105558,12.5,12.5
18,Isobaths,Isobath_shell,1.147304361,103.9105558,12.5,12.5
18,Isobaths,Isobath_shell,1.147304361,103.9105379,12.5,12.5
18,Isobaths,Isobath_shell,1.147322448,103.9105379,12.5,12.5
18,Isobaths,Isobath_shell,1.147322448,103.9105199,12.5,12.5
18,Isobaths,Isobath_shell,1.147340536,103.9105199,12.5,12.5
18,Isobaths,Isobath_shell,1.147340536,103.9105019,12.5,12.5
18,Isobaths,Isobath_shell,1.14737671,103.9105019,12.5,12.5
18,Isobaths,Isobath_shell,1.14737671,103.9104839,12.5,12.5
18,Isobaths,Isobath_shell,1.147394798,103.9104839,12.5,12.5
18,Isobaths,Isobath_shell,1.147394798,103.910466,12.5,12.5
18,Isobaths,Isobath_shell,1.147412885,103.910466,12.5,12.5
18,Isobaths,Isobath_shell,1.147412885,103.910448,12.5,12.5
18,Isobaths,Isobath_shell,1.147430972,103.910448,12.5,12.5
18,Isobaths,Isobath_shell,1.147430972,103.91043,12.5,12.5
18,Isobaths,Isobath_shell,1.14744906,103.91043,12.5,12.5
18,Isobaths,Isobath_shell,1.14744906,103.9104121,12.5,12.5
18,Isobaths,Isobath_shell,1.147467147,103.9104121,12.5,12.5
18,Isobaths,Isobath_shell,1.147467147,103.9103941,12.5,12.5
18,Isobaths,Isobath_shell,1.147485234,103.9103941,12.5,12.5
18,Isobaths,Isobath_shell,1.147485234,103.9103761,12.5,12.5
18,Isobaths,Isobath_shell,1.147503321,103.9103761,12.5,12.5
18,Isobaths,Isobath_shell,1.147503321,103.9103582,12.5,12.5
18,Isobaths,Isobath_shell,1.147521409,103.9103582,12.5,12.5
18,Isobaths,Isobath_shell,1.147521409,103.9103402,12.5,12.5
18,Isobaths,Isobath_shell,1.147557583,103.9103402,12.5,12.5
18,Isobaths,Isobath_shell,1.147557583,103.9103222,12.5,12.5
18,Isobaths,Isobath_shell,1.147575671,103.9103222,12.5,12.5
18,Isobaths,Isobath_shell,1.147575671,103.9103042,12.5,12.5
18,Isobaths,Isobath_shell,1.147593758,103.9103042,12.5,12.5
18,Isobaths,Isobath_shell,1.147593758,103.9102863,12.5,12.5
18,Isobaths,Isobath_shell,1.147611845,103.9102863,12.5,12.5
18,Isobaths,Isobath_shell,1.147611845,103.9102683,12.5,12.5
18,Isobaths,Isobath_shell,1.147629933,103.9102683,12.5,12.5
18,Isobaths,Isobath_shell,1.147629933,103.9102503,12.5,12.5
18,Isobaths,Isobath_shell,1.14764802,103.9102683,12.5,12.5
18,Isobaths,Isobath_shell,1.147646224,103.9102863,12.5,12.5
18,Isobaths,Isobath_shell,1.1475196,103.910466,12.5,12.5
18,Isobaths,Isobath_shell,1.146960702,103.9111565,12.5,12.5
18,Isobaths,Isobath_shell,1.146924527,103.9112173,12.5,12.5
18,Isobaths,Isobath_shell,1.146910213,103.9112567,12.5,12.5
18,Isobaths,Isobath_shell,1.14690923,103.9112746,12.5,12.5
18,Isobaths,Isobath_shell,1.146913455,103.9112926,12.5,12.5
18,Isobaths,Isobath_shell,1.146924527,103.9113101,12.5,12.5
18,Isobaths,Isobath_shell,1.146978789,103.9113361,12.5,12.5
18,Isobaths,Isobath_shell,1.147087313,103.9113582,12.5,12.5
18,Isobaths,Isobath_shell,1.147213924,103.9113957,12.5,12.5
18,Isobaths,Isobath_shell,1.147286274,103.9114039,12.5,12.5
18,Isobaths,Isobath_shell,1.14819064,103.911251,12.5,12.5
18,Isobaths,Isobath_shell,1.148244901,103.9112473,12.5,12.5
18,Isobaths,Isobath_shell,1.148281076,103.9112532,12.5,12.5
18,Isobaths,Isobath_shell,1.148317251,103.911272,12.5,12.5
18,Isobaths,Isobath_shell,1.148340951,103.9112926,12.5,12.5
18,Isobaths,Isobath_shell,1.148778477,103.9117418,12.5,12.5
18,Isobaths,Isobath_shell,1.14879339,103.9117598,12.5,12.5
18,Isobaths,Isobath_shell,1.148810294,103.9117958,12.5,12.5
18,Isobaths,Isobath_shell,1.148813951,103.9118317,12.5,12.5
18,Isobaths,Isobath_shell,1.148808909,103.9118676,12.5,12.5
18,Isobaths,Isobath_shell,1.148513657,103.9130536,12.5,12.5
18,Isobaths,Isobath_shell,1.148498124,103.9131012,12.5,12.5
18,Isobaths,Isobath_shell,1.148484582,103.9131255,12.5,12.5
18,Isobaths,Isobath_shell,1.148461949,103.9131474,12.5,12.5
18,Isobaths,Isobath_shell,1.148425775,103.9131625,12.5,12.5
18,Isobaths,Isobath_shell,1.148262989,103.9131868,12.5,12.5
18,Isobaths,Isobath_shell,1.148208727,103.9132065,12.5,12.5
18,Isobaths,Isobath_shell,1.148187122,103.9132333,12.5,12.5
18,Isobaths,Isobath_shell,1.1481825,103.9132513,12.5,12.5
18,Isobaths,Isobath_shell,1.148178126,103.9133232,12.5,12.5
18,Isobaths,Isobath_shell,1.148154465,103.9134083,12.5,12.5
18,Isobaths,Isobath_shell,1.148136378,103.9134448,12.5,12.5
18,Isobaths,Isobath_shell,1.148119032,103.913467,12.5,12.5
18,Isobaths,Isobath_shell,1.148070303,103.9135029,12.5,12.5
18,Isobaths,Isobath_shell,1.147702282,103.9137043,12.5,12.5
18,Isobaths,Isobath_shell,1.147629933,103.9137304,12.5,12.5
18,Isobaths,Isobath_shell,1.147485234,103.9137527,12.5,12.5
18,Isobaths,Isobath_shell,1.147014964,103.9138723,12.5,12.5
18,Isobaths,Isobath_shell,1.146960702,103.9138988,12.5,12.5
18,Isobaths,Isobath_shell,1.146934565,103.9139342,12.5,12.5
18,Isobaths,Isobath_shell,1.146914597,103.9139881,12.5,12.5
18,Isobaths,Isobath_shell,1.146829781,103.9143834,12.5,12.5
18,Isobaths,Isobath_shell,1.146824885,103.9144194,12.5,12.5
18,Isobaths,Isobath_shell,1.146822569,103.9144733,12.5,12.5
18,Isobaths,Isobath_shell,1.146831151,103.9145991,12.5,12.5
18,Isobaths,Isobath_shell,1.146836693,103.914635,12.5,12.5
18,Isobaths,Isobath_shell,1.14684684,103.9146709,12.5,12.5
18,Isobaths,Isobath_shell,1.146880416,103.9147428,12.5,12.5
18,Isobaths,Isobath_shell,1.14700863,103.9149585,12.5,12.5
18,Isobaths,Isobath_shell,1.147033051,103.9149893,12.5,12.5
18,Isobaths,Isobath_shell,1.147063899,103.9150124,12.5,12.5
18,Isobaths,Isobath_shell,1.147123488,103.91503,12.5,12.5
18,Isobaths,Isobath_shell,1.147467147,103.9150701,12.5,12.5
18,Isobaths,Isobath_shell,1.147745394,103.9151382,12.5,12.5
18,Isobaths,Isobath_shell,1.147852827,103.9151741,12.5,12.5
18,Isobaths,Isobath_shell,1.147883481,103.9151921,12.5,12.5
18,Isobaths,Isobath_shell,1.14791933,103.9152276,12.5,12.5
18,Isobaths,Isobath_shell,1.147943982,103.9152819,12.5,12.5
18,Isobaths,Isobath_shell,1.147959122,103.9153358,12.5,12.5
18,Isobaths,Isobath_shell,1.148001813,103.9157491,12.5,12.5
18,Isobaths,Isobath_shell,1.148009766,103.9157935,12.5,12.5
18,Isobaths,Isobath_shell,1.148019874,103.915821,12.5,12.5
18,Isobaths,Isobath_shell,1.148032184,103.915839,12.5,12.5
18,Isobaths,Isobath_shell,1.148061767,103.915857,12.5,12.5
18,Isobaths,Isobath_shell,1.148219278,103.9158749,12.5,12.5
18,Isobaths,Isobath_shell,1.148254376,103.9158929,12.5,12.5
18,Isobaths,Isobath_shell,1.148267188,103.9159109,12.5,12.5
18,Isobaths,Isobath_shell,1.148271157,103.9159288,12.5,12.5
18,Isobaths,Isobath_shell,1.148271627,103.9159468,12.5,12.5
18,Isobaths,Isobath_shell,1.148238152,103.9162523,12.5,12.5
18,Isobaths,Isobath_shell,1.148234213,103.9163062,12.5,12.5
18,Isobaths,Isobath_shell,1.148234213,103.9163781,12.5,12.5
18,Isobaths,Isobath_shell,1.148226814,103.9163781,12.5,12.5
18,Isobaths,Isobath_shell,1.148226814,103.9163961,12.5,12.5
18,Isobaths,Isobath_shell,1.148208727,103.9163961,12.5,12.5
18,Isobaths,Isobath_shell,1.148208727,103.916414,12.5,12.5
18,Isobaths,Isobath_shell,1.14819064,103.916414,12.5,12.5
18,Isobaths,Isobath_shell,1.14819064,103.916432,12.5,12.5
18,Isobaths,Isobath_shell,1.148172552,103.916432,12.5,12.5
18,Isobaths,Isobath_shell,1.148172552,103.91645,12.5,12.5
18,Isobaths,Isobath_shell,1.148154465,103.91645,12.5,12.5
18,Isobaths,Isobath_shell,1.148154465,103.9164679,12.5,12.5
18,Isobaths,Isobath_shell,1.14811829,103.9164679,12.5,12.5
18,Isobaths,Isobath_shell,1.14811829,103.9164859,12.5,12.5
18,Isobaths,Isobath_shell,1.148100203,103.9164859,12.5,12.5
18,Isobaths,Isobath_shell,1.148100203,103.9165039,12.5,12.5
18,Isobaths,Isobath_shell,1.148082116,103.9165039,12.5,12.5
18,Isobaths,Isobath_shell,1.148082116,103.9165218,12.5,12.5
18,Isobaths,Isobath_shell,1.148064028,103.9165218,12.5,12.5
18,Isobaths,Isobath_shell,1.148064028,103.9165398,12.5,12.5
18,Isobaths,Isobath_shell,1.148045941,103.9165398,12.5,12.5
18,Isobaths,Isobath_shell,1.148045941,103.9165578,12.5,12.5
18,Isobaths,Isobath_shell,1.148027854,103.9165578,12.5,12.5
18,Isobaths,Isobath_shell,1.148027854,103.9165758,12.5,12.5
18,Isobaths,Isobath_shell,1.147991679,103.9165758,12.5,12.5
18,Isobaths,Isobath_shell,1.147991679,103.9165937,12.5,12.5
18,Isobaths,Isobath_shell,1.147973592,103.9165937,12.5,12.5
18,Isobaths,Isobath_shell,1.147973592,103.9166117,12.5,12.5
18,Isobaths,Isobath_shell,1.147955504,103.9166117,12.5,12.5
18,Isobaths,Isobath_shell,1.147955504,103.9166297,12.5,12.5
18,Isobaths,Isobath_shell,1.147937417,103.9166297,12.5,12.5
18,Isobaths,Isobath_shell,1.147937417,103.9166476,12.5,12.5
18,Isobaths,Isobath_shell,1.14791933,103.9166476,12.5,12.5
18,Isobaths,Isobath_shell,1.14791933,103.9166656,12.5,12.5
18,Isobaths,Isobath_shell,1.147883155,103.9166656,12.5,12.5
18,Isobaths,Isobath_shell,1.147883155,103.9166836,12.5,12.5
18,Isobaths,Isobath_shell,1.147865068,103.9166836,12.5,12.5
18,Isobaths,Isobath_shell,1.147865068,103.9167015,12.5,12.5
18,Isobaths,Isobath_shell,1.14784698,103.9167015,12.5,12.5
18,Isobaths,Isobath_shell,1.14784698,103.9167195,12.5,12.5
18,Isobaths,Isobath_shell,1.147828893,103.9167195,12.5,12.5
18,Isobaths,Isobath_shell,1.147828893,103.9167375,12.5,12.5
18,Isobaths,Isobath_shell,1.147810806,103.9167375,12.5,12.5
18,Isobaths,Isobath_shell,1.147810806,103.9167555,12.5,12.5
18,Isobaths,Isobath_shell,1.147792719,103.9167555,12.5,12.5
18,Isobaths,Isobath_shell,1.147792719,103.9167734,12.5,12.5
18,Isobaths,Isobath_shell,1.147738457,103.9167734,12.5,12.5
18,Isobaths,Isobath_shell,1.147738457,103.9167914,12.5,12.5
18,Isobaths,Isobath_shell,1.147702282,103.9167914,12.5,12.5
18,Isobaths,Isobath_shell,1.147702282,103.9168094,12.5,12.5
18,Isobaths,Isobath_shell,1.147666107,103.9168094,12.5,12.5
18,Isobaths,Isobath_shell,1.147666107,103.9168273,12.5,12.5
18,Isobaths,Isobath_shell,1.147629933,103.9168273,12.5,12.5
18,Isobaths,Isobath_shell,1.147629933,103.9168453,12.5,12.5
18,Isobaths,Isobath_shell,1.147593758,103.9168453,12.5,12.5
18,Isobaths,Isobath_shell,1.147593758,103.9168633,12.5,12.5
18,Isobaths,Isobath_shell,1.147539496,103.9168633,12.5,12.5
18,Isobaths,Isobath_shell,1.147539496,103.9168812,12.5,12.5
18,Isobaths,Isobath_shell,1.147503321,103.9168812,12.5,12.5
18,Isobaths,Isobath_shell,1.147503321,103.9168992,12.5,12.5
18,Isobaths,Isobath_shell,1.147467147,103.9168992,12.5,12.5
18,Isobaths,Isobath_shell,1.147467147,103.9169172,12.5,12.5
18,Isobaths,Isobath_shell,1.147430972,103.9169172,12.5,12.5
18,Isobaths,Isobath_shell,1.147430972,103.9169352,12.5,12.5
18,Isobaths,Isobath_shell,1.147394798,103.9169352,12.5,12.5
18,Isobaths,Isobath_shell,1.147394798,103.9169531,12.5,12.5
18,Isobaths,Isobath_shell,1.147358623,103.9169531,12.5,12.5
18,Isobaths,Isobath_shell,1.147358623,103.9169711,12.5,12.5
18,Isobaths,Isobath_shell,1.147322448,103.9169711,12.5,12.5
18,Isobaths,Isobath_shell,1.147322448,103.9169891,12.5,12.5
18,Isobaths,Isobath_shell,1.147286274,103.9169891,12.5,12.5
18,Isobaths,Isobath_shell,1.147286274,103.917007,12.5,12.5
18,Isobaths,Isobath_shell,1.147250099,103.917007,12.5,12.5
18,Isobaths,Isobath_shell,1.147250099,103.917025,12.5,12.5
18,Isobaths,Isobath_shell,1.147213924,103.917025,12.5,12.5
18,Isobaths,Isobath_shell,1.147213924,103.917043,12.5,12.5
18,Isobaths,Isobath_shell,1.14717775,103.917043,12.5,12.5
18,Isobaths,Isobath_shell,1.14717775,103.9170609,12.5,12.5
18,Isobaths,Isobath_shell,1.147123488,103.9170609,12.5,12.5
18,Isobaths,Isobath_shell,1.147123488,103.9170789,12.5,12.5
18,Isobaths,Isobath_shell,1.147087313,103.9170789,12.5,12.5
18,Isobaths,Isobath_shell,1.147087313,103.9170969,12.5,12.5
18,Isobaths,Isobath_shell,1.147051139,103.9170969,12.5,12.5
18,Isobaths,Isobath_shell,1.147051139,103.9171149,12.5,12.5
18,Isobaths,Isobath_shell,1.147014964,103.9171149,12.5,12.5
18,Isobaths,Isobath_shell,1.147014964,103.9171328,12.5,12.5
18,Isobaths,Isobath_shell,1.146978789,103.9171328,12.5,12.5
18,Isobaths,Isobath_shell,1.146978789,103.9171508,12.5,12.5
18,Isobaths,Isobath_shell,1.146942615,103.9171508,12.5,12.5
18,Isobaths,Isobath_shell,1.146942615,103.9171688,12.5,12.5
18,Isobaths,Isobath_shell,1.14690644,103.9171688,12.5,12.5
18,Isobaths,Isobath_shell,1.14690644,103.9171867,12.5,12.5
18,Isobaths,Isobath_shell,1.146870265,103.9171867,12.5,12.5
18,Isobaths,Isobath_shell,1.146870265,103.9172047,12.5,12.5
18,Isobaths,Isobath_shell,1.146834091,103.9172047,12.5,12.5
18,Isobaths,Isobath_shell,1.146834091,103.9172227,12.5,12.5
18,Isobaths,Isobath_shell,1.146797916,103.9172227,12.5,12.5
18,Isobaths,Isobath_shell,1.146797916,103.9172406,12.5,12.5
18,Isobaths,Isobath_shell,1.146761741,103.9172406,12.5,12.5
18,Isobaths,Isobath_shell,1.146761741,103.9172586,12.5,12.5
18,Isobaths,Isobath_shell,1.146725567,103.9172586,12.5,12.5
18,Isobaths,Isobath_shell,1.146725567,103.9172766,12.5,12.5
18,Isobaths,Isobath_shell,1.146671305,103.9172766,12.5,12.5
18,Isobaths,Isobath_shell,1.146671305,103.9172946,12.5,12.5
18,Isobaths,Isobath_shell,1.14663513,103.9172946,12.5,12.5
18,Isobaths,Isobath_shell,1.14663513,103.9173125,12.5,12.5
18,Isobaths,Isobath_shell,1.146598956,103.9173125,12.5,12.5
18,Isobaths,Isobath_shell,1.146598956,103.9173305,12.5,12.5
18,Isobaths,Isobath_shell,1.146562781,103.9173305,12.5,12.5
18,Isobaths,Isobath_shell,1.146562781,103.9173485,12.5,12.5
18,Isobaths,Isobath_shell,1.146526606,103.9173485,12.5,12.5
18,Isobaths,Isobath_shell,1.146526606,103.9173664,12.5,12.5
18,Isobaths,Isobath_shell,1.146490432,103.9173664,12.5,12.5
18,Isobaths,Isobath_shell,1.146490432,103.9173844,12.5,12.5
18,Isobaths,Isobath_shell,1.146454257,103.9173844,12.5,12.5
18,Isobaths,Isobath_shell,1.146454257,103.9174024,12.5,12.5
18,Isobaths,Isobath_shell,1.146418082,103.9174024,12.5,12.5
18,Isobaths,Isobath_shell,1.146418082,103.9174203,12.5,12.5
18,Isobaths,Isobath_shell,1.146381908,103.9174203,12.5,12.5
18,Isobaths,Isobath_shell,1.146381908,103.9174383,12.5,12.5
18,Isobaths,Isobath_shell,1.146345733,103.9174383,12.5,12.5
18,Isobaths,Isobath_shell,1.146345733,103.9174563,12.5,12.5
18,Isobaths,Isobath_shell,1.146309559,103.9174563,12.5,12.5
18,Isobaths,Isobath_shell,1.146309559,103.9174743,12.5,12.5
18,Isobaths,Isobath_shell,1.146255297,103.9174743,12.5,12.5
18,Isobaths,Isobath_shell,1.146255297,103.9174922,12.5,12.5
18,Isobaths,Isobath_shell,1.146219122,103.9174922,12.5,12.5
18,Isobaths,Isobath_shell,1.146219122,103.9175102,12.5,12.5
18,Isobaths,Isobath_shell,1.146182947,103.9175102,12.5,12.5
18,Isobaths,Isobath_shell,1.146182947,103.9175282,12.5,12.5
18,Isobaths,Isobath_shell,1.146146773,103.9175282,12.5,12.5
18,Isobaths,Isobath_shell,1.146146773,103.9175461,12.5,12.5
18,Isobaths,Isobath_shell,1.146110598,103.9175461,12.5,12.5
18,Isobaths,Isobath_shell,1.146110598,103.9175641,12.5,12.5
18,Isobaths,Isobath_shell,1.146074423,103.9175641,12.5,12.5
18,Isobaths,Isobath_shell,1.146074423,103.9175821,12.5,12.5
18,Isobaths,Isobath_shell,1.146038249,103.9175821,12.5,12.5
18,Isobaths,Isobath_shell,1.146038249,103.9176,12.5,12.5
18,Isobaths,Isobath_shell,1.146002074,103.9176,12.5,12.5
18,Isobaths,Isobath_shell,1.146002074,103.917618,12.5,12.5
18,Isobaths,Isobath_shell,1.1459659,103.917618,12.5,12.5
18,Isobaths,Isobath_shell,1.1459659,103.917636,12.5,12.5
18,Isobaths,Isobath_shell,1.145929725,103.917636,12.5,12.5
18,Isobaths,Isobath_shell,1.145929725,103.917654,12.5,12.5
18,Isobaths,Isobath_shell,1.14589355,103.917654,12.5,12.5
18,Isobaths,Isobath_shell,1.14589355,103.9176719,12.5,12.5
18,Isobaths,Isobath_shell,1.145857376,103.9176719,12.5,12.5
18,Isobaths,Isobath_shell,1.145857376,103.9176899,12.5,12.5
18,Isobaths,Isobath_shell,1.145803114,103.9176899,12.5,12.5
18,Isobaths,Isobath_shell,1.145797461,103.9176719,12.5,12.5
18,Isobaths,Isobath_shell,1.145797461,103.917636,12.5,12.5
18,Isobaths,Isobath_shell,1.145785026,103.9176247,12.5,12.5
18,Isobaths,Isobath_shell,1.145766939,103.9176233,12.5,12.5
18,Isobaths,Isobath_shell,1.145676502,103.9176284,12.5,12.5
18,Isobaths,Isobath_shell,1.145513717,103.9176559,12.5,12.5
18,Isobaths,Isobath_shell,1.145441367,103.9176475,12.5,12.5
18,Isobaths,Isobath_shell,1.145405193,103.9176276,12.5,12.5
18,Isobaths,Isobath_shell,1.145280591,103.9175282,12.5,12.5
18,Isobaths,Isobath_shell,1.145097708,103.9173965,12.5,12.5
18,Isobaths,Isobath_shell,1.145007272,103.917351,12.5,12.5
18,Isobaths,Isobath_shell,1.14495301,103.9173479,12.5,12.5
18,Isobaths,Isobath_shell,1.144898748,103.9173613,12.5,12.5
18,Isobaths,Isobath_shell,1.144826399,103.9173676,12.5,12.5
18,Isobaths,Isobath_shell,1.144319954,103.9173323,12.5,12.5
18,Isobaths,Isobath_shell,1.144229517,103.9173165,12.5,12.5
18,Isobaths,Isobath_shell,1.144175255,103.917329,12.5,12.5
18,Isobaths,Isobath_shell,1.144120993,103.9173657,12.5,12.5
18,Isobaths,Isobath_shell,1.143849683,103.9176275,12.5,12.5
18,Isobaths,Isobath_shell,1.143813509,103.9176472,12.5,12.5
18,Isobaths,Isobath_shell,1.143777334,103.9176469,12.5,12.5
18,Isobaths,Isobath_shell,1.14374116,103.917632,12.5,12.5
18,Isobaths,Isobath_shell,1.143704985,103.917605,12.5,12.5
18,Isobaths,Isobath_shell,1.14346985,103.9173512,12.5,12.5
18,Isobaths,Isobath_shell,1.143343239,103.9172277,12.5,12.5
18,Isobaths,Isobath_shell,1.143270889,103.9171743,12.5,12.5
18,Isobaths,Isobath_shell,1.143252802,103.9171667,12.5,12.5
18,Isobaths,Isobath_shell,1.143234715,103.9171688,12.5,12.5
18,Isobaths,Isobath_shell,1.142845837,103.9179954,12.5,12.5
18,Isobaths,Isobath_shell,1.142840968,103.9180134,12.5,12.5
18,Isobaths,Isobath_shell,1.142845837,103.9180313,12.5,12.5
18,Isobaths,Isobath_shell,1.142854881,103.9180369,12.5,12.5
18,Isobaths,Isobath_shell,1.142909143,103.9180493,12.5,12.5
18,Isobaths,Isobath_shell,1.143035754,103.9180431,12.5,12.5
18,Isobaths,Isobath_shell,1.143542199,103.9179643,12.5,12.5
18,Isobaths,Isobath_shell,1.143686898,103.9179752,12.5,12.5
18,Isobaths,Isobath_shell,1.143759247,103.9179598,12.5,12.5
18,Isobaths,Isobath_shell,1.143976295,103.9178813,12.5,12.5
18,Isobaths,Isobath_shell,1.144102906,103.9178486,12.5,12.5
18,Isobaths,Isobath_shell,1.144826399,103.9177919,12.5,12.5
18,Isobaths,Isobath_shell,1.14488066,103.9177995,12.5,12.5
18,Isobaths,Isobath_shell,1.144934027,103.9178337,12.5,12.5
18,Isobaths,Isobath_shell,1.14495724,103.9178696,12.5,12.5
18,Isobaths,Isobath_shell,1.145007272,103.9179792,12.5,12.5
18,Isobaths,Isobath_shell,1.145043446,103.9180118,12.5,12.5
18,Isobaths,Isobath_shell,1.145106537,103.9180493,12.5,12.5
18,Isobaths,Isobath_shell,1.145133883,103.9180792,12.5,12.5
18,Isobaths,Isobath_shell,1.145136765,103.9181391,12.5,12.5
18,Isobaths,Isobath_shell,1.14515197,103.9181571,12.5,12.5
18,Isobaths,Isobath_shell,1.145115796,103.9181571,12.5,12.5
18,Isobaths,Isobath_shell,1.145115796,103.9181751,12.5,12.5
18,Isobaths,Isobath_shell,1.145079621,103.9181751,12.5,12.5
18,Isobaths,Isobath_shell,1.145079621,103.9181931,12.5,12.5
18,Isobaths,Isobath_shell,1.145061534,103.9181931,12.5,12.5
18,Isobaths,Isobath_shell,1.145061534,103.918211,12.5,12.5
18,Isobaths,Isobath_shell,1.145025359,103.918211,12.5,12.5
18,Isobaths,Isobath_shell,1.145025359,103.918229,12.5,12.5
18,Isobaths,Isobath_shell,1.144989184,103.918229,12.5,12.5
18,Isobaths,Isobath_shell,1.144989184,103.918247,12.5,12.5
18,Isobaths,Isobath_shell,1.144971097,103.918247,12.5,12.5
18,Isobaths,Isobath_shell,1.144971097,103.9182649,12.5,12.5
18,Isobaths,Isobath_shell,1.144934922,103.9182649,12.5,12.5
18,Isobaths,Isobath_shell,1.144934922,103.9182829,12.5,12.5
18,Isobaths,Isobath_shell,1.144898748,103.9182829,12.5,12.5
18,Isobaths,Isobath_shell,1.144898748,103.9183009,12.5,12.5
18,Isobaths,Isobath_shell,1.14488066,103.9183009,12.5,12.5
18,Isobaths,Isobath_shell,1.14488066,103.9183188,12.5,12.5
18,Isobaths,Isobath_shell,1.144844486,103.9183188,12.5,12.5
18,Isobaths,Isobath_shell,1.144844486,103.9183368,12.5,12.5
18,Isobaths,Isobath_shell,1.144808311,103.9183368,12.5,12.5
18,Isobaths,Isobath_shell,1.144808311,103.9183548,12.5,12.5
18,Isobaths,Isobath_shell,1.144790224,103.9183548,12.5,12.5
18,Isobaths,Isobath_shell,1.144790224,103.9183728,12.5,12.5
18,Isobaths,Isobath_shell,1.144754049,103.9183728,12.5,12.5
18,Isobaths,Isobath_shell,1.144754049,103.9183907,12.5,12.5
18,Isobaths,Isobath_shell,1.144717875,103.9183907,12.5,12.5
18,Isobaths,Isobath_shell,1.144717875,103.9184087,12.5,12.5
18,Isobaths,Isobath_shell,1.144699787,103.9184087,12.5,12.5
18,Isobaths,Isobath_shell,1.144699787,103.9184267,12.5,12.5
18,Isobaths,Isobath_shell,1.1446817,103.9184267,12.5,12.5
18,Isobaths,Isobath_shell,1.144663613,103.9184087,12.5,12.5
18,Isobaths,Isobath_shell,1.144609351,103.9184087,12.5,12.5
18,Isobaths,Isobath_shell,1.144591263,103.9183907,12.5,12.5
18,Isobaths,Isobath_shell,1.144428478,103.9183907,12.5,12.5
18,Isobaths,Isobath_shell,1.144428478,103.9184087,12.5,12.5
18,Isobaths,Isobath_shell,1.144319954,103.9184087,12.5,12.5
18,Isobaths,Isobath_shell,1.144319954,103.9184267,12.5,12.5
18,Isobaths,Isobath_shell,1.144229517,103.9184267,12.5,12.5
18,Isobaths,Isobath_shell,1.144229517,103.9184446,12.5,12.5
18,Isobaths,Isobath_shell,1.144120993,103.9184446,12.5,12.5
18,Isobaths,Isobath_shell,1.144120993,103.9184626,12.5,12.5
18,Isobaths,Isobath_shell,1.144030557,103.9184626,12.5,12.5
18,Isobaths,Isobath_shell,1.144030557,103.9184806,12.5,12.5
18,Isobaths,Isobath_shell,1.143922033,103.9184806,12.5,12.5
18,Isobaths,Isobath_shell,1.143922033,103.9184985,12.5,12.5
18,Isobaths,Isobath_shell,1.143813509,103.9184985,12.5,12.5
18,Isobaths,Isobath_shell,1.143813509,103.9185165,12.5,12.5
18,Isobaths,Isobath_shell,1.143723072,103.9185165,12.5,12.5
18,Isobaths,Isobath_shell,1.143723072,103.9185345,12.5,12.5
18,Isobaths,Isobath_shell,1.143614548,103.9185345,12.5,12.5
18,Isobaths,Isobath_shell,1.143614548,103.9185525,12.5,12.5
18,Isobaths,Isobath_shell,1.143524112,103.9185525,12.5,12.5
18,Isobaths,Isobath_shell,1.143524112,103.9185704,12.5,12.5
18,Isobaths,Isobath_shell,1.143415588,103.9185704,12.5,12.5
18,Isobaths,Isobath_shell,1.143415588,103.9185884,12.5,12.5
18,Isobaths,Isobath_shell,1.143307064,103.9185884,12.5,12.5
18,Isobaths,Isobath_shell,1.143307064,103.9186064,12.5,12.5
18,Isobaths,Isobath_shell,1.143216627,103.9186064,12.5,12.5
18,Isobaths,Isobath_shell,1.143216627,103.9186243,12.5,12.5
18,Isobaths,Isobath_shell,1.143108103,103.9186243,12.5,12.5
18,Isobaths,Isobath_shell,1.143108103,103.9186423,12.5,12.5
18,Isobaths,Isobath_shell,1.143053841,103.9186423,12.5,12.5
18,Isobaths,Isobath_shell,1.143053841,103.9186782,12.5,12.5
18,Isobaths,Isobath_shell,1.143071929,103.9186962,12.5,12.5
18,Isobaths,Isobath_shell,1.143071929,103.9187861,12.5,12.5
18,Isobaths,Isobath_shell,1.143090016,103.918804,12.5,12.5
18,Isobaths,Isobath_shell,1.143090016,103.9188939,12.5,12.5
18,Isobaths,Isobath_shell,1.143108103,103.9189119,12.5,12.5
18,Isobaths,Isobath_shell,1.143108103,103.9190017,12.5,12.5
18,Isobaths,Isobath_shell,1.143090016,103.9189837,12.5,12.5
18,Isobaths,Isobath_shell,1.143071929,103.9190002,12.5,12.5
18,Isobaths,Isobath_shell,1.143053841,103.9190121,12.5,12.5
18,Isobaths,Isobath_shell,1.142981492,103.9189889,12.5,12.5
18,Isobaths,Isobath_shell,1.142836794,103.9188794,12.5,12.5
18,Isobaths,Isobath_shell,1.142782532,103.9188598,12.5,12.5
18,Isobaths,Isobath_shell,1.142366523,103.918854,12.5,12.5
18,Isobaths,Isobath_shell,1.142312261,103.9188622,12.5,12.5
18,Isobaths,Isobath_shell,1.142257999,103.9188852,12.5,12.5
18,Isobaths,Isobath_shell,1.142059039,103.9190227,12.5,12.5
18,Isobaths,Isobath_shell,1.14198669,103.9190564,12.5,12.5
18,Isobaths,Isobath_shell,1.141950515,103.9190616,12.5,12.5
18,Isobaths,Isobath_shell,1.141841991,103.9190543,12.5,12.5
18,Isobaths,Isobath_shell,1.141661118,103.9190753,12.5,12.5
18,Isobaths,Isobath_shell,1.141606856,103.9190654,12.5,12.5
18,Isobaths,Isobath_shell,1.141516419,103.9190148,12.5,12.5
18,Isobaths,Isobath_shell,1.141082324,103.918689,12.5,12.5
18,Isobaths,Isobath_shell,1.141028062,103.9186072,12.5,12.5
18,Isobaths,Isobath_shell,1.140922862,103.9183548,12.5,12.5
18,Isobaths,Isobath_shell,1.140892649,103.9183009,12.5,12.5
18,Isobaths,Isobath_shell,1.1408465,103.918247,12.5,12.5
18,Isobaths,Isobath_shell,1.140593966,103.9180125,12.5,12.5
18,Isobaths,Isobath_shell,1.140539704,103.917978,12.5,12.5
18,Isobaths,Isobath_shell,1.140485643,103.9179594,12.5,12.5
18,Isobaths,Isobath_shell,1.140177958,103.9178858,12.5,12.5
18,Isobaths,Isobath_shell,1.140105609,103.9178747,12.5,12.5
18,Isobaths,Isobath_shell,1.139852386,103.9178765,12.5,12.5
18,Isobaths,Isobath_shell,1.139418291,103.9179267,12.5,12.5
18,Isobaths,Isobath_shell,1.13935255,103.9179415,12.5,12.5
18,Isobaths,Isobath_shell,1.139309767,103.9179712,12.5,12.5
18,Isobaths,Isobath_shell,1.139201243,103.9181116,12.5,12.5
18,Isobaths,Isobath_shell,1.139128894,103.9181636,12.5,12.5
18,Isobaths,Isobath_shell,1.138676711,103.9183656,12.5,12.5
18,Isobaths,Isobath_shell,1.138314964,103.9184727,12.5,12.5
18,Isobaths,Isobath_shell,1.138224528,103.9185193,12.5,12.5
18,Isobaths,Isobath_shell,1.138188353,103.9185493,12.5,12.5
18,Isobaths,Isobath_shell,1.138152178,103.9185637,12.5,12.5
18,Isobaths,Isobath_shell,1.138134091,103.9185934,12.5,12.5
18,Isobaths,Isobath_shell,1.138116004,103.9185934,12.5,12.5
18,Isobaths,Isobath_shell,1.138116004,103.9185704,12.5,12.5
18,Isobaths,Isobath_shell,1.138097916,103.9185525,12.5,12.5
18,Isobaths,Isobath_shell,1.138097916,103.9181032,12.5,12.5
18,Isobaths,Isobath_shell,1.138079829,103.9180852,12.5,12.5
19,Isobaths,Isobath_shell,1.15108461,103.8962338,12.5,12.5
19,Isobaths,Isobath_shell,1.15108461,103.8962181,12.5,12.5
19,Isobaths,Isobath_shell,1.151088747,103.8961799,12.5,12.5
19,Isobaths,Isobath_shell,1.1511005,103.8961619,12.5,12.5
19,Isobaths,Isobath_shell,1.151101704,103.896126,12.5,12.5
19,Isobaths,Isobath_shell,1.151137666,103.89609,12.5,12.5
19,Isobaths,Isobath_shell,1.151156959,103.8960863,12.5,12.5
19,Isobaths,Isobath_shell,1.151211221,103.8961069,12.5,12.5
19,Isobaths,Isobath_shell,1.151482531,103.8962642,12.5,12.5
19,Isobaths,Isobath_shell,1.15155488,103.8962849,12.5,12.5
19,Isobaths,Isobath_shell,1.151609142,103.8962748,12.5,12.5
19,Isobaths,Isobath_shell,1.151655883,103.8962338,12.5,12.5
19,Isobaths,Isobath_shell,1.151688448,103.8961799,12.5,12.5
19,Isobaths,Isobath_shell,1.151877275,103.8956947,12.5,12.5
19,Isobaths,Isobath_shell,1.151899483,103.8956587,12.5,12.5
19,Isobaths,Isobath_shell,1.151945242,103.8956228,12.5,12.5
19,Isobaths,Isobath_shell,1.152007063,103.8956061,12.5,12.5
19,Isobaths,Isobath_shell,1.152350722,103.8955683,12.5,12.5
19,Isobaths,Isobath_shell,1.152441159,103.8955803,12.5,12.5
19,Isobaths,Isobath_shell,1.152640119,103.8956414,12.5,12.5
19,Isobaths,Isobath_shell,1.152676294,103.8956454,12.5,12.5
19,Isobaths,Isobath_shell,1.152730556,103.8956363,12.5,12.5
19,Isobaths,Isobath_shell,1.153200826,103.8953572,12.5,12.5
19,Isobaths,Isobath_shell,1.153237001,103.8953441,12.5,12.5
19,Isobaths,Isobath_shell,1.153381699,103.8953149,12.5,12.5
19,Isobaths,Isobath_shell,1.154213716,103.8949416,12.5,12.5
19,Isobaths,Isobath_shell,1.154267978,103.8949302,12.5,12.5
19,Isobaths,Isobath_shell,1.154340327,103.8949283,12.5,12.5
19,Isobaths,Isobath_shell,1.154466938,103.8949422,12.5,12.5
19,Isobaths,Isobath_shell,1.1545212,103.89494,12.5,12.5
19,Isobaths,Isobath_shell,1.154756335,103.8948746,12.5,12.5
19,Isobaths,Isobath_shell,1.154864859,103.8948031,12.5,12.5
19,Isobaths,Isobath_shell,1.154946743,103.8947602,12.5,12.5
19,Isobaths,Isobath_shell,1.15499013,103.8947243,12.5,12.5
19,Isobaths,Isobath_shell,1.155018833,103.8946884,12.5,12.5
19,Isobaths,Isobath_shell,1.155045732,103.8946345,12.5,12.5
19,Isobaths,Isobath_shell,1.155057851,103.8945266,12.5,12.5
19,Isobaths,Isobath_shell,1.155081907,103.8944653,12.5,12.5
19,Isobaths,Isobath_shell,1.155118082,103.8944335,12.5,12.5
19,Isobaths,Isobath_shell,1.155208518,103.8943879,12.5,12.5
19,Isobaths,Isobath_shell,1.155335129,103.894269,12.5,12.5
19,Isobaths,Isobath_shell,1.155407479,103.8942108,12.5,12.5
19,Isobaths,Isobath_shell,1.155461741,103.8941819,12.5,12.5
19,Isobaths,Isobath_shell,1.155497915,103.8941769,12.5,12.5
19,Isobaths,Isobath_shell,1.15553409,103.8941886,12.5,12.5
19,Isobaths,Isobath_shell,1.155606439,103.8942288,12.5,12.5
19,Isobaths,Isobath_shell,1.155678788,103.8942467,12.5,12.5
19,Isobaths,Isobath_shell,1.155696876,103.8942391,12.5,12.5
19,Isobaths,Isobath_shell,1.155714963,103.8942391,12.5,12.5
19,Isobaths,Isobath_shell,1.155714963,103.8942751,12.5,12.5
19,Isobaths,Isobath_shell,1.155696876,103.8942751,12.5,12.5
19,Isobaths,Isobath_shell,1.155696876,103.8943649,12.5,12.5
19,Isobaths,Isobath_shell,1.155678788,103.8943649,12.5,12.5
19,Isobaths,Isobath_shell,1.155678788,103.8944548,12.5,12.5
19,Isobaths,Isobath_shell,1.155660701,103.8944548,12.5,12.5
19,Isobaths,Isobath_shell,1.155660701,103.8945446,12.5,12.5
19,Isobaths,Isobath_shell,1.155642614,103.8945446,12.5,12.5
19,Isobaths,Isobath_shell,1.155642614,103.8946165,12.5,12.5
19,Isobaths,Isobath_shell,1.155624526,103.8946165,12.5,12.5
19,Isobaths,Isobath_shell,1.155624526,103.8946524,12.5,12.5
19,Isobaths,Isobath_shell,1.155606439,103.8946524,12.5,12.5
19,Isobaths,Isobath_shell,1.155588352,103.8946617,12.5,12.5
19,Isobaths,Isobath_shell,1.155576093,103.8946524,12.5,12.5
19,Isobaths,Isobath_shell,1.155570264,103.8946357,12.5,12.5
19,Isobaths,Isobath_shell,1.155516003,103.8946213,12.5,12.5
19,Isobaths,Isobath_shell,1.155335129,103.8945282,12.5,12.5
19,Isobaths,Isobath_shell,1.155298955,103.8945247,12.5,12.5
19,Isobaths,Isobath_shell,1.155244693,103.8945416,12.5,12.5
19,Isobaths,Isobath_shell,1.155208518,103.8945682,12.5,12.5
19,Isobaths,Isobath_shell,1.155174163,103.8946524,12.5,12.5
19,Isobaths,Isobath_shell,1.155142857,103.8947063,12.5,12.5
19,Isobaths,Isobath_shell,1.15506382,103.8947928,12.5,12.5
19,Isobaths,Isobath_shell,1.155009558,103.8948384,12.5,12.5
19,Isobaths,Isobath_shell,1.154901034,103.8948957,12.5,12.5
19,Isobaths,Isobath_shell,1.154846772,103.894978,12.5,12.5
19,Isobaths,Isobath_shell,1.154778259,103.8950298,12.5,12.5
19,Isobaths,Isobath_shell,1.154656594,103.8951376,12.5,12.5
19,Isobaths,Isobath_shell,1.154611637,103.895205,12.5,12.5
19,Isobaths,Isobath_shell,1.154593549,103.8952179,12.5,12.5
19,Isobaths,Isobath_shell,1.154539287,103.8952292,12.5,12.5
19,Isobaths,Isobath_shell,1.154485026,103.8952298,12.5,12.5
19,Isobaths,Isobath_shell,1.154448851,103.895222,12.5,12.5
19,Isobaths,Isobath_shell,1.154430764,103.8952265,12.5,12.5
19,Isobaths,Isobath_shell,1.154394589,103.8952663,12.5,12.5
19,Isobaths,Isobath_shell,1.154340327,103.8953114,12.5,12.5
19,Isobaths,Isobath_shell,1.154304152,103.895357,12.5,12.5
19,Isobaths,Isobath_shell,1.154286065,103.8953683,12.5,12.5
19,Isobaths,Isobath_shell,1.153653009,103.8956349,12.5,12.5
19,Isobaths,Isobath_shell,1.153598747,103.8956483,12.5,12.5
19,Isobaths,Isobath_shell,1.153490223,103.8956467,12.5,12.5
19,Isobaths,Isobath_shell,1.153435961,103.8956592,12.5,12.5
19,Isobaths,Isobath_shell,1.152694381,103.896105,12.5,12.5
19,Isobaths,Isobath_shell,1.152622032,103.8961104,12.5,12.5
19,Isobaths,Isobath_shell,1.152549683,103.896086,12.5,12.5
19,Isobaths,Isobath_shell,1.152477333,103.8960783,12.5,12.5
19,Isobaths,Isobath_shell,1.15236881,103.8960799,12.5,12.5
19,Isobaths,Isobath_shell,1.152314548,103.8960941,12.5,12.5
19,Isobaths,Isobath_shell,1.15229646,103.8961095,12.5,12.5
19,Isobaths,Isobath_shell,1.152276009,103.8961439,12.5,12.5
19,Isobaths,Isobath_shell,1.152186105,103.8963775,12.5,12.5
19,Isobaths,Isobath_shell,1.152148183,103.8965393,12.5,12.5
19,Isobaths,Isobath_shell,1.152059157,103.896701,12.5,12.5
19,Isobaths,Isobath_shell,1.152021759,103.8968268,12.5,12.5
19,Isobaths,Isobath_shell,1.151988976,103.896897,12.5,12.5
19,Isobaths,Isobath_shell,1.151970889,103.8969273,12.5,12.5
19,Isobaths,Isobath_shell,1.151952801,103.8969421,12.5,12.5
19,Isobaths,Isobath_shell,1.151916627,103.8969502,12.5,12.5
19,Isobaths,Isobath_shell,1.151880452,103.8969362,12.5,12.5
19,Isobaths,Isobath_shell,1.151735753,103.8968105,12.5,12.5
19,Isobaths,Isobath_shell,1.151464444,103.8966479,12.5,12.5
19,Isobaths,Isobath_shell,1.151410182,103.8966235,12.5,12.5
19,Isobaths,Isobath_shell,1.151392094,103.8966203,12.5,12.5
19,Isobaths,Isobath_shell,1.151368148,103.8966291,12.5,12.5
19,Isobaths,Isobath_shell,1.15135592,103.896652,12.5,12.5
19,Isobaths,Isobath_shell,1.151345723,103.896719,12.5,12.5
19,Isobaths,Isobath_shell,1.151351185,103.8967549,12.5,12.5
19,Isobaths,Isobath_shell,1.151337833,103.8967682,12.5,12.5
19,Isobaths,Isobath_shell,1.151301658,103.8967716,12.5,12.5
19,Isobaths,Isobath_shell,1.151301658,103.8967369,12.5,12.5
19,Isobaths,Isobath_shell,1.151283571,103.896719,12.5,12.5
19,Isobaths,Isobath_shell,1.151283571,103.896701,12.5,12.5
19,Isobaths,Isobath_shell,1.151265483,103.896683,12.5,12.5
19,Isobaths,Isobath_shell,1.151265483,103.8966471,12.5,12.5
19,Isobaths,Isobath_shell,1.151247396,103.8966291,12.5,12.5
19,Isobaths,Isobath_shell,1.151247396,103.8966111,12.5,12.5
19,Isobaths,Isobath_shell,1.151229309,103.8965932,12.5,12.5
19,Isobaths,Isobath_shell,1.151229309,103.8965572,12.5,12.5
19,Isobaths,Isobath_shell,1.151211221,103.8965393,12.5,12.5
19,Isobaths,Isobath_shell,1.151211221,103.8965213,12.5,12.5
19,Isobaths,Isobath_shell,1.151193134,103.8965033,12.5,12.5
19,Isobaths,Isobath_shell,1.151193134,103.8964674,12.5,12.5
19,Isobaths,Isobath_shell,1.151175047,103.8964494,12.5,12.5
19,Isobaths,Isobath_shell,1.151175047,103.8964314,12.5,12.5
19,Isobaths,Isobath_shell,1.151156959,103.8964135,12.5,12.5
19,Isobaths,Isobath_shell,1.151156959,103.8963775,12.5,12.5
19,Isobaths,Isobath_shell,1.151138872,103.8963596,12.5,12.5
19,Isobaths,Isobath_shell,1.151138872,103.8963416,12.5,12.5
19,Isobaths,Isobath_shell,1.151120785,103.8963236,12.5,12.5
19,Isobaths,Isobath_shell,1.151120785,103.8962877,12.5,12.5
19,Isobaths,Isobath_shell,1.151102697,103.8962697,12.5,12.5
19,Isobaths,Isobath_shell,1.151102697,103.8962517,12.5,12.5
19,Isobaths,Isobath_shell,1.15108461,103.8962338,12.5,12.5
20,Isobaths,Isobath_shell,1.149167355,103.9073572,12.5,12.5
20,Isobaths,Isobath_shell,1.149167355,103.9073392,12.5,12.5
20,Isobaths,Isobath_shell,1.149185442,103.9073392,12.5,12.5
20,Isobaths,Isobath_shell,1.149185442,103.9072853,12.5,12.5
20,Isobaths,Isobath_shell,1.149203529,103.9072853,12.5,12.5
20,Isobaths,Isobath_shell,1.149203529,103.9072494,12.5,12.5
20,Isobaths,Isobath_shell,1.149221617,103.9072494,12.5,12.5
20,Isobaths,Isobath_shell,1.149221617,103.9071954,12.5,12.5
20,Isobaths,Isobath_shell,1.149239704,103.9071954,12.5,12.5
20,Isobaths,Isobath_shell,1.149239704,103.9071415,12.5,12.5
20,Isobaths,Isobath_shell,1.149257791,103.9071415,12.5,12.5
20,Isobaths,Isobath_shell,1.149257791,103.9071056,12.5,12.5
20,Isobaths,Isobath_shell,1.149275878,103.9071056,12.5,12.5
20,Isobaths,Isobath_shell,1.149275878,103.9070517,12.5,12.5
20,Isobaths,Isobath_shell,1.149293966,103.9070517,12.5,12.5
20,Isobaths,Isobath_shell,1.149293966,103.9069978,12.5,12.5
20,Isobaths,Isobath_shell,1.149312053,103.9069978,12.5,12.5
20,Isobaths,Isobath_shell,1.149312053,103.9069845,12.5,12.5
20,Isobaths,Isobath_shell,1.14933014,103.9069845,12.5,12.5
20,Isobaths,Isobath_shell,1.149366315,103.9070093,12.5,12.5
20,Isobaths,Isobath_shell,1.14939558,103.9070517,12.5,12.5
20,Isobaths,Isobath_shell,1.149420577,103.9070684,12.5,12.5
20,Isobaths,Isobath_shell,1.149583363,103.9070888,12.5,12.5
20,Isobaths,Isobath_shell,1.149637625,103.9071067,12.5,12.5
20,Isobaths,Isobath_shell,1.149673799,103.9071078,12.5,12.5
20,Isobaths,Isobath_shell,1.149728061,103.9070883,12.5,12.5
20,Isobaths,Isobath_shell,1.149764236,103.9070647,12.5,12.5
20,Isobaths,Isobath_shell,1.149908935,103.9069313,12.5,12.5
20,Isobaths,Isobath_shell,1.149945109,103.906916,12.5,12.5
20,Isobaths,Isobath_shell,1.149963197,103.9069178,12.5,12.5
20,Isobaths,Isobath_shell,1.149989327,103.9069439,12.5,12.5
20,Isobaths,Isobath_shell,1.150031762,103.9070517,12.5,12.5
20,Isobaths,Isobath_shell,1.150053633,103.9070884,12.5,12.5
20,Isobaths,Isobath_shell,1.150089808,103.9071236,12.5,12.5
20,Isobaths,Isobath_shell,1.150125982,103.907136,12.5,12.5
20,Isobaths,Isobath_shell,1.151048435,103.9070827,12.5,12.5
20,Isobaths,Isobath_shell,1.151120785,103.9070731,12.5,12.5
20,Isobaths,Isobath_shell,1.151156959,103.9070601,12.5,12.5
20,Isobaths,Isobath_shell,1.151187849,103.9070337,12.5,12.5
20,Isobaths,Isobath_shell,1.151195619,103.9070157,12.5,12.5
20,Isobaths,Isobath_shell,1.151213517,103.9067821,12.5,12.5
20,Isobaths,Isobath_shell,1.151232275,103.9067103,12.5,12.5
20,Isobaths,Isobath_shell,1.151265483,103.9066365,12.5,12.5
20,Isobaths,Isobath_shell,1.151857874,103.9057758,12.5,12.5
20,Isobaths,Isobath_shell,1.151909859,103.905686,12.5,12.5
20,Isobaths,Isobath_shell,1.151952801,103.9055799,12.5,12.5
20,Isobaths,Isobath_shell,1.151960462,103.9055242,12.5,12.5
20,Isobaths,Isobath_shell,1.151958306,103.9054883,12.5,12.5
20,Isobaths,Isobath_shell,1.151939809,103.9054524,12.5,12.5
20,Isobaths,Isobath_shell,1.15190605,103.9054164,12.5,12.5
20,Isobaths,Isobath_shell,1.151779564,103.9053266,12.5,12.5
20,Isobaths,Isobath_shell,1.151242797,103.9050211,12.5,12.5
20,Isobaths,Isobath_shell,1.151208885,103.9049851,12.5,12.5
20,Isobaths,Isobath_shell,1.151179598,103.9049133,12.5,12.5
20,Isobaths,Isobath_shell,1.151156959,103.9048802,12.5,12.5
20,Isobaths,Isobath_shell,1.151030348,103.9047663,12.5,12.5
20,Isobaths,Isobath_shell,1.150953215,103.9046617,12.5,12.5
20,Isobaths,Isobath_shell,1.150921824,103.9046363,12.5,12.5
20,Isobaths,Isobath_shell,1.15088565,103.9046189,12.5,12.5
20,Isobaths,Isobath_shell,1.150795213,103.9045947,12.5,12.5
20,Isobaths,Isobath_shell,1.150722864,103.9045966,12.5,12.5
20,Isobaths,Isobath_shell,1.150671287,103.9046257,12.5,12.5
20,Isobaths,Isobath_shell,1.150596253,103.9047084,12.5,12.5
20,Isobaths,Isobath_shell,1.150560078,103.9047246,12.5,12.5
20,Isobaths,Isobath_shell,1.150469641,103.9047246,12.5,12.5
20,Isobaths,Isobath_shell,1.15034303,103.9046983,12.5,12.5
20,Isobaths,Isobath_shell,1.150180244,103.9046938,12.5,12.5
20,Isobaths,Isobath_shell,1.150125982,103.9047095,12.5,12.5
20,Isobaths,Isobath_shell,1.149981284,103.9047765,12.5,12.5
20,Isobaths,Isobath_shell,1.149927022,103.9047781,12.5,12.5
20,Isobaths,Isobath_shell,1.149908935,103.904766,12.5,12.5
20,Isobaths,Isobath_shell,1.149890847,103.9047515,12.5,12.5
20,Isobaths,Isobath_shell,1.149890847,103.9047336,12.5,12.5
20,Isobaths,Isobath_shell,1.149908935,103.9047336,12.5,12.5
20,Isobaths,Isobath_shell,1.149908935,103.9046797,12.5,12.5
20,Isobaths,Isobath_shell,1.149927022,103.9046797,12.5,12.5
20,Isobaths,Isobath_shell,1.149927022,103.9046437,12.5,12.5
20,Isobaths,Isobath_shell,1.149945109,103.9046437,12.5,12.5
20,Isobaths,Isobath_shell,1.149945109,103.9046078,12.5,12.5
20,Isobaths,Isobath_shell,1.149963197,103.9046078,12.5,12.5
20,Isobaths,Isobath_shell,1.149963197,103.9045539,12.5,12.5
20,Isobaths,Isobath_shell,1.149981284,103.9045539,12.5,12.5
20,Isobaths,Isobath_shell,1.149981284,103.9045396,12.5,12.5
20,Isobaths,Isobath_shell,1.150017458,103.9045461,12.5,12.5
20,Isobaths,Isobath_shell,1.150089808,103.9045449,12.5,12.5
20,Isobaths,Isobath_shell,1.150288768,103.9044594,12.5,12.5
20,Isobaths,Isobath_shell,1.15034303,103.9044481,12.5,12.5
20,Isobaths,Isobath_shell,1.150361117,103.9044533,12.5,12.5
20,Isobaths,Isobath_shell,1.150379205,103.904469,12.5,12.5
20,Isobaths,Isobath_shell,1.150415379,103.9045256,12.5,12.5
20,Isobaths,Isobath_shell,1.150433467,103.9045389,12.5,12.5
20,Isobaths,Isobath_shell,1.150469641,103.9045503,12.5,12.5
20,Isobaths,Isobath_shell,1.150505816,103.9045454,12.5,12.5
20,Isobaths,Isobath_shell,1.150523903,103.9045361,12.5,12.5
20,Isobaths,Isobath_shell,1.15061434,103.9044705,12.5,12.5
20,Isobaths,Isobath_shell,1.150668602,103.9044595,12.5,12.5
20,Isobaths,Isobath_shell,1.150759038,103.9044746,12.5,12.5
20,Isobaths,Isobath_shell,1.151030348,103.9045616,12.5,12.5
20,Isobaths,Isobath_shell,1.151126667,103.9046257,12.5,12.5
20,Isobaths,Isobath_shell,1.151304373,103.9047695,12.5,12.5
20,Isobaths,Isobath_shell,1.151324545,103.9048054,12.5,12.5
20,Isobaths,Isobath_shell,1.151337833,103.9048726,12.5,12.5
20,Isobaths,Isobath_shell,1.15134647,103.9048953,12.5,12.5
20,Isobaths,Isobath_shell,1.151380824,103.9049312,12.5,12.5
20,Isobaths,Isobath_shell,1.152301628,103.9054524,12.5,12.5
20,Isobaths,Isobath_shell,1.152383654,103.9055063,12.5,12.5
20,Isobaths,Isobath_shell,1.152446711,103.9055602,12.5,12.5
20,Isobaths,Isobath_shell,1.152472951,103.9055961,12.5,12.5
20,Isobaths,Isobath_shell,1.152479658,103.9056141,12.5,12.5
20,Isobaths,Isobath_shell,1.1524867,103.9057219,12.5,12.5
20,Isobaths,Isobath_shell,1.15248079,103.9057578,12.5,12.5
20,Isobaths,Isobath_shell,1.152468419,103.9057938,12.5,12.5
20,Isobaths,Isobath_shell,1.152420582,103.9058836,12.5,12.5
20,Isobaths,Isobath_shell,1.152406839,103.9059196,12.5,12.5
20,Isobaths,Isobath_shell,1.152404381,103.9059555,12.5,12.5
20,Isobaths,Isobath_shell,1.152423072,103.9059818,12.5,12.5
20,Isobaths,Isobath_shell,1.152459246,103.905998,12.5,12.5
20,Isobaths,Isobath_shell,1.152603945,103.9060376,12.5,12.5
20,Isobaths,Isobath_shell,1.152730556,103.9060619,12.5,12.5
20,Isobaths,Isobath_shell,1.152784818,103.9060587,12.5,12.5
20,Isobaths,Isobath_shell,1.152857167,103.9060424,12.5,12.5
20,Isobaths,Isobath_shell,1.153001866,103.9059883,12.5,12.5
20,Isobaths,Isobath_shell,1.153074215,103.9059957,12.5,12.5
20,Isobaths,Isobath_shell,1.153146564,103.9060246,12.5,12.5
20,Isobaths,Isobath_shell,1.153255088,103.9060818,12.5,12.5
20,Isobaths,Isobath_shell,1.153815795,103.906417,12.5,12.5
20,Isobaths,Isobath_shell,1.153870057,103.9064314,12.5,12.5
20,Isobaths,Isobath_shell,1.153906231,103.9064155,12.5,12.5
20,Isobaths,Isobath_shell,1.153933944,103.9063688,12.5,12.5
20,Isobaths,Isobath_shell,1.153978581,103.9062391,12.5,12.5
20,Isobaths,Isobath_shell,1.153996668,103.9061557,12.5,12.5
20,Isobaths,Isobath_shell,1.154008592,103.9060633,12.5,12.5
20,Isobaths,Isobath_shell,1.15403006,103.9058657,12.5,12.5
20,Isobaths,Isobath_shell,1.154049525,103.9056321,12.5,12.5
20,Isobaths,Isobath_shell,1.154083803,103.9049851,12.5,12.5
20,Isobaths,Isobath_shell,1.154081744,103.9049672,12.5,12.5
20,Isobaths,Isobath_shell,1.154067861,103.9049492,12.5,12.5
20,Isobaths,Isobath_shell,1.153996668,103.9048783,12.5,12.5
20,Isobaths,Isobath_shell,1.153888144,103.9048196,12.5,12.5
20,Isobaths,Isobath_shell,1.153846281,103.9047875,12.5,12.5
20,Isobaths,Isobath_shell,1.153820963,103.9047336,12.5,12.5
20,Isobaths,Isobath_shell,1.153795906,103.9046617,12.5,12.5
20,Isobaths,Isobath_shell,1.153789507,103.9046257,12.5,12.5
20,Isobaths,Isobath_shell,1.153790504,103.9045898,12.5,12.5
20,Isobaths,Isobath_shell,1.153799143,103.9045539,12.5,12.5
20,Isobaths,Isobath_shell,1.153833882,103.9044814,12.5,12.5
20,Isobaths,Isobath_shell,1.153852926,103.9044101,12.5,12.5
20,Isobaths,Isobath_shell,1.153870992,103.9041406,12.5,12.5
20,Isobaths,Isobath_shell,1.153883835,103.9040507,12.5,12.5
20,Isobaths,Isobath_shell,1.153896173,103.9040148,12.5,12.5
20,Isobaths,Isobath_shell,1.153916034,103.9039788,12.5,12.5
20,Isobaths,Isobath_shell,1.153942406,103.9039504,12.5,12.5
20,Isobaths,Isobath_shell,1.154060485,103.903853,12.5,12.5
20,Isobaths,Isobath_shell,1.154141367,103.9037988,12.5,12.5
20,Isobaths,Isobath_shell,1.154194318,103.9037093,12.5,12.5
20,Isobaths,Isobath_shell,1.154223625,103.9036194,12.5,12.5
20,Isobaths,Isobath_shell,1.154233802,103.9035296,12.5,12.5
20,Isobaths,Isobath_shell,1.154231803,103.9033363,12.5,12.5
20,Isobaths,Isobath_shell,1.154212292,103.90326,12.5,12.5
20,Isobaths,Isobath_shell,1.154157494,103.9031522,12.5,12.5
20,Isobaths,Isobath_shell,1.154147366,103.9031163,12.5,12.5
20,Isobaths,Isobath_shell,1.154147245,103.9030983,12.5,12.5
20,Isobaths,Isobath_shell,1.154169373,103.9030624,12.5,12.5
20,Isobaths,Isobath_shell,1.154213716,103.9030207,12.5,12.5
20,Isobaths,Isobath_shell,1.154267978,103.9029503,12.5,12.5
20,Isobaths,Isobath_shell,1.154309,103.9028647,12.5,12.5
20,Isobaths,Isobath_shell,1.154341906,103.9027569,12.5,12.5
20,Isobaths,Isobath_shell,1.154352295,103.902649,12.5,12.5
20,Isobaths,Isobath_shell,1.154344485,103.9025412,12.5,12.5
20,Isobaths,Isobath_shell,1.154345794,103.9024693,12.5,12.5
20,Isobaths,Isobath_shell,1.154366923,103.9023256,12.5,12.5
20,Isobaths,Isobath_shell,1.154359659,103.9021998,12.5,12.5
20,Isobaths,Isobath_shell,1.154370678,103.9021459,12.5,12.5
20,Isobaths,Isobath_shell,1.154385389,103.9020201,12.5,12.5
20,Isobaths,Isobath_shell,1.15441995,103.9019482,12.5,12.5
20,Isobaths,Isobath_shell,1.154428531,103.9019123,12.5,12.5
20,Isobaths,Isobath_shell,1.154468747,103.9018224,12.5,12.5
20,Isobaths,Isobath_shell,1.154503576,103.9017865,12.5,12.5
20,Isobaths,Isobath_shell,1.154520318,103.9017506,12.5,12.5
20,Isobaths,Isobath_shell,1.154575462,103.9017072,12.5,12.5
20,Isobaths,Isobath_shell,1.154611637,103.9016508,12.5,12.5
20,Isobaths,Isobath_shell,1.154629724,103.9016101,12.5,12.5
20,Isobaths,Isobath_shell,1.154680157,103.9013912,12.5,12.5
20,Isobaths,Isobath_shell,1.154731964,103.9012654,12.5,12.5
20,Isobaths,Isobath_shell,1.154741537,103.9012294,12.5,12.5
20,Isobaths,Isobath_shell,1.154740701,103.9010857,12.5,12.5
20,Isobaths,Isobath_shell,1.154756788,103.9009778,12.5,12.5
20,Isobaths,Isobath_shell,1.154763709,103.9008521,12.5,12.5
20,Isobaths,Isobath_shell,1.154804791,103.9006184,12.5,12.5
20,Isobaths,Isobath_shell,1.154848865,103.9004567,12.5,12.5
20,Isobaths,Isobath_shell,1.154936885,103.9002231,12.5,12.5
20,Isobaths,Isobath_shell,1.15500086,103.9000254,12.5,12.5
20,Isobaths,Isobath_shell,1.155023246,103.8999715,12.5,12.5
20,Isobaths,Isobath_shell,1.155081727,103.8998637,12.5,12.5
20,Isobaths,Isobath_shell,1.155099994,103.8998093,12.5,12.5
20,Isobaths,Isobath_shell,1.155117166,103.8996481,12.5,12.5
20,Isobaths,Isobath_shell,1.155119307,103.8993785,12.5,12.5
20,Isobaths,Isobath_shell,1.155138807,103.8993246,12.5,12.5
20,Isobaths,Isobath_shell,1.155194667,103.8992527,12.5,12.5
20,Isobaths,Isobath_shell,1.155215973,103.8992168,12.5,12.5
20,Isobaths,Isobath_shell,1.155227454,103.8991808,12.5,12.5
20,Isobaths,Isobath_shell,1.155231332,103.8991449,12.5,12.5
20,Isobaths,Isobath_shell,1.155182884,103.8988933,12.5,12.5
20,Isobaths,Isobath_shell,1.155178373,103.8988214,12.5,12.5
20,Isobaths,Isobath_shell,1.15516771,103.8987496,12.5,12.5
20,Isobaths,Isobath_shell,1.155146592,103.8986777,12.5,12.5
20,Isobaths,Isobath_shell,1.155102266,103.8984621,12.5,12.5
20,Isobaths,Isobath_shell,1.155098702,103.8984081,12.5,12.5
20,Isobaths,Isobath_shell,1.155105088,103.8983183,12.5,12.5
20,Isobaths,Isobath_shell,1.15512004,103.8982824,12.5,12.5
20,Isobaths,Isobath_shell,1.155148579,103.8982464,12.5,12.5
20,Isobaths,Isobath_shell,1.155441613,103.8980308,12.5,12.5
20,Isobaths,Isobath_shell,1.155479828,103.8979925,12.5,12.5
20,Isobaths,Isobath_shell,1.155533046,103.897923,12.5,12.5
20,Isobaths,Isobath_shell,1.155570391,103.897887,12.5,12.5
20,Isobaths,Isobath_shell,1.155621903,103.8978511,12.5,12.5
20,Isobaths,Isobath_shell,1.155782332,103.8977612,12.5,12.5
20,Isobaths,Isobath_shell,1.15590619,103.8976714,12.5,12.5
20,Isobaths,Isobath_shell,1.156073796,103.8975636,12.5,12.5
20,Isobaths,Isobath_shell,1.156112884,103.8975216,12.5,12.5
20,Isobaths,Isobath_shell,1.156129094,103.8974917,12.5,12.5
20,Isobaths,Isobath_shell,1.156129724,103.8974737,12.5,12.5
20,Isobaths,Isobath_shell,1.156130971,103.8974557,12.5,12.5
20,Isobaths,Isobath_shell,1.156130971,103.8974378,12.5,12.5
20,Isobaths,Isobath_shell,1.156149059,103.8974557,12.5,12.5
20,Isobaths,Isobath_shell,1.156167146,103.8974557,12.5,12.5
20,Isobaths,Isobath_shell,1.156185233,103.8974737,12.5,12.5
20,Isobaths,Isobath_shell,1.15620332,103.8974917,12.5,12.5
20,Isobaths,Isobath_shell,1.156221408,103.8974917,12.5,12.5
20,Isobaths,Isobath_shell,1.156257582,103.8975276,12.5,12.5
20,Isobaths,Isobath_shell,1.15627567,103.8975456,12.5,12.5
20,Isobaths,Isobath_shell,1.156293757,103.8975456,12.5,12.5
20,Isobaths,Isobath_shell,1.156311844,103.8975636,12.5,12.5
20,Isobaths,Isobath_shell,1.156329932,103.8975815,12.5,12.5
20,Isobaths,Isobath_shell,1.156348019,103.8975815,12.5,12.5
20,Isobaths,Isobath_shell,1.156366106,103.8975995,12.5,12.5
20,Isobaths,Isobath_shell,1.156384194,103.8976175,12.5,12.5
20,Isobaths,Isobath_shell,1.156402281,103.8976175,12.5,12.5
20,Isobaths,Isobath_shell,1.156420368,103.8976354,12.5,12.5
20,Isobaths,Isobath_shell,1.156438456,103.8976534,12.5,12.5
20,Isobaths,Isobath_shell,1.156456543,103.8976714,12.5,12.5
20,Isobaths,Isobath_shell,1.156456543,103.8976893,12.5,12.5
20,Isobaths,Isobath_shell,1.15644518,103.8977073,12.5,12.5
20,Isobaths,Isobath_shell,1.156439079,103.8977253,12.5,12.5
20,Isobaths,Isobath_shell,1.156420368,103.8977561,12.5,12.5
20,Isobaths,Isobath_shell,1.156384194,103.8977903,12.5,12.5
20,Isobaths,Isobath_shell,1.156024416,103.8980308,12.5,12.5
20,Isobaths,Isobath_shell,1.155989959,103.8980667,12.5,12.5
20,Isobaths,Isobath_shell,1.15591999,103.8981745,12.5,12.5
20,Isobaths,Isobath_shell,1.155874966,103.8982284,12.5,12.5
20,Isobaths,Isobath_shell,1.1558054,103.8982883,12.5,12.5
20,Isobaths,Isobath_shell,1.155624526,103.8984218,12.5,12.5
20,Isobaths,Isobath_shell,1.155602133,103.8984441,12.5,12.5
20,Isobaths,Isobath_shell,1.155579692,103.89848,12.5,12.5
20,Isobaths,Isobath_shell,1.155546664,103.8986058,12.5,12.5
20,Isobaths,Isobath_shell,1.15554033,103.8986417,12.5,12.5
20,Isobaths,Isobath_shell,1.155540965,103.8986957,12.5,12.5
20,Isobaths,Isobath_shell,1.155551086,103.8987675,12.5,12.5
20,Isobaths,Isobath_shell,1.155561415,103.8988214,12.5,12.5
20,Isobaths,Isobath_shell,1.155563156,103.8988574,12.5,12.5
20,Isobaths,Isobath_shell,1.155558369,103.8988933,12.5,12.5
20,Isobaths,Isobath_shell,1.155553173,103.8989113,12.5,12.5
20,Isobaths,Isobath_shell,1.155531904,103.8989652,12.5,12.5
20,Isobaths,Isobath_shell,1.155527759,103.8990011,12.5,12.5
20,Isobaths,Isobath_shell,1.155530316,103.8990371,12.5,12.5
20,Isobaths,Isobath_shell,1.155544089,103.899109,12.5,12.5
20,Isobaths,Isobath_shell,1.155549837,103.8991629,12.5,12.5
20,Isobaths,Isobath_shell,1.155547671,103.8991988,12.5,12.5
20,Isobaths,Isobath_shell,1.155542937,103.8992168,12.5,12.5
20,Isobaths,Isobath_shell,1.155517404,103.8992707,12.5,12.5
20,Isobaths,Isobath_shell,1.155372232,103.8994504,12.5,12.5
20,Isobaths,Isobath_shell,1.15535037,103.8994863,12.5,12.5
20,Isobaths,Isobath_shell,1.155326156,103.8995762,12.5,12.5
20,Isobaths,Isobath_shell,1.155278441,103.8998098,12.5,12.5
20,Isobaths,Isobath_shell,1.155268365,103.8998457,12.5,12.5
20,Isobaths,Isobath_shell,1.155243792,103.8998996,12.5,12.5
20,Isobaths,Isobath_shell,1.155154256,103.9000447,12.5,12.5
20,Isobaths,Isobath_shell,1.155119425,103.9001153,12.5,12.5
20,Isobaths,Isobath_shell,1.155052009,103.900313,12.5,12.5
20,Isobaths,Isobath_shell,1.154973383,103.9005016,12.5,12.5
20,Isobaths,Isobath_shell,1.154924052,103.9006544,12.5,12.5
20,Isobaths,Isobath_shell,1.15491034,103.9007083,12.5,12.5
20,Isobaths,Isobath_shell,1.154898691,103.9007802,12.5,12.5
20,Isobaths,Isobath_shell,1.154896587,103.9008161,12.5,12.5
20,Isobaths,Isobath_shell,1.154907031,103.9009239,12.5,12.5
20,Isobaths,Isobath_shell,1.154910207,103.9010138,12.5,12.5
20,Isobaths,Isobath_shell,1.15492359,103.9010677,12.5,12.5
20,Isobaths,Isobath_shell,1.154976562,103.9012115,12.5,12.5
20,Isobaths,Isobath_shell,1.154980747,103.9012294,12.5,12.5
20,Isobaths,Isobath_shell,1.15498464,103.9012654,12.5,12.5
20,Isobaths,Isobath_shell,1.154981229,103.9013013,12.5,12.5
20,Isobaths,Isobath_shell,1.154950458,103.9013912,12.5,12.5
20,Isobaths,Isobath_shell,1.154936071,103.9014451,12.5,12.5
20,Isobaths,Isobath_shell,1.154931491,103.901481,12.5,12.5
20,Isobaths,Isobath_shell,1.154918268,103.9016607,12.5,12.5
20,Isobaths,Isobath_shell,1.154895187,103.9017865,12.5,12.5
20,Isobaths,Isobath_shell,1.154883458,103.9018763,12.5,12.5
20,Isobaths,Isobath_shell,1.154870997,103.9019303,12.5,12.5
20,Isobaths,Isobath_shell,1.154850163,103.9020021,12.5,12.5
20,Isobaths,Isobath_shell,1.154836525,103.9020381,12.5,12.5
20,Isobaths,Isobath_shell,1.15468491,103.9023615,12.5,12.5
20,Isobaths,Isobath_shell,1.154649857,103.9024514,12.5,12.5
20,Isobaths,Isobath_shell,1.154624895,103.9025053,12.5,12.5
20,Isobaths,Isobath_shell,1.154560897,103.9025951,12.5,12.5
20,Isobaths,Isobath_shell,1.154485026,103.9026654,12.5,12.5
20,Isobaths,Isobath_shell,1.154448851,103.9027168,12.5,12.5
20,Isobaths,Isobath_shell,1.154409268,103.9027928,12.5,12.5
20,Isobaths,Isobath_shell,1.154328179,103.9030084,12.5,12.5
20,Isobaths,Isobath_shell,1.154314859,103.9030624,12.5,12.5
20,Isobaths,Isobath_shell,1.154312503,103.9030983,12.5,12.5
20,Isobaths,Isobath_shell,1.154317869,103.9031342,12.5,12.5
20,Isobaths,Isobath_shell,1.154345212,103.90326,12.5,12.5
20,Isobaths,Isobath_shell,1.154351202,103.9033319,12.5,12.5
20,Isobaths,Isobath_shell,1.154350326,103.9033858,12.5,12.5
20,Isobaths,Isobath_shell,1.154341391,103.9034397,12.5,12.5
20,Isobaths,Isobath_shell,1.15429915,103.9036194,12.5,12.5
20,Isobaths,Isobath_shell,1.154267505,103.9037272,12.5,12.5
20,Isobaths,Isobath_shell,1.154227269,103.9038171,12.5,12.5
20,Isobaths,Isobath_shell,1.154182143,103.9039069,12.5,12.5
20,Isobaths,Isobath_shell,1.154141367,103.9039549,12.5,12.5
20,Isobaths,Isobath_shell,1.154087105,103.9039818,12.5,12.5
20,Isobaths,Isobath_shell,1.154041457,103.9040148,12.5,12.5
20,Isobaths,Isobath_shell,1.154010593,103.9040507,12.5,12.5
20,Isobaths,Isobath_shell,1.153998063,103.9040866,12.5,12.5
20,Isobaths,Isobath_shell,1.153972633,103.9042124,12.5,12.5
20,Isobaths,Isobath_shell,1.153966902,103.9042663,12.5,12.5
20,Isobaths,Isobath_shell,1.153967654,103.9043203,12.5,12.5
20,Isobaths,Isobath_shell,1.153979286,103.9044281,12.5,12.5
20,Isobaths,Isobath_shell,1.153979887,103.904446,12.5,12.5
20,Isobaths,Isobath_shell,1.153977456,103.904482,12.5,12.5
20,Isobaths,Isobath_shell,1.153967919,103.9045359,12.5,12.5
20,Isobaths,Isobath_shell,1.153947396,103.9045898,12.5,12.5
20,Isobaths,Isobath_shell,1.153935463,103.9046437,12.5,12.5
20,Isobaths,Isobath_shell,1.153935357,103.9046617,12.5,12.5
20,Isobaths,Isobath_shell,1.153943339,103.9046976,12.5,12.5
20,Isobaths,Isobath_shell,1.153968787,103.9047515,12.5,12.5
20,Isobaths,Isobath_shell,1.154009789,103.9048054,12.5,12.5
20,Isobaths,Isobath_shell,1.154046293,103.9048414,12.5,12.5
20,Isobaths,Isobath_shell,1.154087105,103.9048708,12.5,12.5
20,Isobaths,Isobath_shell,1.154123279,103.9048874,12.5,12.5
20,Isobaths,Isobath_shell,1.154177541,103.9048943,12.5,12.5
20,Isobaths,Isobath_shell,1.154358414,103.904889,12.5,12.5
20,Isobaths,Isobath_shell,1.154485026,103.9048938,12.5,12.5
20,Isobaths,Isobath_shell,1.1545212,103.9049078,12.5,12.5
20,Isobaths,Isobath_shell,1.154537027,103.9049312,12.5,12.5
20,Isobaths,Isobath_shell,1.154540124,103.9049492,12.5,12.5
20,Isobaths,Isobath_shell,1.154538564,103.9049672,12.5,12.5
20,Isobaths,Isobath_shell,1.154320793,103.9064048,12.5,12.5
20,Isobaths,Isobath_shell,1.154311547,103.9064766,12.5,12.5
20,Isobaths,Isobath_shell,1.154308202,103.9065306,12.5,12.5
20,Isobaths,Isobath_shell,1.154310128,103.9065665,12.5,12.5
20,Isobaths,Isobath_shell,1.154313286,103.9065845,12.5,12.5
20,Isobaths,Isobath_shell,1.154327909,103.9066204,12.5,12.5
20,Isobaths,Isobath_shell,1.154358414,103.9066529,12.5,12.5
20,Isobaths,Isobath_shell,1.154458717,103.9067282,12.5,12.5
20,Isobaths,Isobath_shell,1.154485026,103.9067542,12.5,12.5
20,Isobaths,Isobath_shell,1.15450422,103.9067821,12.5,12.5
20,Isobaths,Isobath_shell,1.15450422,103.906836,12.5,12.5
20,Isobaths,Isobath_shell,1.1545212,103.906836,12.5,12.5
20,Isobaths,Isobath_shell,1.1545212,103.906854,12.5,12.5
20,Isobaths,Isobath_shell,1.154503113,103.906854,12.5,12.5
20,Isobaths,Isobath_shell,1.154503113,103.906872,12.5,12.5
20,Isobaths,Isobath_shell,1.154485026,103.906872,12.5,12.5
20,Isobaths,Isobath_shell,1.154485026,103.90689,12.5,12.5
20,Isobaths,Isobath_shell,1.154466938,103.90689,12.5,12.5
20,Isobaths,Isobath_shell,1.154466938,103.9069079,12.5,12.5
20,Isobaths,Isobath_shell,1.154448851,103.9069079,12.5,12.5
20,Isobaths,Isobath_shell,1.154448851,103.9069259,12.5,12.5
20,Isobaths,Isobath_shell,1.154430764,103.9069259,12.5,12.5
20,Isobaths,Isobath_shell,1.154430764,103.9069439,12.5,12.5
20,Isobaths,Isobath_shell,1.154412676,103.9069439,12.5,12.5
20,Isobaths,Isobath_shell,1.154412676,103.9069618,12.5,12.5
20,Isobaths,Isobath_shell,1.154394589,103.9069618,12.5,12.5
20,Isobaths,Isobath_shell,1.154394589,103.9069798,12.5,12.5
20,Isobaths,Isobath_shell,1.154376502,103.9069798,12.5,12.5
20,Isobaths,Isobath_shell,1.154376502,103.9069978,12.5,12.5
20,Isobaths,Isobath_shell,1.154358414,103.9069978,12.5,12.5
20,Isobaths,Isobath_shell,1.154358414,103.9070157,12.5,12.5
20,Isobaths,Isobath_shell,1.154340327,103.9070157,12.5,12.5
20,Isobaths,Isobath_shell,1.154340327,103.9070337,12.5,12.5
20,Isobaths,Isobath_shell,1.15432224,103.9070337,12.5,12.5
20,Isobaths,Isobath_shell,1.15432224,103.9070517,12.5,12.5
20,Isobaths,Isobath_shell,1.154304152,103.9070517,12.5,12.5
20,Isobaths,Isobath_shell,1.154304152,103.9070697,12.5,12.5
20,Isobaths,Isobath_shell,1.154286065,103.9070697,12.5,12.5
20,Isobaths,Isobath_shell,1.154286065,103.9070876,12.5,12.5
20,Isobaths,Isobath_shell,1.154267978,103.9070876,12.5,12.5
20,Isobaths,Isobath_shell,1.154267978,103.9071236,12.5,12.5
20,Isobaths,Isobath_shell,1.15424989,103.9071236,12.5,12.5
20,Isobaths,Isobath_shell,1.15424989,103.9071775,12.5,12.5
20,Isobaths,Isobath_shell,1.154231803,103.9071775,12.5,12.5
20,Isobaths,Isobath_shell,1.154231803,103.9072314,12.5,12.5
20,Isobaths,Isobath_shell,1.154213716,103.9072314,12.5,12.5
20,Isobaths,Isobath_shell,1.154213716,103.9072673,12.5,12.5
20,Isobaths,Isobath_shell,1.154195628,103.9072673,12.5,12.5
20,Isobaths,Isobath_shell,1.154195628,103.9073212,12.5,12.5
20,Isobaths,Isobath_shell,1.154177541,103.9073212,12.5,12.5
20,Isobaths,Isobath_shell,1.154177541,103.9073751,12.5,12.5
20,Isobaths,Isobath_shell,1.154159454,103.9073751,12.5,12.5
20,Isobaths,Isobath_shell,1.154159454,103.9074291,12.5,12.5
20,Isobaths,Isobath_shell,1.154141367,103.9074291,12.5,12.5
20,Isobaths,Isobath_shell,1.154141367,103.907465,12.5,12.5
20,Isobaths,Isobath_shell,1.154123279,103.907465,12.5,12.5
20,Isobaths,Isobath_shell,1.154123279,103.9075189,12.5,12.5
20,Isobaths,Isobath_shell,1.154105192,103.9075189,12.5,12.5
20,Isobaths,Isobath_shell,1.154105192,103.9075728,12.5,12.5
20,Isobaths,Isobath_shell,1.154087105,103.9075728,12.5,12.5
20,Isobaths,Isobath_shell,1.154087105,103.9076267,12.5,12.5
20,Isobaths,Isobath_shell,1.154069017,103.9076267,12.5,12.5
20,Isobaths,Isobath_shell,1.154069017,103.9076627,12.5,12.5
20,Isobaths,Isobath_shell,1.15405093,103.9076627,12.5,12.5
20,Isobaths,Isobath_shell,1.15405093,103.9077166,12.5,12.5
20,Isobaths,Isobath_shell,1.154032843,103.9077166,12.5,12.5
20,Isobaths,Isobath_shell,1.154032843,103.9077705,12.5,12.5
20,Isobaths,Isobath_shell,1.154014755,103.9077705,12.5,12.5
20,Isobaths,Isobath_shell,1.154014755,103.9078244,12.5,12.5
20,Isobaths,Isobath_shell,1.153996668,103.9078244,12.5,12.5
20,Isobaths,Isobath_shell,1.153996668,103.9078603,12.5,12.5
20,Isobaths,Isobath_shell,1.153978581,103.9078603,12.5,12.5
20,Isobaths,Isobath_shell,1.153978581,103.9079142,12.5,12.5
20,Isobaths,Isobath_shell,1.153960493,103.9079142,12.5,12.5
20,Isobaths,Isobath_shell,1.153960493,103.9079502,12.5,12.5
20,Isobaths,Isobath_shell,1.153942406,103.9079524,12.5,12.5
20,Isobaths,Isobath_shell,1.153921304,103.9079502,12.5,12.5
20,Isobaths,Isobath_shell,1.153906231,103.9079193,12.5,12.5
20,Isobaths,Isobath_shell,1.153870057,103.9079109,12.5,12.5
20,Isobaths,Isobath_shell,1.153797708,103.9078664,12.5,12.5
20,Isobaths,Isobath_shell,1.153653009,103.9077278,12.5,12.5
20,Isobaths,Isobath_shell,1.153559407,103.9076627,12.5,12.5
20,Isobaths,Isobath_shell,1.153291263,103.9075031,12.5,12.5
20,Isobaths,Isobath_shell,1.153237001,103.9074873,12.5,12.5
20,Isobaths,Isobath_shell,1.153182739,103.9074911,12.5,12.5
20,Isobaths,Isobath_shell,1.153056128,103.9075551,12.5,12.5
20,Isobaths,Isobath_shell,1.152014463,103.9082377,12.5,12.5
20,Isobaths,Isobath_shell,1.151976919,103.9082736,12.5,12.5
20,Isobaths,Isobath_shell,1.151970889,103.9082916,12.5,12.5
20,Isobaths,Isobath_shell,1.151970889,103.9085252,12.5,12.5
20,Isobaths,Isobath_shell,1.151952801,103.9085252,12.5,12.5
20,Isobaths,Isobath_shell,1.151934714,103.9085073,12.5,12.5
20,Isobaths,Isobath_shell,1.151916627,103.9085073,12.5,12.5
20,Isobaths,Isobath_shell,1.151898539,103.9084893,12.5,12.5
20,Isobaths,Isobath_shell,1.151880452,103.9084893,12.5,12.5
20,Isobaths,Isobath_shell,1.151862365,103.9084713,12.5,12.5
20,Isobaths,Isobath_shell,1.15182619,103.9084713,12.5,12.5
20,Isobaths,Isobath_shell,1.151808103,103.9084533,12.5,12.5
20,Isobaths,Isobath_shell,1.151790015,103.9084533,12.5,12.5
20,Isobaths,Isobath_shell,1.151771928,103.9084354,12.5,12.5
20,Isobaths,Isobath_shell,1.151753841,103.9084354,12.5,12.5
20,Isobaths,Isobath_shell,1.151753841,103.9084174,12.5,12.5
20,Isobaths,Isobath_shell,1.151771928,103.9083994,12.5,12.5
20,Isobaths,Isobath_shell,1.151771928,103.9083815,12.5,12.5
20,Isobaths,Isobath_shell,1.151790015,103.9083635,12.5,12.5
20,Isobaths,Isobath_shell,1.151790015,103.9083276,12.5,12.5
20,Isobaths,Isobath_shell,1.151808103,103.9083096,12.5,12.5
20,Isobaths,Isobath_shell,1.151808103,103.9082736,12.5,12.5
20,Isobaths,Isobath_shell,1.15182619,103.9082557,12.5,12.5
20,Isobaths,Isobath_shell,1.15182619,103.9082377,12.5,12.5
20,Isobaths,Isobath_shell,1.151807039,103.9082018,12.5,12.5
20,Isobaths,Isobath_shell,1.151760418,103.9081479,12.5,12.5
20,Isobaths,Isobath_shell,1.151671916,103.9080939,12.5,12.5
20,Isobaths,Isobath_shell,1.150994174,103.9078126,12.5,12.5
20,Isobaths,Isobath_shell,1.150921824,103.9077911,12.5,12.5
20,Isobaths,Isobath_shell,1.150831388,103.9077958,12.5,12.5
20,Isobaths,Isobath_shell,1.15034303,103.9078992,12.5,12.5
20,Isobaths,Isobath_shell,1.150288768,103.9078995,12.5,12.5
20,Isobaths,Isobath_shell,1.150234506,103.907888,12.5,12.5
20,Isobaths,Isobath_shell,1.150125982,103.907847,12.5,12.5
20,Isobaths,Isobath_shell,1.149782323,103.9076938,12.5,12.5
20,Isobaths,Isobath_shell,1.149743993,103.9076627,12.5,12.5
20,Isobaths,Isobath_shell,1.14966481,103.9075548,12.5,12.5
20,Isobaths,Isobath_shell,1.149529101,103.907444,12.5,12.5
20,Isobaths,Isobath_shell,1.149474839,103.9074278,12.5,12.5
20,Isobaths,Isobath_shell,1.14933014,103.9074341,12.5,12.5
20,Isobaths,Isobath_shell,1.149269367,103.9074291,12.5,12.5
20,Isobaths,Isobath_shell,1.149239704,103.9074173,12.5,12.5
20,Isobaths,Isobath_shell,1.149185442,103.9073716,12.5,12.5
20,Isobaths,Isobath_shell,1.149167355,103.9073572,12.5,12.5
21,Isobaths,Isobath_shell,1.151283571,103.8980653,17.5,17.5
21,Isobaths,Isobath_shell,1.151283571,103.8980308,17.5,17.5
21,Isobaths,Isobath_shell,1.151301658,103.8980308,17.5,17.5
21,Isobaths,Isobath_shell,1.151301658,103.8979409,17.5,17.5
21,Isobaths,Isobath_shell,1.151319745,103.8979409,17.5,17.5
21,Isobaths,Isobath_shell,1.151319745,103.897869,17.5,17.5
21,Isobaths,Isobath_shell,1.151337833,103.897869,17.5,17.5
21,Isobaths,Isobath_shell,1.151337833,103.8977972,17.5,17.5
21,Isobaths,Isobath_shell,1.15135592,103.8977972,17.5,17.5
21,Isobaths,Isobath_shell,1.15135592,103.8976534,17.5,17.5
21,Isobaths,Isobath_shell,1.151374007,103.8976534,17.5,17.5
21,Isobaths,Isobath_shell,1.151374007,103.8975096,17.5,17.5
21,Isobaths,Isobath_shell,1.151392094,103.8975096,17.5,17.5
21,Isobaths,Isobath_shell,1.151392094,103.8973659,17.5,17.5
21,Isobaths,Isobath_shell,1.151410182,103.8973659,17.5,17.5
21,Isobaths,Isobath_shell,1.151410182,103.8972221,17.5,17.5
21,Isobaths,Isobath_shell,1.151428269,103.8972221,17.5,17.5
21,Isobaths,Isobath_shell,1.151428269,103.8970604,17.5,17.5
21,Isobaths,Isobath_shell,1.151410182,103.8970424,17.5,17.5
21,Isobaths,Isobath_shell,1.151410182,103.8970065,17.5,17.5
21,Isobaths,Isobath_shell,1.151392094,103.8969885,17.5,17.5
21,Isobaths,Isobath_shell,1.151392094,103.8969705,17.5,17.5
21,Isobaths,Isobath_shell,1.151374007,103.8969526,17.5,17.5
21,Isobaths,Isobath_shell,1.151374007,103.8969166,17.5,17.5
21,Isobaths,Isobath_shell,1.15135592,103.8968987,17.5,17.5
21,Isobaths,Isobath_shell,1.15135592,103.8968807,17.5,17.5
21,Isobaths,Isobath_shell,1.151337833,103.8968627,17.5,17.5
21,Isobaths,Isobath_shell,1.151337833,103.8968268,17.5,17.5
21,Isobaths,Isobath_shell,1.151319745,103.8968088,17.5,17.5
21,Isobaths,Isobath_shell,1.151319745,103.8967908,17.5,17.5
21,Isobaths,Isobath_shell,1.151301658,103.8967729,17.5,17.5
21,Isobaths,Isobath_shell,1.151301658,103.8967716,17.5,17.5
21,Isobaths,Isobath_shell,1.151337833,103.8967682,17.5,17.5
21,Isobaths,Isobath_shell,1.151351185,103.8967549,17.5,17.5
21,Isobaths,Isobath_shell,1.151345723,103.896719,17.5,17.5
21,Isobaths,Isobath_shell,1.15135592,103.896652,17.5,17.5
21,Isobaths,Isobath_shell,1.151368148,103.8966291,17.5,17.5
21,Isobaths,Isobath_shell,1.151392094,103.8966203,17.5,17.5
21,Isobaths,Isobath_shell,1.151410182,103.8966235,17.5,17.5
21,Isobaths,Isobath_shell,1.151464444,103.8966479,17.5,17.5
21,Isobaths,Isobath_shell,1.151735753,103.8968105,17.5,17.5
21,Isobaths,Isobath_shell,1.151880452,103.8969362,17.5,17.5
21,Isobaths,Isobath_shell,1.151916627,103.8969502,17.5,17.5
21,Isobaths,Isobath_shell,1.151952801,103.8969421,17.5,17.5
21,Isobaths,Isobath_shell,1.151970889,103.8969273,17.5,17.5
21,Isobaths,Isobath_shell,1.151988976,103.896897,17.5,17.5
21,Isobaths,Isobath_shell,1.152021759,103.8968268,17.5,17.5
21,Isobaths,Isobath_shell,1.152059157,103.896701,17.5,17.5
21,Isobaths,Isobath_shell,1.152148183,103.8965393,17.5,17.5
21,Isobaths,Isobath_shell,1.152186105,103.8963775,17.5,17.5
21,Isobaths,Isobath_shell,1.152276009,103.8961439,17.5,17.5
21,Isobaths,Isobath_shell,1.15229646,103.8961095,17.5,17.5
21,Isobaths,Isobath_shell,1.152314548,103.8960941,17.5,17.5
21,Isobaths,Isobath_shell,1.15236881,103.8960799,17.5,17.5
21,Isobaths,Isobath_shell,1.152477333,103.8960783,17.5,17.5
21,Isobaths,Isobath_shell,1.152549683,103.896086,17.5,17.5
21,Isobaths,Isobath_shell,1.152622032,103.8961104,17.5,17.5
21,Isobaths,Isobath_shell,1.152694381,103.896105,17.5,17.5
21,Isobaths,Isobath_shell,1.153435961,103.8956592,17.5,17.5
21,Isobaths,Isobath_shell,1.153490223,103.8956467,17.5,17.5
21,Isobaths,Isobath_shell,1.153598747,103.8956483,17.5,17.5
21,Isobaths,Isobath_shell,1.153653009,103.8956349,17.5,17.5
21,Isobaths,Isobath_shell,1.154286065,103.8953683,17.5,17.5
21,Isobaths,Isobath_shell,1.154304152,103.895357,17.5,17.5
21,Isobaths,Isobath_shell,1.154340327,103.8953114,17.5,17.5
21,Isobaths,Isobath_shell,1.154394589,103.8952663,17.5,17.5
21,Isobaths,Isobath_shell,1.154430764,103.8952265,17.5,17.5
21,Isobaths,Isobath_shell,1.154448851,103.895222,17.5,17.5
21,Isobaths,Isobath_shell,1.154485026,103.8952298,17.5,17.5
21,Isobaths,Isobath_shell,1.154539287,103.8952292,17.5,17.5
21,Isobaths,Isobath_shell,1.154593549,103.8952179,17.5,17.5
21,Isobaths,Isobath_shell,1.154611637,103.895205,17.5,17.5
21,Isobaths,Isobath_shell,1.154656594,103.8951376,17.5,17.5
21,Isobaths,Isobath_shell,1.154778259,103.8950298,17.5,17.5
21,Isobaths,Isobath_shell,1.154846772,103.894978,17.5,17.5
21,Isobaths,Isobath_shell,1.154901034,103.8948957,17.5,17.5
21,Isobaths,Isobath_shell,1.155009558,103.8948384,17.5,17.5
21,Isobaths,Isobath_shell,1.15506382,103.8947928,17.5,17.5
21,Isobaths,Isobath_shell,1.155142857,103.8947063,17.5,17.5
21,Isobaths,Isobath_shell,1.155174163,103.8946524,17.5,17.5
21,Isobaths,Isobath_shell,1.155208518,103.8945682,17.5,17.5
21,Isobaths,Isobath_shell,1.155244693,103.8945416,17.5,17.5
21,Isobaths,Isobath_shell,1.155298955,103.8945247,17.5,17.5
21,Isobaths,Isobath_shell,1.155335129,103.8945282,17.5,17.5
21,Isobaths,Isobath_shell,1.155516003,103.8946213,17.5,17.5
21,Isobaths,Isobath_shell,1.155570264,103.8946357,17.5,17.5
21,Isobaths,Isobath_shell,1.155576093,103.8946524,17.5,17.5
21,Isobaths,Isobath_shell,1.155588352,103.8946617,17.5,17.5
21,Isobaths,Isobath_shell,1.155606439,103.8946524,17.5,17.5
21,Isobaths,Isobath_shell,1.155624526,103.8946524,17.5,17.5
21,Isobaths,Isobath_shell,1.155624526,103.8947063,17.5,17.5
21,Isobaths,Isobath_shell,1.155606439,103.8947063,17.5,17.5
21,Isobaths,Isobath_shell,1.155606439,103.8947962,17.5,17.5
21,Isobaths,Isobath_shell,1.155588352,103.8947962,17.5,17.5
21,Isobaths,Isobath_shell,1.155588352,103.894886,17.5,17.5
21,Isobaths,Isobath_shell,1.155570264,103.894886,17.5,17.5
21,Isobaths,Isobath_shell,1.155570264,103.8949759,17.5,17.5
21,Isobaths,Isobath_shell,1.155552177,103.8949759,17.5,17.5
21,Isobaths,Isobath_shell,1.155552177,103.8950298,17.5,17.5
21,Isobaths,Isobath_shell,1.15553409,103.8950298,17.5,17.5
21,Isobaths,Isobath_shell,1.155516003,103.89504,17.5,17.5
21,Isobaths,Isobath_shell,1.155443653,103.8950301,17.5,17.5
21,Isobaths,Isobath_shell,1.155425566,103.8950212,17.5,17.5
21,Isobaths,Isobath_shell,1.155385595,103.8950298,17.5,17.5
21,Isobaths,Isobath_shell,1.155353217,103.8950659,17.5,17.5
21,Isobaths,Isobath_shell,1.155284363,103.8952275,17.5,17.5
21,Isobaths,Isobath_shell,1.155244693,103.8952789,17.5,17.5
21,Isobaths,Isobath_shell,1.155045732,103.8953627,17.5,17.5
21,Isobaths,Isobath_shell,1.154919121,103.8954052,17.5,17.5
21,Isobaths,Isobath_shell,1.154864859,103.8954358,17.5,17.5
21,Isobaths,Isobath_shell,1.154796217,103.895515,17.5,17.5
21,Isobaths,Isobath_shell,1.154739454,103.8956408,17.5,17.5
21,Isobaths,Isobath_shell,1.154720161,103.8956701,17.5,17.5
21,Isobaths,Isobath_shell,1.154629724,103.8957593,17.5,17.5
21,Isobaths,Isobath_shell,1.154557375,103.8958145,17.5,17.5
21,Isobaths,Isobath_shell,1.1545212,103.8958279,17.5,17.5
21,Isobaths,Isobath_shell,1.154412676,103.8958336,17.5,17.5
21,Isobaths,Isobath_shell,1.154358414,103.8958442,17.5,17.5
21,Isobaths,Isobath_shell,1.154195628,103.8959307,17.5,17.5
21,Isobaths,Isobath_shell,1.154123279,103.8959576,17.5,17.5
21,Isobaths,Isobath_shell,1.153851969,103.8959991,17.5,17.5
21,Isobaths,Isobath_shell,1.15377962,103.8960256,17.5,17.5
21,Isobaths,Isobath_shell,1.153769285,103.8960361,17.5,17.5
21,Isobaths,Isobath_shell,1.153767435,103.8960541,17.5,17.5
21,Isobaths,Isobath_shell,1.153775322,103.896126,17.5,17.5
21,Isobaths,Isobath_shell,1.153790767,103.8961799,17.5,17.5
21,Isobaths,Isobath_shell,1.153791324,103.8961978,17.5,17.5
21,Isobaths,Isobath_shell,1.153779438,103.8962338,17.5,17.5
21,Isobaths,Isobath_shell,1.153781586,103.8962517,17.5,17.5
21,Isobaths,Isobath_shell,1.153794229,103.8962877,17.5,17.5
21,Isobaths,Isobath_shell,1.153833882,103.8963398,17.5,17.5
21,Isobaths,Isobath_shell,1.15385449,103.8963775,17.5,17.5
21,Isobaths,Isobath_shell,1.153867019,103.8964135,17.5,17.5
21,Isobaths,Isobath_shell,1.153865977,103.8964314,17.5,17.5
21,Isobaths,Isobath_shell,1.153778186,103.8965572,17.5,17.5
21,Isobaths,Isobath_shell,1.153730717,103.8966651,17.5,17.5
21,Isobaths,Isobath_shell,1.153707271,103.8967589,17.5,17.5
21,Isobaths,Isobath_shell,1.153671096,103.8968147,17.5,17.5
21,Isobaths,Isobath_shell,1.153616834,103.8968594,17.5,17.5
21,Isobaths,Isobath_shell,1.153562572,103.8968919,17.5,17.5
21,Isobaths,Isobath_shell,1.153482115,103.8969166,17.5,17.5
21,Isobaths,Isobath_shell,1.153381699,103.8969181,17.5,17.5
21,Isobaths,Isobath_shell,1.153237001,103.8968997,17.5,17.5
21,Isobaths,Isobath_shell,1.153056128,103.8968437,17.5,17.5
21,Isobaths,Isobath_shell,1.152947604,103.8968591,17.5,17.5
21,Isobaths,Isobath_shell,1.152857167,103.8969136,17.5,17.5
21,Isobaths,Isobath_shell,1.15283506,103.8969346,17.5,17.5
21,Isobaths,Isobath_shell,1.152825788,103.8969526,17.5,17.5
21,Isobaths,Isobath_shell,1.152817887,103.8970784,17.5,17.5
21,Isobaths,Isobath_shell,1.152809939,103.8970963,17.5,17.5
21,Isobaths,Isobath_shell,1.152784818,103.8971236,17.5,17.5
21,Isobaths,Isobath_shell,1.152730556,103.8971521,17.5,17.5
21,Isobaths,Isobath_shell,1.152531595,103.89721,17.5,17.5
21,Isobaths,Isobath_shell,1.152459246,103.8972467,17.5,17.5
21,Isobaths,Isobath_shell,1.152423366,103.897276,17.5,17.5
21,Isobaths,Isobath_shell,1.152392268,103.8973299,17.5,17.5
21,Isobaths,Isobath_shell,1.152375244,103.8973839,17.5,17.5
21,Isobaths,Isobath_shell,1.152376429,103.8974737,17.5,17.5
21,Isobaths,Isobath_shell,1.152366234,103.8975456,17.5,17.5
21,Isobaths,Isobath_shell,1.15234724,103.8975995,17.5,17.5
21,Isobaths,Isobath_shell,1.15231896,103.8976534,17.5,17.5
21,Isobaths,Isobath_shell,1.152306796,103.8976714,17.5,17.5
21,Isobaths,Isobath_shell,1.152237625,103.8977253,17.5,17.5
21,Isobaths,Isobath_shell,1.152133674,103.8977779,17.5,17.5
21,Isobaths,Isobath_shell,1.152073703,103.8978331,17.5,17.5
21,Isobaths,Isobath_shell,1.152012545,103.897923,17.5,17.5
21,Isobaths,Isobath_shell,1.151864963,103.8981925,17.5,17.5
21,Isobaths,Isobath_shell,1.15182619,103.8982509,17.5,17.5
21,Isobaths,Isobath_shell,1.151792126,103.8982824,17.5,17.5
21,Isobaths,Isobath_shell,1.151753841,103.8982976,17.5,17.5
21,Isobaths,Isobath_shell,1.151699579,103.8982926,17.5,17.5
21,Isobaths,Isobath_shell,1.151374007,103.8980839,17.5,17.5
21,Isobaths,Isobath_shell,1.151319745,103.8980653,17.5,17.5
21,Isobaths,Isobath_shell,1.151283571,103.8980653,17.5,17.5
22,Isobaths,Isobath_shell,1.138061742,103.917618,17.5,17.5
22,Isobaths,Isobath_shell,1.138061742,103.9172835,17.5,17.5
22,Isobaths,Isobath_shell,1.138097916,103.9172835,17.5,17.5
22,Isobaths,Isobath_shell,1.138152178,103.9173105,17.5,17.5
22,Isobaths,Isobath_shell,1.138188353,103.9173705,17.5,17.5
22,Isobaths,Isobath_shell,1.138224528,103.9173976,17.5,17.5
22,Isobaths,Isobath_shell,1.138260702,103.9174026,17.5,17.5
22,Isobaths,Isobath_shell,1.13827879,103.9173924,17.5,17.5
22,Isobaths,Isobath_shell,1.138296877,103.9173709,17.5,17.5
22,Isobaths,Isobath_shell,1.138405401,103.9171828,17.5,17.5
22,Isobaths,Isobath_shell,1.138640536,103.9166885,17.5,17.5
22,Isobaths,Isobath_shell,1.138785235,103.9163581,17.5,17.5
22,Isobaths,Isobath_shell,1.138821409,103.9162643,17.5,17.5
22,Isobaths,Isobath_shell,1.138832261,103.9162164,17.5,17.5
22,Isobaths,Isobath_shell,1.138839496,103.9161984,17.5,17.5
22,Isobaths,Isobath_shell,1.138839496,103.9161625,17.5,17.5
22,Isobaths,Isobath_shell,1.138857584,103.9161625,17.5,17.5
22,Isobaths,Isobath_shell,1.138857584,103.9161265,17.5,17.5
22,Isobaths,Isobath_shell,1.138875671,103.9161265,17.5,17.5
22,Isobaths,Isobath_shell,1.138875671,103.9161085,17.5,17.5
22,Isobaths,Isobath_shell,1.138893758,103.9161085,17.5,17.5
22,Isobaths,Isobath_shell,1.138893758,103.9160906,17.5,17.5
22,Isobaths,Isobath_shell,1.139110806,103.9160906,17.5,17.5
22,Isobaths,Isobath_shell,1.139110806,103.9160726,17.5,17.5
22,Isobaths,Isobath_shell,1.139309767,103.9160726,17.5,17.5
22,Isobaths,Isobath_shell,1.139309767,103.9160546,17.5,17.5
22,Isobaths,Isobath_shell,1.139508727,103.9160546,17.5,17.5
22,Isobaths,Isobath_shell,1.139508727,103.9160367,17.5,17.5
22,Isobaths,Isobath_shell,1.139562989,103.9160367,17.5,17.5
22,Isobaths,Isobath_shell,1.139562989,103.9160187,17.5,17.5
22,Isobaths,Isobath_shell,1.139599164,103.9160187,17.5,17.5
22,Isobaths,Isobath_shell,1.139599164,103.9160007,17.5,17.5
22,Isobaths,Isobath_shell,1.139653426,103.9160007,17.5,17.5
22,Isobaths,Isobath_shell,1.139653426,103.9159828,17.5,17.5
22,Isobaths,Isobath_shell,1.1396896,103.9159828,17.5,17.5
22,Isobaths,Isobath_shell,1.1396896,103.9159648,17.5,17.5
22,Isobaths,Isobath_shell,1.139743862,103.9159648,17.5,17.5
22,Isobaths,Isobath_shell,1.139743862,103.9159468,17.5,17.5
22,Isobaths,Isobath_shell,1.139780037,103.9159468,17.5,17.5
22,Isobaths,Isobath_shell,1.139780037,103.9159288,17.5,17.5
22,Isobaths,Isobath_shell,1.139834299,103.9159288,17.5,17.5
22,Isobaths,Isobath_shell,1.139834299,103.9159109,17.5,17.5
22,Isobaths,Isobath_shell,1.139870474,103.9159109,17.5,17.5
22,Isobaths,Isobath_shell,1.139870474,103.9158929,17.5,17.5
22,Isobaths,Isobath_shell,1.139924736,103.9158929,17.5,17.5
22,Isobaths,Isobath_shell,1.139924736,103.9158749,17.5,17.5
22,Isobaths,Isobath_shell,1.13996091,103.9158749,17.5,17.5
22,Isobaths,Isobath_shell,1.13996091,103.915857,17.5,17.5
22,Isobaths,Isobath_shell,1.140015172,103.915857,17.5,17.5
22,Isobaths,Isobath_shell,1.140015172,103.915839,17.5,17.5
22,Isobaths,Isobath_shell,1.140051347,103.915839,17.5,17.5
22,Isobaths,Isobath_shell,1.140051347,103.915821,17.5,17.5
22,Isobaths,Isobath_shell,1.140105609,103.915821,17.5,17.5
22,Isobaths,Isobath_shell,1.140105609,103.9158031,17.5,17.5
22,Isobaths,Isobath_shell,1.140141783,103.9158031,17.5,17.5
22,Isobaths,Isobath_shell,1.140141783,103.9157851,17.5,17.5
22,Isobaths,Isobath_shell,1.140196045,103.9157851,17.5,17.5
22,Isobaths,Isobath_shell,1.140196045,103.9157671,17.5,17.5
22,Isobaths,Isobath_shell,1.140214133,103.9157671,17.5,17.5
22,Isobaths,Isobath_shell,1.140205211,103.9157851,17.5,17.5
22,Isobaths,Isobath_shell,1.140205211,103.915821,17.5,17.5
22,Isobaths,Isobath_shell,1.140151042,103.9158929,17.5,17.5
22,Isobaths,Isobath_shell,1.140098736,103.9159468,17.5,17.5
22,Isobaths,Isobath_shell,1.139971084,103.9160546,17.5,17.5
22,Isobaths,Isobath_shell,1.139943149,103.9160906,17.5,17.5
22,Isobaths,Isobath_shell,1.139934147,103.9161265,17.5,17.5
22,Isobaths,Isobath_shell,1.139942823,103.9161585,17.5,17.5
22,Isobaths,Isobath_shell,1.139956863,103.9161804,17.5,17.5
22,Isobaths,Isobath_shell,1.140354961,103.9166297,17.5,17.5
22,Isobaths,Isobath_shell,1.140485442,103.9167474,17.5,17.5
22,Isobaths,Isobath_shell,1.140524873,103.9167914,17.5,17.5
22,Isobaths,Isobath_shell,1.140666316,103.9170241,17.5,17.5
22,Isobaths,Isobath_shell,1.141317459,103.9180039,17.5,17.5
22,Isobaths,Isobath_shell,1.141353634,103.9180491,17.5,17.5
22,Isobaths,Isobath_shell,1.141389808,103.9180792,17.5,17.5
22,Isobaths,Isobath_shell,1.141425983,103.9180969,17.5,17.5
22,Isobaths,Isobath_shell,1.141702317,103.9181571,17.5,17.5
22,Isobaths,Isobath_shell,1.141891166,103.918211,17.5,17.5
22,Isobaths,Isobath_shell,1.141933633,103.918229,17.5,17.5
22,Isobaths,Isobath_shell,1.141957214,103.918247,17.5,17.5
22,Isobaths,Isobath_shell,1.14195579,103.9182649,17.5,17.5
22,Isobaths,Isobath_shell,1.141860079,103.9183009,17.5,17.5
22,Isobaths,Isobath_shell,1.141733467,103.9183252,17.5,17.5
22,Isobaths,Isobath_shell,1.141480245,103.9183581,17.5,17.5
22,Isobaths,Isobath_shell,1.141407896,103.9183466,17.5,17.5
22,Isobaths,Isobath_shell,1.141335546,103.9183156,17.5,17.5
22,Isobaths,Isobath_shell,1.141299372,103.9182899,17.5,17.5
22,Isobaths,Isobath_shell,1.141201755,103.9181751,17.5,17.5
22,Isobaths,Isobath_shell,1.140796527,103.9177977,17.5,17.5
22,Isobaths,Isobath_shell,1.140738665,103.9177551,17.5,17.5
22,Isobaths,Isobath_shell,1.140648228,103.917724,17.5,17.5
22,Isobaths,Isobath_shell,1.140159871,103.9176073,17.5,17.5
22,Isobaths,Isobath_shell,1.140069434,103.9175926,17.5,17.5
22,Isobaths,Isobath_shell,1.139906648,103.9175957,17.5,17.5
22,Isobaths,Isobath_shell,1.139146981,103.9176811,17.5,17.5
22,Isobaths,Isobath_shell,1.139092719,103.917702,17.5,17.5
22,Isobaths,Isobath_shell,1.13902037,103.9177512,17.5,17.5
22,Isobaths,Isobath_shell,1.138875671,103.9177787,17.5,17.5
22,Isobaths,Isobath_shell,1.13827879,103.9179628,17.5,17.5
22,Isobaths,Isobath_shell,1.138242615,103.9179685,17.5,17.5
22,Isobaths,Isobath_shell,1.138188353,103.9179653,17.5,17.5
22,Isobaths,Isobath_shell,1.138116004,103.9179392,17.5,17.5
22,Isobaths,Isobath_shell,1.138097916,103.9179392,17.5,17.5
22,Isobaths,Isobath_shell,1.138079829,103.9179235,17.5,17.5
22,Isobaths,Isobath_shell,1.138079829,103.917636,17.5,17.5
22,Isobaths,Isobath_shell,1.138061742,103.917618,17.5,17.5
23,Isobaths,Isobath_hole,1.139660919,103.9166656,17.5,17.5
23,Isobaths,Isobath_hole,1.139670996,103.9171688,17.5,17.5
23,Isobaths,Isobath_hole,1.139680255,103.9172227,17.5,17.5
23,Isobaths,Isobath_hole,1.139708291,103.9172766,17.5,17.5
23,Isobaths,Isobath_hole,1.139743862,103.9173042,17.5,17.5
23,Isobaths,Isobath_hole,1.139798124,103.9173187,17.5,17.5
23,Isobaths,Isobath_hole,1.140051347,103.9173128,17.5,17.5
23,Isobaths,Isobath_hole,1.140340744,103.9173618,17.5,17.5
23,Isobaths,Isobath_hole,1.140395006,103.9173603,17.5,17.5
23,Isobaths,Isobath_hole,1.14043118,103.9173514,17.5,17.5
23,Isobaths,Isobath_hole,1.140449268,103.9173411,17.5,17.5
23,Isobaths,Isobath_hole,1.140467355,103.9173161,17.5,17.5
23,Isobaths,Isobath_hole,1.140469429,103.9172766,17.5,17.5
23,Isobaths,Isobath_hole,1.140450043,103.9172227,17.5,17.5
23,Isobaths,Isobath_hole,1.140398938,103.9171328,17.5,17.5
23,Isobaths,Isobath_hole,1.140302586,103.9169891,17.5,17.5
23,Isobaths,Isobath_hole,1.140119888,103.9168273,17.5,17.5
23,Isobaths,Isobath_hole,1.139816212,103.9164991,17.5,17.5
23,Isobaths,Isobath_hole,1.139743862,103.9164423,17.5,17.5
23,Isobaths,Isobath_hole,1.139707688,103.9164315,17.5,17.5
23,Isobaths,Isobath_hole,1.1396896,103.9164438,17.5,17.5
23,Isobaths,Isobath_hole,1.139675687,103.9164859,17.5,17.5
23,Isobaths,Isobath_hole,1.139663913,103.9165758,17.5,17.5
23,Isobaths,Isobath_hole,1.139660919,103.9166656,17.5,17.5
24,Isobaths,Isobath_shell,1.142840968,103.9180134,17.5,17.5
24,Isobaths,Isobath_shell,1.142845837,103.9179954,17.5,17.5
24,Isobaths,Isobath_shell,1.143234715,103.9171688,17.5,17.5
24,Isobaths,Isobath_shell,1.143252802,103.9171667,17.5,17.5
24,Isobaths,Isobath_shell,1.143270889,103.9171743,17.5,17.5
24,Isobaths,Isobath_shell,1.143343239,103.9172277,17.5,17.5
24,Isobaths,Isobath_shell,1.14346985,103.9173512,17.5,17.5
24,Isobaths,Isobath_shell,1.143704985,103.917605,17.5,17.5
24,Isobaths,Isobath_shell,1.14374116,103.917632,17.5,17.5
24,Isobaths,Isobath_shell,1.143777334,103.9176469,17.5,17.5
24,Isobaths,Isobath_shell,1.143813509,103.9176472,17.5,17.5
24,Isobaths,Isobath_shell,1.143849683,103.9176275,17.5,17.5
24,Isobaths,Isobath_shell,1.144120993,103.9173657,17.5,17.5
24,Isobaths,Isobath_shell,1.144175255,103.917329,17.5,17.5
24,Isobaths,Isobath_shell,1.144229517,103.9173165,17.5,17.5
24,Isobaths,Isobath_shell,1.144319954,103.9173323,17.5,17.5
24,Isobaths,Isobath_shell,1.144826399,103.9173676,17.5,17.5
24,Isobaths,Isobath_shell,1.144898748,103.9173613,17.5,17.5
24,Isobaths,Isobath_shell,1.14495301,103.9173479,17.5,17.5
24,Isobaths,Isobath_shell,1.145007272,103.917351,17.5,17.5
24,Isobaths,Isobath_shell,1.145097708,103.9173965,17.5,17.5
24,Isobaths,Isobath_shell,1.145280591,103.9175282,17.5,17.5
24,Isobaths,Isobath_shell,1.145405193,103.9176276,17.5,17.5
24,Isobaths,Isobath_shell,1.145441367,103.9176475,17.5,17.5
24,Isobaths,Isobath_shell,1.145513717,103.9176559,17.5,17.5
24,Isobaths,Isobath_shell,1.145676502,103.9176284,17.5,17.5
24,Isobaths,Isobath_shell,1.145766939,103.9176233,17.5,17.5
24,Isobaths,Isobath_shell,1.145785026,103.9176247,17.5,17.5
24,Isobaths,Isobath_shell,1.145797461,103.917636,17.5,17.5
24,Isobaths,Isobath_shell,1.145797461,103.9176719,17.5,17.5
24,Isobaths,Isobath_shell,1.145803114,103.9176899,17.5,17.5
24,Isobaths,Isobath_shell,1.145803114,103.9177079,17.5,17.5
24,Isobaths,Isobath_shell,1.145766939,103.9177079,17.5,17.5
24,Isobaths,Isobath_shell,1.145766939,103.9177258,17.5,17.5
24,Isobaths,Isobath_shell,1.145730764,103.9177258,17.5,17.5
24,Isobaths,Isobath_shell,1.145730764,103.9177438,17.5,17.5
24,Isobaths,Isobath_shell,1.14569459,103.9177438,17.5,17.5
24,Isobaths,Isobath_shell,1.14569459,103.9177618,17.5,17.5
24,Isobaths,Isobath_shell,1.145658415,103.9177618,17.5,17.5
24,Isobaths,Isobath_shell,1.145658415,103.9177797,17.5,17.5
24,Isobaths,Isobath_shell,1.145622241,103.9177797,17.5,17.5
24,Isobaths,Isobath_shell,1.145622241,103.9177977,17.5,17.5
24,Isobaths,Isobath_shell,1.145586066,103.9177977,17.5,17.5
24,Isobaths,Isobath_shell,1.145586066,103.9178157,17.5,17.5
24,Isobaths,Isobath_shell,1.145549891,103.9178157,17.5,17.5
24,Isobaths,Isobath_shell,1.145549891,103.9178337,17.5,17.5
24,Isobaths,Isobath_shell,1.145513717,103.9178337,17.5,17.5
24,Isobaths,Isobath_shell,1.145513717,103.9178516,17.5,17.5
24,Isobaths,Isobath_shell,1.145477542,103.9178516,17.5,17.5
24,Isobaths,Isobath_shell,1.145477542,103.9178696,17.5,17.5
24,Isobaths,Isobath_shell,1.145441367,103.9178696,17.5,17.5
24,Isobaths,Isobath_shell,1.145441367,103.9178876,17.5,17.5
24,Isobaths,Isobath_shell,1.145405193,103.9178876,17.5,17.5
24,Isobaths,Isobath_shell,1.145405193,103.9179055,17.5,17.5
24,Isobaths,Isobath_shell,1.145387105,103.9179055,17.5,17.5
24,Isobaths,Isobath_shell,1.145387105,103.9179235,17.5,17.5
24,Isobaths,Isobath_shell,1.145369018,103.9179235,17.5,17.5
24,Isobaths,Isobath_shell,1.145369018,103.9179415,17.5,17.5
24,Isobaths,Isobath_shell,1.145350931,103.9179415,17.5,17.5
24,Isobaths,Isobath_shell,1.145350931,103.9179774,17.5,17.5
24,Isobaths,Isobath_shell,1.145332843,103.9179774,17.5,17.5
24,Isobaths,Isobath_shell,1.145332843,103.9179954,17.5,17.5
24,Isobaths,Isobath_shell,1.145314756,103.9179954,17.5,17.5
24,Isobaths,Isobath_shell,1.145314756,103.9180313,17.5,17.5
24,Isobaths,Isobath_shell,1.145296669,103.9180313,17.5,17.5
24,Isobaths,Isobath_shell,1.145296669,103.9180493,17.5,17.5
24,Isobaths,Isobath_shell,1.145278581,103.9180493,17.5,17.5
24,Isobaths,Isobath_shell,1.145278581,103.9180852,17.5,17.5
24,Isobaths,Isobath_shell,1.145242407,103.9180852,17.5,17.5
24,Isobaths,Isobath_shell,1.145242407,103.9181032,17.5,17.5
24,Isobaths,Isobath_shell,1.145206232,103.9181032,17.5,17.5
24,Isobaths,Isobath_shell,1.145206232,103.9181212,17.5,17.5
24,Isobaths,Isobath_shell,1.145170058,103.9181212,17.5,17.5
24,Isobaths,Isobath_shell,1.145170058,103.9181391,17.5,17.5
24,Isobaths,Isobath_shell,1.14515197,103.9181391,17.5,17.5
24,Isobaths,Isobath_shell,1.14515197,103.9181571,17.5,17.5
24,Isobaths,Isobath_shell,1.145136765,103.9181391,17.5,17.5
24,Isobaths,Isobath_shell,1.145133883,103.9180792,17.5,17.5
24,Isobaths,Isobath_shell,1.145106537,103.9180493,17.5,17.5
24,Isobaths,Isobath_shell,1.145043446,103.9180118,17.5,17.5
24,Isobaths,Isobath_shell,1.145007272,103.9179792,17.5,17.5
24,Isobaths,Isobath_shell,1.14495724,103.9178696,17.5,17.5
24,Isobaths,Isobath_shell,1.144934027,103.9178337,17.5,17.5
24,Isobaths,Isobath_shell,1.14488066,103.9177995,17.5,17.5
24,Isobaths,Isobath_shell,1.144826399,103.9177919,17.5,17.5
24,Isobaths,Isobath_shell,1.144102906,103.9178486,17.5,17.5
24,Isobaths,Isobath_shell,1.143976295,103.9178813,17.5,17.5
24,Isobaths,Isobath_shell,1.143759247,103.9179598,17.5,17.5
24,Isobaths,Isobath_shell,1.143686898,103.9179752,17.5,17.5
24,Isobaths,Isobath_shell,1.143542199,103.9179643,17.5,17.5
24,Isobaths,Isobath_shell,1.143035754,103.9180431,17.5,17.5
24,Isobaths,Isobath_shell,1.142909143,103.9180493,17.5,17.5
24,Isobaths,Isobath_shell,1.142854881,103.9180369,17.5,17.5
24,Isobaths,Isobath_shell,1.142845837,103.9180313,17.5,17.5
24,Isobaths,Isobath_shell,1.142840968,103.9180134,17.5,17.5
25,Isobaths,Isobath_shell,1.146822569,103.9144733,17.5,17.5
25,Isobaths,Isobath_shell,1.146824885,103.9144194,17.5,17.5
25,Isobaths,Isobath_shell,1.146829781,103.9143834,17.5,17.5
25,Isobaths,Isobath_shell,1.146914597,103.9139881,17.5,17.5
25,Isobaths,Isobath_shell,1.146934565,103.9139342,17.5,17.5
25,Isobaths,Isobath_shell,1.146960702,103.9138988,17.5,17.5
25,Isobaths,Isobath_shell,1.147014964,103.9138723,17.5,17.5
25,Isobaths,Isobath_shell,1.147485234,103.9137527,17.5,17.5
25,Isobaths,Isobath_shell,1.147629933,103.9137304,17.5,17.5
25,Isobaths,Isobath_shell,1.147702282,103.9137043,17.5,17.5
25,Isobaths,Isobath_shell,1.148070303,103.9135029,17.5,17.5
25,Isobaths,Isobath_shell,1.148119032,103.913467,17.5,17.5
25,Isobaths,Isobath_shell,1.148136378,103.9134448,17.5,17.5
25,Isobaths,Isobath_shell,1.148154465,103.9134083,17.5,17.5
25,Isobaths,Isobath_shell,1.148178126,103.9133232,17.5,17.5
25,Isobaths,Isobath_shell,1.1481825,103.9132513,17.5,17.5
25,Isobaths,Isobath_shell,1.148187122,103.9132333,17.5,17.5
25,Isobaths,Isobath_shell,1.148208727,103.9132065,17.5,17.5
25,Isobaths,Isobath_shell,1.148262989,103.9131868,17.5,17.5
25,Isobaths,Isobath_shell,1.148425775,103.9131625,17.5,17.5
25,Isobaths,Isobath_shell,1.148461949,103.9131474,17.5,17.5
25,Isobaths,Isobath_shell,1.148484582,103.9131255,17.5,17.5
25,Isobaths,Isobath_shell,1.148498124,103.9131012,17.5,17.5
25,Isobaths,Isobath_shell,1.148513657,103.9130536,17.5,17.5
25,Isobaths,Isobath_shell,1.148808909,103.9118676,17.5,17.5
25,Isobaths,Isobath_shell,1.148813951,103.9118317,17.5,17.5
25,Isobaths,Isobath_shell,1.148810294,103.9117958,17.5,17.5
25,Isobaths,Isobath_shell,1.14879339,103.9117598,17.5,17.5
25,Isobaths,Isobath_shell,1.148778477,103.9117418,17.5,17.5
25,Isobaths,Isobath_shell,1.148340951,103.9112926,17.5,17.5
25,Isobaths,Isobath_shell,1.148317251,103.911272,17.5,17.5
25,Isobaths,Isobath_shell,1.148281076,103.9112532,17.5,17.5
25,Isobaths,Isobath_shell,1.148244901,103.9112473,17.5,17.5
25,Isobaths,Isobath_shell,1.14819064,103.911251,17.5,17.5
25,Isobaths,Isobath_shell,1.147286274,103.9114039,17.5,17.5
25,Isobaths,Isobath_shell,1.147213924,103.9113957,17.5,17.5
25,Isobaths,Isobath_shell,1.147087313,103.9113582,17.5,17.5
25,Isobaths,Isobath_shell,1.146978789,103.9113361,17.5,17.5
25,Isobaths,Isobath_shell,1.146924527,103.9113101,17.5,17.5
25,Isobaths,Isobath_shell,1.146913455,103.9112926,17.5,17.5
25,Isobaths,Isobath_shell,1.14690923,103.9112746,17.5,17.5
25,Isobaths,Isobath_shell,1.146910213,103.9112567,17.5,17.5
25,Isobaths,Isobath_shell,1.146924527,103.9112173,17.5,17.5
25,Isobaths,Isobath_shell,1.146960702,103.9111565,17.5,17.5
25,Isobaths,Isobath_shell,1.1475196,103.910466,17.5,17.5
25,Isobaths,Isobath_shell,1.147646224,103.9102863,17.5,17.5
25,Isobaths,Isobath_shell,1.14764802,103.9102683,17.5,17.5
25,Isobaths,Isobath_shell,1.147629933,103.9102503,17.5,17.5
25,Isobaths,Isobath_shell,1.14764802,103.9102503,17.5,17.5
25,Isobaths,Isobath_shell,1.14764802,103.9102324,17.5,17.5
25,Isobaths,Isobath_shell,1.147666107,103.9102324,17.5,17.5
25,Isobaths,Isobath_shell,1.147666107,103.9102144,17.5,17.5
25,Isobaths,Isobath_shell,1.147684195,103.9102144,17.5,17.5
25,Isobaths,Isobath_shell,1.147684195,103.9101964,17.5,17.5
25,Isobaths,Isobath_shell,1.147702282,103.9101964,17.5,17.5
25,Isobaths,Isobath_shell,1.147702282,103.9101785,17.5,17.5
25,Isobaths,Isobath_shell,1.147738457,103.9101785,17.5,17.5
25,Isobaths,Isobath_shell,1.147738457,103.9101605,17.5,17.5
25,Isobaths,Isobath_shell,1.147756544,103.9101605,17.5,17.5
25,Isobaths,Isobath_shell,1.147756544,103.9101425,17.5,17.5
25,Isobaths,Isobath_shell,1.147774631,103.9101425,17.5,17.5
25,Isobaths,Isobath_shell,1.147774631,103.9101245,17.5,17.5
25,Isobaths,Isobath_shell,1.147792719,103.9101245,17.5,17.5
25,Isobaths,Isobath_shell,1.147792719,103.9101066,17.5,17.5
25,Isobaths,Isobath_shell,1.147810806,103.9101066,17.5,17.5
25,Isobaths,Isobath_shell,1.147810806,103.9100886,17.5,17.5
25,Isobaths,Isobath_shell,1.147828893,103.9100886,17.5,17.5
25,Isobaths,Isobath_shell,1.147828893,103.9100706,17.5,17.5
25,Isobaths,Isobath_shell,1.14784698,103.9100706,17.5,17.5
25,Isobaths,Isobath_shell,1.14784698,103.9100527,17.5,17.5
25,Isobaths,Isobath_shell,1.147865068,103.9100527,17.5,17.5
25,Isobaths,Isobath_shell,1.147865068,103.9100347,17.5,17.5
25,Isobaths,Isobath_shell,1.147883155,103.9100347,17.5,17.5
25,Isobaths,Isobath_shell,1.147883155,103.9100167,17.5,17.5
25,Isobaths,Isobath_shell,1.147901242,103.9100167,17.5,17.5
25,Isobaths,Isobath_shell,1.147901242,103.9099988,17.5,17.5
25,Isobaths,Isobath_shell,1.147937417,103.9099988,17.5,17.5
25,Isobaths,Isobath_shell,1.147937417,103.9099808,17.5,17.5
25,Isobaths,Isobath_shell,1.147955504,103.9099808,17.5,17.5
25,Isobaths,Isobath_shell,1.147955504,103.9099628,17.5,17.5
25,Isobaths,Isobath_shell,1.147973592,103.9099628,17.5,17.5
25,Isobaths,Isobath_shell,1.147973592,103.9099448,17.5,17.5
25,Isobaths,Isobath_shell,1.147991679,103.9099448,17.5,17.5
25,Isobaths,Isobath_shell,1.147991679,103.9099269,17.5,17.5
25,Isobaths,Isobath_shell,1.148009766,103.9099269,17.5,17.5
25,Isobaths,Isobath_shell,1.148009766,103.9099089,17.5,17.5
25,Isobaths,Isobath_shell,1.148027854,103.9099089,17.5,17.5
25,Isobaths,Isobath_shell,1.148027854,103.9098909,17.5,17.5
25,Isobaths,Isobath_shell,1.148045941,103.9098909,17.5,17.5
25,Isobaths,Isobath_shell,1.148045941,103.909873,17.5,17.5
25,Isobaths,Isobath_shell,1.148064028,103.909873,17.5,17.5
25,Isobaths,Isobath_shell,1.148064028,103.909855,17.5,17.5
25,Isobaths,Isobath_shell,1.148082116,103.909855,17.5,17.5
25,Isobaths,Isobath_shell,1.148082116,103.909837,17.5,17.5
25,Isobaths,Isobath_shell,1.14811829,103.909837,17.5,17.5
25,Isobaths,Isobath_shell,1.14811829,103.9098191,17.5,17.5
25,Isobaths,Isobath_shell,1.148136378,103.9098191,17.5,17.5
25,Isobaths,Isobath_shell,1.148136378,103.9098011,17.5,17.5
25,Isobaths,Isobath_shell,1.148154465,103.9098011,17.5,17.5
25,Isobaths,Isobath_shell,1.148154465,103.9097831,17.5,17.5
25,Isobaths,Isobath_shell,1.148172552,103.9097831,17.5,17.5
25,Isobaths,Isobath_shell,1.148172552,103.9097651,17.5,17.5
25,Isobaths,Isobath_shell,1.14819064,103.9097651,17.5,17.5
25,Isobaths,Isobath_shell,1.14819064,103.9097472,17.5,17.5
25,Isobaths,Isobath_shell,1.148208727,103.9097472,17.5,17.5
25,Isobaths,Isobath_shell,1.148208727,103.9097292,17.5,17.5
25,Isobaths,Isobath_shell,1.148226814,103.9097292,17.5,17.5
25,Isobaths,Isobath_shell,1.148226814,103.9097112,17.5,17.5
25,Isobaths,Isobath_shell,1.148244901,103.9097112,17.5,17.5
25,Isobaths,Isobath_shell,1.148244901,103.9096933,17.5,17.5
25,Isobaths,Isobath_shell,1.148262989,103.9096933,17.5,17.5
25,Isobaths,Isobath_shell,1.148262989,103.9096753,17.5,17.5
25,Isobaths,Isobath_shell,1.148268028,103.9096933,17.5,17.5
25,Isobaths,Isobath_shell,1.148268028,103.9097292,17.5,17.5
25,Isobaths,Isobath_shell,1.148196604,103.9098909,17.5,17.5
25,Isobaths,Isobath_shell,1.148173844,103.9099628,17.5,17.5
25,Isobaths,Isobath_shell,1.148173944,103.9099808,17.5,17.5
25,Isobaths,Isobath_shell,1.148260405,103.9101245,17.5,17.5
25,Isobaths,Isobath_shell,1.148516211,103.9106207,17.5,17.5
25,Isobaths,Isobath_shell,1.148577364,103.9107176,17.5,17.5
25,Isobaths,Isobath_shell,1.148601082,103.9107715,17.5,17.5
25,Isobaths,Isobath_shell,1.148611815,103.9108074,17.5,17.5
25,Isobaths,Isobath_shell,1.148611815,103.9108254,17.5,17.5
25,Isobaths,Isobath_shell,1.148603031,103.9108433,17.5,17.5
25,Isobaths,Isobath_shell,1.148557951,103.9108793,17.5,17.5
25,Isobaths,Isobath_shell,1.148551094,103.9108973,17.5,17.5
25,Isobaths,Isobath_shell,1.148552386,103.9109152,17.5,17.5
25,Isobaths,Isobath_shell,1.148566419,103.9109512,17.5,17.5
25,Isobaths,Isobath_shell,1.1486241,103.911041,17.5,17.5
25,Isobaths,Isobath_shell,1.14871702,103.9111488,17.5,17.5
25,Isobaths,Isobath_shell,1.149045676,103.9114903,17.5,17.5
25,Isobaths,Isobath_shell,1.149159852,103.9115981,17.5,17.5
25,Isobaths,Isobath_shell,1.149173384,103.9116161,17.5,17.5
25,Isobaths,Isobath_shell,1.149187532,103.911652,17.5,17.5
25,Isobaths,Isobath_shell,1.149189276,103.9116879,17.5,17.5
25,Isobaths,Isobath_shell,1.14918325,103.9117239,17.5,17.5
25,Isobaths,Isobath_shell,1.148771777,103.9133771,17.5,17.5
25,Isobaths,Isobath_shell,1.148751346,103.9134365,17.5,17.5
25,Isobaths,Isobath_shell,1.148697084,103.913535,17.5,17.5
25,Isobaths,Isobath_shell,1.148682976,103.9136467,17.5,17.5
25,Isobaths,Isobath_shell,1.148663758,103.9136826,17.5,17.5
25,Isobaths,Isobath_shell,1.148642822,103.9137036,17.5,17.5
25,Isobaths,Isobath_shell,1.148591226,103.9137365,17.5,17.5
25,Isobaths,Isobath_shell,1.147521409,103.9143229,17.5,17.5
25,Isobaths,Isobath_shell,1.147430972,103.9143514,17.5,17.5
25,Isobaths,Isobath_shell,1.147268186,103.9143492,17.5,17.5
25,Isobaths,Isobath_shell,1.147232012,103.9143541,17.5,17.5
25,Isobaths,Isobath_shell,1.147195837,103.9143685,17.5,17.5
25,Isobaths,Isobath_shell,1.14717775,103.9143848,17.5,17.5
25,Isobaths,Isobath_shell,1.147159662,103.9144141,17.5,17.5
25,Isobaths,Isobath_shell,1.147148622,103.9144553,17.5,17.5
25,Isobaths,Isobath_shell,1.147145398,103.9144912,17.5,17.5
25,Isobaths,Isobath_shell,1.147157959,103.914653,17.5,17.5
25,Isobaths,Isobath_shell,1.147169736,103.9146889,17.5,17.5
25,Isobaths,Isobath_shell,1.147193624,103.9147249,17.5,17.5
25,Isobaths,Isobath_shell,1.147218059,103.9147428,17.5,17.5
25,Isobaths,Isobath_shell,1.147250099,103.9147534,17.5,17.5
25,Isobaths,Isobath_shell,1.14737671,103.9147594,17.5,17.5
25,Isobaths,Isobath_shell,1.147467147,103.9147716,17.5,17.5
25,Isobaths,Isobath_shell,1.148396978,103.9149944,17.5,17.5
25,Isobaths,Isobath_shell,1.148461949,103.9150197,17.5,17.5
25,Isobaths,Isobath_shell,1.148512661,103.9150483,17.5,17.5
25,Isobaths,Isobath_shell,1.14854573,103.9150843,17.5,17.5
25,Isobaths,Isobath_shell,1.14858856,103.9151606,17.5,17.5
25,Isobaths,Isobath_shell,1.148606648,103.9151766,17.5,17.5
25,Isobaths,Isobath_shell,1.148642822,103.9151887,17.5,17.5
25,Isobaths,Isobath_shell,1.149076918,103.9151854,17.5,17.5
25,Isobaths,Isobath_shell,1.149221617,103.9151705,17.5,17.5
25,Isobaths,Isobath_shell,1.149261748,103.9151561,17.5,17.5
25,Isobaths,Isobath_shell,1.149285618,103.9151382,17.5,17.5
25,Isobaths,Isobath_shell,1.149296325,103.9151202,17.5,17.5
25,Isobaths,Isobath_shell,1.14932553,103.9149225,17.5,17.5
25,Isobaths,Isobath_shell,1.149354257,103.9147788,17.5,17.5
25,Isobaths,Isobath_shell,1.149358751,103.9147069,17.5,17.5
25,Isobaths,Isobath_shell,1.149358513,103.9142936,17.5,17.5
25,Isobaths,Isobath_shell,1.149364743,103.9141318,17.5,17.5
25,Isobaths,Isobath_shell,1.149359082,103.914024,17.5,17.5
25,Isobaths,Isobath_shell,1.149378373,103.9139881,17.5,17.5
25,Isobaths,Isobath_shell,1.149420577,103.9139611,17.5,17.5
25,Isobaths,Isobath_shell,1.149511014,103.9139367,17.5,17.5
25,Isobaths,Isobath_shell,1.149547188,103.9139202,17.5,17.5
25,Isobaths,Isobath_shell,1.149709974,103.9138264,17.5,17.5
25,Isobaths,Isobath_shell,1.150632427,103.9131995,17.5,17.5
25,Isobaths,Isobath_shell,1.150668602,103.9131889,17.5,17.5
25,Isobaths,Isobath_shell,1.150704776,103.9131917,17.5,17.5
25,Isobaths,Isobath_shell,1.150831388,103.9132491,17.5,17.5
25,Isobaths,Isobath_shell,1.150903737,103.9132679,17.5,17.5
25,Isobaths,Isobath_shell,1.15162723,103.9133367,17.5,17.5
25,Isobaths,Isobath_shell,1.151681492,103.9133522,17.5,17.5
25,Isobaths,Isobath_shell,1.151735753,103.9133771,17.5,17.5
25,Isobaths,Isobath_shell,1.151862365,103.913467,17.5,17.5
25,Isobaths,Isobath_shell,1.152043238,103.9134849,17.5,17.5
25,Isobaths,Isobath_shell,1.152048803,103.9135029,17.5,17.5
25,Isobaths,Isobath_shell,1.152061325,103.9135126,17.5,17.5
25,Isobaths,Isobath_shell,1.152079413,103.9135029,17.5,17.5
25,Isobaths,Isobath_shell,1.1520975,103.9135209,17.5,17.5
25,Isobaths,Isobath_shell,1.152079413,103.9135209,17.5,17.5
25,Isobaths,Isobath_shell,1.152079413,103.9135748,17.5,17.5
25,Isobaths,Isobath_shell,1.152061325,103.9135748,17.5,17.5
25,Isobaths,Isobath_shell,1.152061325,103.9136287,17.5,17.5
25,Isobaths,Isobath_shell,1.152043238,103.9136287,17.5,17.5
25,Isobaths,Isobath_shell,1.152043238,103.9136826,17.5,17.5
25,Isobaths,Isobath_shell,1.152025151,103.9136826,17.5,17.5
25,Isobaths,Isobath_shell,1.152025151,103.9137545,17.5,17.5
25,Isobaths,Isobath_shell,1.152007063,103.9137545,17.5,17.5
25,Isobaths,Isobath_shell,1.152007063,103.9138084,17.5,17.5
25,Isobaths,Isobath_shell,1.151988976,103.9138084,17.5,17.5
25,Isobaths,Isobath_shell,1.151988976,103.9138623,17.5,17.5
25,Isobaths,Isobath_shell,1.151970889,103.9138623,17.5,17.5
25,Isobaths,Isobath_shell,1.151970889,103.9139162,17.5,17.5
25,Isobaths,Isobath_shell,1.151952801,103.9139162,17.5,17.5
25,Isobaths,Isobath_shell,1.151952801,103.9139701,17.5,17.5
25,Isobaths,Isobath_shell,1.151934714,103.9139701,17.5,17.5
25,Isobaths,Isobath_shell,1.151934714,103.914042,17.5,17.5
25,Isobaths,Isobath_shell,1.151916627,103.914042,17.5,17.5
25,Isobaths,Isobath_shell,1.151916627,103.9140959,17.5,17.5
25,Isobaths,Isobath_shell,1.151898539,103.9140959,17.5,17.5
25,Isobaths,Isobath_shell,1.151898539,103.9141498,17.5,17.5
25,Isobaths,Isobath_shell,1.151880452,103.9141498,17.5,17.5
25,Isobaths,Isobath_shell,1.151880452,103.9142037,17.5,17.5
25,Isobaths,Isobath_shell,1.151862365,103.9142037,17.5,17.5
25,Isobaths,Isobath_shell,1.151862365,103.9142576,17.5,17.5
25,Isobaths,Isobath_shell,1.151844277,103.9142576,17.5,17.5
25,Isobaths,Isobath_shell,1.151844277,103.9143295,17.5,17.5
25,Isobaths,Isobath_shell,1.15182619,103.9143295,17.5,17.5
25,Isobaths,Isobath_shell,1.15182619,103.9143834,17.5,17.5
25,Isobaths,Isobath_shell,1.151808103,103.9143834,17.5,17.5
25,Isobaths,Isobath_shell,1.151808103,103.9144373,17.5,17.5
25,Isobaths,Isobath_shell,1.151790015,103.9144373,17.5,17.5
25,Isobaths,Isobath_shell,1.151790015,103.9144912,17.5,17.5
25,Isobaths,Isobath_shell,1.151771928,103.9144912,17.5,17.5
25,Isobaths,Isobath_shell,1.151771928,103.9145452,17.5,17.5
25,Isobaths,Isobath_shell,1.151753841,103.9145452,17.5,17.5
25,Isobaths,Isobath_shell,1.151753841,103.914617,17.5,17.5
25,Isobaths,Isobath_shell,1.151735753,103.914617,17.5,17.5
25,Isobaths,Isobath_shell,1.151735753,103.914653,17.5,17.5
25,Isobaths,Isobath_shell,1.151717666,103.914653,17.5,17.5
25,Isobaths,Isobath_shell,1.151717666,103.9146889,17.5,17.5
25,Isobaths,Isobath_shell,1.151681492,103.9146889,17.5,17.5
25,Isobaths,Isobath_shell,1.151681492,103.9147069,17.5,17.5
25,Isobaths,Isobath_shell,1.151663404,103.9147069,17.5,17.5
25,Isobaths,Isobath_shell,1.151663404,103.9147249,17.5,17.5
25,Isobaths,Isobath_shell,1.151645317,103.9147249,17.5,17.5
25,Isobaths,Isobath_shell,1.151645317,103.9147428,17.5,17.5
25,Isobaths,Isobath_shell,1.15162723,103.9147428,17.5,17.5
25,Isobaths,Isobath_shell,1.15162723,103.9147608,17.5,17.5
25,Isobaths,Isobath_shell,1.151609142,103.9147608,17.5,17.5
25,Isobaths,Isobath_shell,1.151609142,103.9147788,17.5,17.5
25,Isobaths,Isobath_shell,1.151572968,103.9147788,17.5,17.5
25,Isobaths,Isobath_shell,1.151572968,103.9147967,17.5,17.5
25,Isobaths,Isobath_shell,1.15155488,103.9147967,17.5,17.5
25,Isobaths,Isobath_shell,1.15155488,103.9148147,17.5,17.5
25,Isobaths,Isobath_shell,1.151536793,103.9148147,17.5,17.5
25,Isobaths,Isobath_shell,1.151536793,103.9148327,17.5,17.5
25,Isobaths,Isobath_shell,1.151518706,103.9148327,17.5,17.5
25,Isobaths,Isobath_shell,1.151518706,103.9148506,17.5,17.5
25,Isobaths,Isobath_shell,1.151500618,103.9148506,17.5,17.5
25,Isobaths,Isobath_shell,1.151500618,103.9148686,17.5,17.5
25,Isobaths,Isobath_shell,1.151482531,103.9148686,17.5,17.5
25,Isobaths,Isobath_shell,1.151482531,103.9148866,17.5,17.5
25,Isobaths,Isobath_shell,1.151446356,103.9148866,17.5,17.5
25,Isobaths,Isobath_shell,1.151446356,103.9149046,17.5,17.5
25,Isobaths,Isobath_shell,1.151428269,103.9149046,17.5,17.5
25,Isobaths,Isobath_shell,1.151428269,103.9149225,17.5,17.5
25,Isobaths,Isobath_shell,1.151410182,103.9149225,17.5,17.5
25,Isobaths,Isobath_shell,1.151410182,103.9149405,17.5,17.5
25,Isobaths,Isobath_shell,1.151392094,103.9149405,17.5,17.5
25,Isobaths,Isobath_shell,1.151392094,103.9149585,17.5,17.5
25,Isobaths,Isobath_shell,1.151374007,103.9149585,17.5,17.5
25,Isobaths,Isobath_shell,1.151374007,103.9149764,17.5,17.5
25,Isobaths,Isobath_shell,1.151337833,103.9149764,17.5,17.5
25,Isobaths,Isobath_shell,1.151337833,103.9149944,17.5,17.5
25,Isobaths,Isobath_shell,1.151319745,103.9149944,17.5,17.5
25,Isobaths,Isobath_shell,1.151319745,103.9150124,17.5,17.5
25,Isobaths,Isobath_shell,1.151301658,103.9150124,17.5,17.5
25,Isobaths,Isobath_shell,1.151301658,103.9150303,17.5,17.5
25,Isobaths,Isobath_shell,1.151283571,103.9150303,17.5,17.5
25,Isobaths,Isobath_shell,1.151283571,103.9150483,17.5,17.5
25,Isobaths,Isobath_shell,1.151265483,103.9150483,17.5,17.5
25,Isobaths,Isobath_shell,1.151265483,103.9150663,17.5,17.5
25,Isobaths,Isobath_shell,1.151247396,103.9150663,17.5,17.5
25,Isobaths,Isobath_shell,1.151247396,103.9150843,17.5,17.5
25,Isobaths,Isobath_shell,1.151102697,103.9150843,17.5,17.5
25,Isobaths,Isobath_shell,1.151102697,103.9151022,17.5,17.5
25,Isobaths,Isobath_shell,1.150976086,103.9151022,17.5,17.5
25,Isobaths,Isobath_shell,1.150976086,103.9151202,17.5,17.5
25,Isobaths,Isobath_shell,1.150849475,103.9151202,17.5,17.5
25,Isobaths,Isobath_shell,1.150849475,103.9151382,17.5,17.5
25,Isobaths,Isobath_shell,1.150704776,103.9151382,17.5,17.5
25,Isobaths,Isobath_shell,1.150704776,103.9151561,17.5,17.5
25,Isobaths,Isobath_shell,1.150578165,103.9151561,17.5,17.5
25,Isobaths,Isobath_shell,1.150578165,103.9151741,17.5,17.5
25,Isobaths,Isobath_shell,1.150451554,103.9151741,17.5,17.5
25,Isobaths,Isobath_shell,1.150451554,103.9151921,17.5,17.5
25,Isobaths,Isobath_shell,1.150306856,103.9151921,17.5,17.5
25,Isobaths,Isobath_shell,1.150306856,103.91521,17.5,17.5
25,Isobaths,Isobath_shell,1.150180244,103.91521,17.5,17.5
25,Isobaths,Isobath_shell,1.150180244,103.915228,17.5,17.5
25,Isobaths,Isobath_shell,1.150053633,103.915228,17.5,17.5
25,Isobaths,Isobath_shell,1.150053633,103.915246,17.5,17.5
25,Isobaths,Isobath_shell,1.149908935,103.915246,17.5,17.5
25,Isobaths,Isobath_shell,1.149908935,103.915264,17.5,17.5
25,Isobaths,Isobath_shell,1.149782323,103.915264,17.5,17.5
25,Isobaths,Isobath_shell,1.149782323,103.9152819,17.5,17.5
25,Isobaths,Isobath_shell,1.149655712,103.9152819,17.5,17.5
25,Isobaths,Isobath_shell,1.149655712,103.9152999,17.5,17.5
25,Isobaths,Isobath_shell,1.149529101,103.9152999,17.5,17.5
25,Isobaths,Isobath_shell,1.149529101,103.9153179,17.5,17.5
25,Isobaths,Isobath_shell,1.149492926,103.9153179,17.5,17.5
25,Isobaths,Isobath_shell,1.149492926,103.9153358,17.5,17.5
25,Isobaths,Isobath_shell,1.149474839,103.9153358,17.5,17.5
25,Isobaths,Isobath_shell,1.149474839,103.9153538,17.5,17.5
25,Isobaths,Isobath_shell,1.149456752,103.9153538,17.5,17.5
25,Isobaths,Isobath_shell,1.149456752,103.9153718,17.5,17.5
25,Isobaths,Isobath_shell,1.149438664,103.9153718,17.5,17.5
25,Isobaths,Isobath_shell,1.149438664,103.9153897,17.5,17.5
25,Isobaths,Isobath_shell,1.149420577,103.9153897,17.5,17.5
25,Isobaths,Isobath_shell,1.149420577,103.9154077,17.5,17.5
25,Isobaths,Isobath_shell,1.149384402,103.9154077,17.5,17.5
25,Isobaths,Isobath_shell,1.149384402,103.9154257,17.5,17.5
25,Isobaths,Isobath_shell,1.149366315,103.9154257,17.5,17.5
25,Isobaths,Isobath_shell,1.149366315,103.9154437,17.5,17.5
25,Isobaths,Isobath_shell,1.149348228,103.9154437,17.5,17.5
25,Isobaths,Isobath_shell,1.149348228,103.9154616,17.5,17.5
25,Isobaths,Isobath_shell,1.14933014,103.9154616,17.5,17.5
25,Isobaths,Isobath_shell,1.14933014,103.9154796,17.5,17.5
25,Isobaths,Isobath_shell,1.149312053,103.9154796,17.5,17.5
25,Isobaths,Isobath_shell,1.149312053,103.9154976,17.5,17.5
25,Isobaths,Isobath_shell,1.149275878,103.9154976,17.5,17.5
25,Isobaths,Isobath_shell,1.149275878,103.9155155,17.5,17.5
25,Isobaths,Isobath_shell,1.149257791,103.9155155,17.5,17.5
25,Isobaths,Isobath_shell,1.149257791,103.9155335,17.5,17.5
25,Isobaths,Isobath_shell,1.149239704,103.9155335,17.5,17.5
25,Isobaths,Isobath_shell,1.149239704,103.9155515,17.5,17.5
25,Isobaths,Isobath_shell,1.149221617,103.9155515,17.5,17.5
25,Isobaths,Isobath_shell,1.149221617,103.9155694,17.5,17.5
25,Isobaths,Isobath_shell,1.149203529,103.9155694,17.5,17.5
25,Isobaths,Isobath_shell,1.149203529,103.9155874,17.5,17.5
25,Isobaths,Isobath_shell,1.149185442,103.9155874,17.5,17.5
25,Isobaths,Isobath_shell,1.149185442,103.9156054,17.5,17.5
25,Isobaths,Isobath_shell,1.149149267,103.9156054,17.5,17.5
25,Isobaths,Isobath_shell,1.149149267,103.9156234,17.5,17.5
25,Isobaths,Isobath_shell,1.14913118,103.9156234,17.5,17.5
25,Isobaths,Isobath_shell,1.14913118,103.9156413,17.5,17.5
25,Isobaths,Isobath_shell,1.149113093,103.9156413,17.5,17.5
25,Isobaths,Isobath_shell,1.149113093,103.9156593,17.5,17.5
25,Isobaths,Isobath_shell,1.149095005,103.9156593,17.5,17.5
25,Isobaths,Isobath_shell,1.149095005,103.9156773,17.5,17.5
25,Isobaths,Isobath_shell,1.149076918,103.9156773,17.5,17.5
25,Isobaths,Isobath_shell,1.149076918,103.9156952,17.5,17.5
25,Isobaths,Isobath_shell,1.149040743,103.9156952,17.5,17.5
25,Isobaths,Isobath_shell,1.149040743,103.9157132,17.5,17.5
25,Isobaths,Isobath_shell,1.149022656,103.9157132,17.5,17.5
25,Isobaths,Isobath_shell,1.149022656,103.9157312,17.5,17.5
25,Isobaths,Isobath_shell,1.149004569,103.9157312,17.5,17.5
25,Isobaths,Isobath_shell,1.149004569,103.9157491,17.5,17.5
25,Isobaths,Isobath_shell,1.148986481,103.9157491,17.5,17.5
25,Isobaths,Isobath_shell,1.148986481,103.9157671,17.5,17.5
25,Isobaths,Isobath_shell,1.148968394,103.9157671,17.5,17.5
25,Isobaths,Isobath_shell,1.148968394,103.9157851,17.5,17.5
25,Isobaths,Isobath_shell,1.148950307,103.9157851,17.5,17.5
25,Isobaths,Isobath_shell,1.148950307,103.9158031,17.5,17.5
25,Isobaths,Isobath_shell,1.148914132,103.9158031,17.5,17.5
25,Isobaths,Isobath_shell,1.148914132,103.915821,17.5,17.5
25,Isobaths,Isobath_shell,1.148896045,103.915821,17.5,17.5
25,Isobaths,Isobath_shell,1.148896045,103.915839,17.5,17.5
25,Isobaths,Isobath_shell,1.148877958,103.915839,17.5,17.5
25,Isobaths,Isobath_shell,1.148877958,103.915857,17.5,17.5
25,Isobaths,Isobath_shell,1.14885987,103.915857,17.5,17.5
25,Isobaths,Isobath_shell,1.14885987,103.9158749,17.5,17.5
25,Isobaths,Isobath_shell,1.148841783,103.9158749,17.5,17.5
25,Isobaths,Isobath_shell,1.148841783,103.9158929,17.5,17.5
25,Isobaths,Isobath_shell,1.148805608,103.9158929,17.5,17.5
25,Isobaths,Isobath_shell,1.148805608,103.9159109,17.5,17.5
25,Isobaths,Isobath_shell,1.148787521,103.9159109,17.5,17.5
25,Isobaths,Isobath_shell,1.148787521,103.9159288,17.5,17.5
25,Isobaths,Isobath_shell,1.148769434,103.9159288,17.5,17.5
25,Isobaths,Isobath_shell,1.148769434,103.9159468,17.5,17.5
25,Isobaths,Isobath_shell,1.148751346,103.9159468,17.5,17.5
25,Isobaths,Isobath_shell,1.148751346,103.9159648,17.5,17.5
25,Isobaths,Isobath_shell,1.148733259,103.9159648,17.5,17.5
25,Isobaths,Isobath_shell,1.148733259,103.9159828,17.5,17.5
25,Isobaths,Isobath_shell,1.148697084,103.9159828,17.5,17.5
25,Isobaths,Isobath_shell,1.148697084,103.9160007,17.5,17.5
25,Isobaths,Isobath_shell,1.148678997,103.9160007,17.5,17.5
25,Isobaths,Isobath_shell,1.148678997,103.9160187,17.5,17.5
25,Isobaths,Isobath_shell,1.14866091,103.9160187,17.5,17.5
25,Isobaths,Isobath_shell,1.14866091,103.9160367,17.5,17.5
25,Isobaths,Isobath_shell,1.148642822,103.9160367,17.5,17.5
25,Isobaths,Isobath_shell,1.148642822,103.9160546,17.5,17.5
25,Isobaths,Isobath_shell,1.148624735,103.9160546,17.5,17.5
25,Isobaths,Isobath_shell,1.148624735,103.9160726,17.5,17.5
25,Isobaths,Isobath_shell,1.148606648,103.9160726,17.5,17.5
25,Isobaths,Isobath_shell,1.148606648,103.9160906,17.5,17.5
25,Isobaths,Isobath_shell,1.148570473,103.9160906,17.5,17.5
25,Isobaths,Isobath_shell,1.148570473,103.9161085,17.5,17.5
25,Isobaths,Isobath_shell,1.148552386,103.9161085,17.5,17.5
25,Isobaths,Isobath_shell,1.148552386,103.9161265,17.5,17.5
25,Isobaths,Isobath_shell,1.148534299,103.9161265,17.5,17.5
25,Isobaths,Isobath_shell,1.148534299,103.9161445,17.5,17.5
25,Isobaths,Isobath_shell,1.148516211,103.9161445,17.5,17.5
25,Isobaths,Isobath_shell,1.148516211,103.9161625,17.5,17.5
25,Isobaths,Isobath_shell,1.148498124,103.9161625,17.5,17.5
25,Isobaths,Isobath_shell,1.148498124,103.9161804,17.5,17.5
25,Isobaths,Isobath_shell,1.148461949,103.9161804,17.5,17.5
25,Isobaths,Isobath_shell,1.148461949,103.9161984,17.5,17.5
25,Isobaths,Isobath_shell,1.148443862,103.9161984,17.5,17.5
25,Isobaths,Isobath_shell,1.148443862,103.9162164,17.5,17.5
25,Isobaths,Isobath_shell,1.148425775,103.9162164,17.5,17.5
25,Isobaths,Isobath_shell,1.148425775,103.9162343,17.5,17.5
25,Isobaths,Isobath_shell,1.148407687,103.9162343,17.5,17.5
25,Isobaths,Isobath_shell,1.148407687,103.9162523,17.5,17.5
25,Isobaths,Isobath_shell,1.1483896,103.9162523,17.5,17.5
25,Isobaths,Isobath_shell,1.1483896,103.9162703,17.5,17.5
25,Isobaths,Isobath_shell,1.148371513,103.9162703,17.5,17.5
25,Isobaths,Isobath_shell,1.148371513,103.9162882,17.5,17.5
25,Isobaths,Isobath_shell,1.148335338,103.9162882,17.5,17.5
25,Isobaths,Isobath_shell,1.148335338,103.9163062,17.5,17.5
25,Isobaths,Isobath_shell,1.148317251,103.9163062,17.5,17.5
25,Isobaths,Isobath_shell,1.148317251,103.9163242,17.5,17.5
25,Isobaths,Isobath_shell,1.148299163,103.9163242,17.5,17.5
25,Isobaths,Isobath_shell,1.148299163,103.9163421,17.5,17.5
25,Isobaths,Isobath_shell,1.148281076,103.9163421,17.5,17.5
25,Isobaths,Isobath_shell,1.148281076,103.9163601,17.5,17.5
25,Isobaths,Isobath_shell,1.148262989,103.9163601,17.5,17.5
25,Isobaths,Isobath_shell,1.148262989,103.9163781,17.5,17.5
25,Isobaths,Isobath_shell,1.148234213,103.9163781,17.5,17.5
25,Isobaths,Isobath_shell,1.148234213,103.9163062,17.5,17.5
25,Isobaths,Isobath_shell,1.148238152,103.9162523,17.5,17.5
25,Isobaths,Isobath_shell,1.148271627,103.9159468,17.5,17.5
25,Isobaths,Isobath_shell,1.148271157,103.9159288,17.5,17.5
25,Isobaths,Isobath_shell,1.148267188,103.9159109,17.5,17.5
25,Isobaths,Isobath_shell,1.148254376,103.9158929,17.5,17.5
25,Isobaths,Isobath_shell,1.148219278,103.9158749,17.5,17.5
25,Isobaths,Isobath_shell,1.148061767,103.915857,17.5,17.5
25,Isobaths,Isobath_shell,1.148032184,103.915839,17.5,17.5
25,Isobaths,Isobath_shell,1.148019874,103.915821,17.5,17.5
25,Isobaths,Isobath_shell,1.148009766,103.9157935,17.5,17.5
25,Isobaths,Isobath_shell,1.148001813,103.9157491,17.5,17.5
25,Isobaths,Isobath_shell,1.147959122,103.9153358,17.5,17.5
25,Isobaths,Isobath_shell,1.147943982,103.9152819,17.5,17.5
25,Isobaths,Isobath_shell,1.14791933,103.9152276,17.5,17.5
25,Isobaths,Isobath_shell,1.147883481,103.9151921,17.5,17.5
25,Isobaths,Isobath_shell,1.147852827,103.9151741,17.5,17.5
25,Isobaths,Isobath_shell,1.147745394,103.9151382,17.5,17.5
25,Isobaths,Isobath_shell,1.147467147,103.9150701,17.5,17.5
25,Isobaths,Isobath_shell,1.147123488,103.91503,17.5,17.5
25,Isobaths,Isobath_shell,1.147063899,103.9150124,17.5,17.5
25,Isobaths,Isobath_shell,1.147033051,103.9149893,17.5,17.5
25,Isobaths,Isobath_shell,1.14700863,103.9149585,17.5,17.5
25,Isobaths,Isobath_shell,1.146880416,103.9147428,17.5,17.5
25,Isobaths,Isobath_shell,1.14684684,103.9146709,17.5,17.5
25,Isobaths,Isobath_shell,1.146836693,103.914635,17.5,17.5
25,Isobaths,Isobath_shell,1.146831151,103.9145991,17.5,17.5
25,Isobaths,Isobath_shell,1.146822569,103.9144733,17.5,17.5
26,Isobaths,Isobath_shell,1.149981284,103.9045396,17.5,17.5
26,Isobaths,Isobath_shell,1.149981284,103.9045179,17.5,17.5
26,Isobaths,Isobath_shell,1.149999371,103.9045179,17.5,17.5
26,Isobaths,Isobath_shell,1.149999371,103.904482,17.5,17.5
26,Isobaths,Isobath_shell,1.150017458,103.904482,17.5,17.5
26,Isobaths,Isobath_shell,1.150017458,103.904446,17.5,17.5
26,Isobaths,Isobath_shell,1.150035546,103.904446,17.5,17.5
26,Isobaths,Isobath_shell,1.150035546,103.9043921,17.5,17.5
26,Isobaths,Isobath_shell,1.150053633,103.9043921,17.5,17.5
26,Isobaths,Isobath_shell,1.150053633,103.9043562,17.5,17.5
26,Isobaths,Isobath_shell,1.15007172,103.9043562,17.5,17.5
26,Isobaths,Isobath_shell,1.15007172,103.9043203,17.5,17.5
26,Isobaths,Isobath_shell,1.150089808,103.9043203,17.5,17.5
26,Isobaths,Isobath_shell,1.150089808,103.904306,17.5,17.5
26,Isobaths,Isobath_shell,1.150198332,103.904312,17.5,17.5
26,Isobaths,Isobath_shell,1.150433467,103.9042151,17.5,17.5
26,Isobaths,Isobath_shell,1.150487729,103.9042001,17.5,17.5
26,Isobaths,Isobath_shell,1.150505816,103.9042027,17.5,17.5
26,Isobaths,Isobath_shell,1.150523903,103.9042151,17.5,17.5
26,Isobaths,Isobath_shell,1.15056469,103.9042843,17.5,17.5
26,Isobaths,Isobath_shell,1.150596253,103.9043066,17.5,17.5
26,Isobaths,Isobath_shell,1.150903737,103.9043796,17.5,17.5
26,Isobaths,Isobath_shell,1.15108461,103.9044332,17.5,17.5
26,Isobaths,Isobath_shell,1.151173052,103.904482,17.5,17.5
26,Isobaths,Isobath_shell,1.15124839,103.9045539,17.5,17.5
26,Isobaths,Isobath_shell,1.151283571,103.9045795,17.5,17.5
26,Isobaths,Isobath_shell,1.151446356,103.9046674,17.5,17.5
26,Isobaths,Isobath_shell,1.151467416,103.9046976,17.5,17.5
26,Isobaths,Isobath_shell,1.151472262,103.9047695,17.5,17.5
26,Isobaths,Isobath_shell,1.151482388,103.9048054,17.5,17.5
26,Isobaths,Isobath_shell,1.151518706,103.904841,17.5,17.5
26,Isobaths,Isobath_shell,1.1520975,103.9051628,17.5,17.5
26,Isobaths,Isobath_shell,1.152224111,103.9052224,17.5,17.5
26,Isobaths,Isobath_shell,1.152350722,103.9052697,17.5,17.5
26,Isobaths,Isobath_shell,1.152386897,103.9052705,17.5,17.5
26,Isobaths,Isobath_shell,1.152404984,103.9052585,17.5,17.5
26,Isobaths,Isobath_shell,1.152423072,103.9052239,17.5,17.5
26,Isobaths,Isobath_shell,1.152432544,103.9051469,17.5,17.5
26,Isobaths,Isobath_shell,1.15243503,103.9048414,17.5,17.5
26,Isobaths,Isobath_shell,1.152441159,103.9048205,17.5,17.5
26,Isobaths,Isobath_shell,1.152453004,103.9048054,17.5,17.5
26,Isobaths,Isobath_shell,1.152477333,103.9047975,17.5,17.5
26,Isobaths,Isobath_shell,1.152495421,103.9048001,17.5,17.5
26,Isobaths,Isobath_shell,1.152513508,103.9048101,17.5,17.5
26,Isobaths,Isobath_shell,1.152530701,103.9048414,17.5,17.5
26,Isobaths,Isobath_shell,1.152542062,103.9049312,17.5,17.5
26,Isobaths,Isobath_shell,1.152581972,103.9051109,17.5,17.5
26,Isobaths,Isobath_shell,1.152610056,103.9052008,17.5,17.5
26,Isobaths,Isobath_shell,1.152640119,103.9052529,17.5,17.5
26,Isobaths,Isobath_shell,1.152658207,103.9052619,17.5,17.5
26,Isobaths,Isobath_shell,1.152694381,103.9052625,17.5,17.5
26,Isobaths,Isobath_shell,1.15283908,103.9052214,17.5,17.5
26,Isobaths,Isobath_shell,1.152911429,103.9052121,17.5,17.5
26,Isobaths,Isobath_shell,1.152965691,103.9052188,17.5,17.5
26,Isobaths,Isobath_shell,1.15303804,103.9052388,17.5,17.5
26,Isobaths,Isobath_shell,1.153056128,103.9052481,17.5,17.5
26,Isobaths,Isobath_shell,1.153072109,103.9052727,17.5,17.5
26,Isobaths,Isobath_shell,1.153076401,103.9053086,17.5,17.5
26,Isobaths,Isobath_shell,1.153072824,103.9053985,17.5,17.5
26,Isobaths,Isobath_shell,1.153075972,103.9054344,17.5,17.5
26,Isobaths,Isobath_shell,1.153089772,103.9054703,17.5,17.5
26,Isobaths,Isobath_shell,1.153106384,103.9054883,17.5,17.5
26,Isobaths,Isobath_shell,1.153562572,103.9057636,17.5,17.5
26,Isobaths,Isobath_shell,1.153616834,103.9057726,17.5,17.5
26,Isobaths,Isobath_shell,1.153634922,103.9057652,17.5,17.5
26,Isobaths,Isobath_shell,1.153653009,103.9057479,17.5,17.5
26,Isobaths,Isobath_shell,1.153671096,103.9057135,17.5,17.5
26,Isobaths,Isobath_shell,1.153706288,103.9056141,17.5,17.5
26,Isobaths,Isobath_shell,1.153906231,103.9050377,17.5,17.5
26,Isobaths,Isobath_shell,1.153912153,103.9050031,17.5,17.5
26,Isobaths,Isobath_shell,1.153910375,103.9049851,17.5,17.5
26,Isobaths,Isobath_shell,1.15389997,103.9049672,17.5,17.5
26,Isobaths,Isobath_shell,1.15387924,103.9049492,17.5,17.5
26,Isobaths,Isobath_shell,1.153797708,103.9049072,17.5,17.5
26,Isobaths,Isobath_shell,1.153743446,103.9048566,17.5,17.5
26,Isobaths,Isobath_shell,1.153705532,103.9047875,17.5,17.5
26,Isobaths,Isobath_shell,1.153668572,103.9046797,17.5,17.5
26,Isobaths,Isobath_shell,1.153657185,103.9046257,17.5,17.5
26,Isobaths,Isobath_shell,1.153655597,103.9045718,17.5,17.5
26,Isobaths,Isobath_shell,1.153660706,103.9045359,17.5,17.5
26,Isobaths,Isobath_shell,1.153716665,103.9043742,17.5,17.5
26,Isobaths,Isobath_shell,1.153742886,103.9042663,17.5,17.5
26,Isobaths,Isobath_shell,1.153749303,103.9041585,17.5,17.5
26,Isobaths,Isobath_shell,1.153740054,103.9039609,17.5,17.5
26,Isobaths,Isobath_shell,1.15375079,103.903871,17.5,17.5
26,Isobaths,Isobath_shell,1.153767146,103.9037991,17.5,17.5
26,Isobaths,Isobath_shell,1.153797708,103.9037417,17.5,17.5
26,Isobaths,Isobath_shell,1.153833882,103.9037079,17.5,17.5
26,Isobaths,Isobath_shell,1.153963733,103.9036194,17.5,17.5
26,Isobaths,Isobath_shell,1.153996234,103.9035835,17.5,17.5
26,Isobaths,Isobath_shell,1.154009922,103.9035475,17.5,17.5
26,Isobaths,Isobath_shell,1.154004532,103.9035296,17.5,17.5
26,Isobaths,Isobath_shell,1.153989905,103.9035116,17.5,17.5
26,Isobaths,Isobath_shell,1.153875168,103.9034038,17.5,17.5
26,Isobaths,Isobath_shell,1.153818245,103.9033319,17.5,17.5
26,Isobaths,Isobath_shell,1.153754279,103.9032241,17.5,17.5
26,Isobaths,Isobath_shell,1.153707822,103.9031163,17.5,17.5
26,Isobaths,Isobath_shell,1.153662864,103.9029905,17.5,17.5
26,Isobaths,Isobath_shell,1.153623923,103.9029366,17.5,17.5
26,Isobaths,Isobath_shell,1.153543337,103.9028647,17.5,17.5
26,Isobaths,Isobath_shell,1.153427943,103.9027928,17.5,17.5
26,Isobaths,Isobath_shell,1.153327437,103.9027475,17.5,17.5
26,Isobaths,Isobath_shell,1.153297821,103.9027209,17.5,17.5
26,Isobaths,Isobath_shell,1.153274644,103.902667,17.5,17.5
26,Isobaths,Isobath_shell,1.153235137,103.9025412,17.5,17.5
26,Isobaths,Isobath_shell,1.153179983,103.9023975,17.5,17.5
26,Isobaths,Isobath_shell,1.1531569,103.9023256,17.5,17.5
26,Isobaths,Isobath_shell,1.153113412,103.902056,17.5,17.5
26,Isobaths,Isobath_shell,1.153118954,103.9019482,17.5,17.5
26,Isobaths,Isobath_shell,1.15312939,103.9018763,17.5,17.5
26,Isobaths,Isobath_shell,1.153140413,103.9018404,17.5,17.5
26,Isobaths,Isobath_shell,1.153223402,103.9016787,17.5,17.5
26,Isobaths,Isobath_shell,1.153321236,103.9015349,17.5,17.5
26,Isobaths,Isobath_shell,1.153349934,103.901481,17.5,17.5
26,Isobaths,Isobath_shell,1.153384236,103.9013912,17.5,17.5
26,Isobaths,Isobath_shell,1.153418044,103.9013372,17.5,17.5
26,Isobaths,Isobath_shell,1.153487393,103.9011396,17.5,17.5
26,Isobaths,Isobath_shell,1.153491734,103.9010318,17.5,17.5
26,Isobaths,Isobath_shell,1.153518622,103.90087,17.5,17.5
26,Isobaths,Isobath_shell,1.15352623,103.9007622,17.5,17.5
26,Isobaths,Isobath_shell,1.153519985,103.9006724,17.5,17.5
26,Isobaths,Isobath_shell,1.15349267,103.9005645,17.5,17.5
26,Isobaths,Isobath_shell,1.153488213,103.9005106,17.5,17.5
26,Isobaths,Isobath_shell,1.153492692,103.9004387,17.5,17.5
26,Isobaths,Isobath_shell,1.153511161,103.900295,17.5,17.5
26,Isobaths,Isobath_shell,1.15351141,103.9001512,17.5,17.5
26,Isobaths,Isobath_shell,1.153535324,103.8999895,17.5,17.5
26,Isobaths,Isobath_shell,1.153546997,103.8999536,17.5,17.5
26,Isobaths,Isobath_shell,1.153583409,103.8998817,17.5,17.5
26,Isobaths,Isobath_shell,1.153624447,103.8997379,17.5,17.5
26,Isobaths,Isobath_shell,1.153696639,103.8995402,17.5,17.5
26,Isobaths,Isobath_shell,1.153706026,103.8995043,17.5,17.5
26,Isobaths,Isobath_shell,1.153769919,103.8993426,17.5,17.5
26,Isobaths,Isobath_shell,1.153825448,103.8992168,17.5,17.5
26,Isobaths,Isobath_shell,1.153856926,103.899073,17.5,17.5
26,Isobaths,Isobath_shell,1.153884495,103.8989832,17.5,17.5
26,Isobaths,Isobath_shell,1.153926185,103.8988933,17.5,17.5
26,Isobaths,Isobath_shell,1.153996668,103.8987931,17.5,17.5
26,Isobaths,Isobath_shell,1.154188119,103.8986058,17.5,17.5
26,Isobaths,Isobath_shell,1.154217271,103.8985699,17.5,17.5
26,Isobaths,Isobath_shell,1.154282743,103.8984621,17.5,17.5
26,Isobaths,Isobath_shell,1.154376502,103.8983592,17.5,17.5
26,Isobaths,Isobath_shell,1.154448851,103.8983505,17.5,17.5
26,Isobaths,Isobath_shell,1.1545212,103.8983517,17.5,17.5
26,Isobaths,Isobath_shell,1.154549964,103.8983363,17.5,17.5
26,Isobaths,Isobath_shell,1.15459061,103.8983003,17.5,17.5
26,Isobaths,Isobath_shell,1.154645481,103.8981745,17.5,17.5
26,Isobaths,Isobath_shell,1.15466626,103.8981386,17.5,17.5
26,Isobaths,Isobath_shell,1.154738248,103.8980703,17.5,17.5
26,Isobaths,Isobath_shell,1.154828685,103.8979542,17.5,17.5
26,Isobaths,Isobath_shell,1.154864859,103.8979154,17.5,17.5
26,Isobaths,Isobath_shell,1.155009558,103.8978226,17.5,17.5
26,Isobaths,Isobath_shell,1.155143002,103.8977253,17.5,17.5
26,Isobaths,Isobath_shell,1.155375323,103.8975995,17.5,17.5
26,Isobaths,Isobath_shell,1.155552177,103.8974705,17.5,17.5
26,Isobaths,Isobath_shell,1.155751138,103.8973472,17.5,17.5
26,Isobaths,Isobath_shell,1.155788467,103.897312,17.5,17.5
26,Isobaths,Isobath_shell,1.155809797,103.897276,17.5,17.5
26,Isobaths,Isobath_shell,1.155814131,103.8972581,17.5,17.5
26,Isobaths,Isobath_shell,1.155823487,103.8972401,17.5,17.5
26,Isobaths,Isobath_shell,1.155823487,103.8972221,17.5,17.5
26,Isobaths,Isobath_shell,1.155841574,103.8972401,17.5,17.5
26,Isobaths,Isobath_shell,1.155859662,103.8972581,17.5,17.5
26,Isobaths,Isobath_shell,1.155877749,103.8972581,17.5,17.5
26,Isobaths,Isobath_shell,1.155913923,103.897294,17.5,17.5
26,Isobaths,Isobath_shell,1.155932011,103.897294,17.5,17.5
26,Isobaths,Isobath_shell,1.155968185,103.8973299,17.5,17.5
26,Isobaths,Isobath_shell,1.155986273,103.8973299,17.5,17.5
26,Isobaths,Isobath_shell,1.156022447,103.8973659,17.5,17.5
26,Isobaths,Isobath_shell,1.156040535,103.8973839,17.5,17.5
26,Isobaths,Isobath_shell,1.156058622,103.8973839,17.5,17.5
26,Isobaths,Isobath_shell,1.156076709,103.8974018,17.5,17.5
26,Isobaths,Isobath_shell,1.156094797,103.8974198,17.5,17.5
26,Isobaths,Isobath_shell,1.156112884,103.8974198,17.5,17.5
26,Isobaths,Isobath_shell,1.156130971,103.8974378,17.5,17.5
26,Isobaths,Isobath_shell,1.156130971,103.8974557,17.5,17.5
26,Isobaths,Isobath_shell,1.156129724,103.8974737,17.5,17.5
26,Isobaths,Isobath_shell,1.156129094,103.8974917,17.5,17.5
26,Isobaths,Isobath_shell,1.156112884,103.8975216,17.5,17.5
26,Isobaths,Isobath_shell,1.156073796,103.8975636,17.5,17.5
26,Isobaths,Isobath_shell,1.15590619,103.8976714,17.5,17.5
26,Isobaths,Isobath_shell,1.155782332,103.8977612,17.5,17.5
26,Isobaths,Isobath_shell,1.155621903,103.8978511,17.5,17.5
26,Isobaths,Isobath_shell,1.155570391,103.897887,17.5,17.5
26,Isobaths,Isobath_shell,1.155533046,103.897923,17.5,17.5
26,Isobaths,Isobath_shell,1.155479828,103.8979925,17.5,17.5
26,Isobaths,Isobath_shell,1.155441613,103.8980308,17.5,17.5
26,Isobaths,Isobath_shell,1.155148579,103.8982464,17.5,17.5
26,Isobaths,Isobath_shell,1.15512004,103.8982824,17.5,17.5
26,Isobaths,Isobath_shell,1.155105088,103.8983183,17.5,17.5
26,Isobaths,Isobath_shell,1.155098702,103.8984081,17.5,17.5
26,Isobaths,Isobath_shell,1.155102266,103.8984621,17.5,17.5
26,Isobaths,Isobath_shell,1.155146592,103.8986777,17.5,17.5
26,Isobaths,Isobath_shell,1.15516771,103.8987496,17.5,17.5
26,Isobaths,Isobath_shell,1.155178373,103.8988214,17.5,17.5
26,Isobaths,Isobath_shell,1.155182884,103.8988933,17.5,17.5
26,Isobaths,Isobath_shell,1.155231332,103.8991449,17.5,17.5
26,Isobaths,Isobath_shell,1.155227454,103.8991808,17.5,17.5
26,Isobaths,Isobath_shell,1.155215973,103.8992168,17.5,17.5
26,Isobaths,Isobath_shell,1.155194667,103.8992527,17.5,17.5
26,Isobaths,Isobath_shell,1.155138807,103.8993246,17.5,17.5
26,Isobaths,Isobath_shell,1.155119307,103.8993785,17.5,17.5
26,Isobaths,Isobath_shell,1.155117166,103.8996481,17.5,17.5
26,Isobaths,Isobath_shell,1.155099994,103.8998093,17.5,17.5
26,Isobaths,Isobath_shell,1.155081727,103.8998637,17.5,17.5
26,Isobaths,Isobath_shell,1.155023246,103.8999715,17.5,17.5
26,Isobaths,Isobath_shell,1.15500086,103.9000254,17.5,17.5
26,Isobaths,Isobath_shell,1.154936885,103.9002231,17.5,17.5
26,Isobaths,Isobath_shell,1.154848865,103.9004567,17.5,17.5
26,Isobaths,Isobath_shell,1.154804791,103.9006184,17.5,17.5
26,Isobaths,Isobath_shell,1.154763709,103.9008521,17.5,17.5
26,Isobaths,Isobath_shell,1.154756788,103.9009778,17.5,17.5
26,Isobaths,Isobath_shell,1.154740701,103.9010857,17.5,17.5
26,Isobaths,Isobath_shell,1.154741537,103.9012294,17.5,17.5
26,Isobaths,Isobath_shell,1.154731964,103.9012654,17.5,17.5
26,Isobaths,Isobath_shell,1.154680157,103.9013912,17.5,17.5
26,Isobaths,Isobath_shell,1.154629724,103.9016101,17.5,17.5
26,Isobaths,Isobath_shell,1.154611637,103.9016508,17.5,17.5
26,Isobaths,Isobath_shell,1.154575462,103.9017072,17.5,17.5
26,Isobaths,Isobath_shell,1.154520318,103.9017506,17.5,17.5
26,Isobaths,Isobath_shell,1.154503576,103.9017865,17.5,17.5
26,Isobaths,Isobath_shell,1.154468747,103.9018224,17.5,17.5
26,Isobaths,Isobath_shell,1.154428531,103.9019123,17.5,17.5
26,Isobaths,Isobath_shell,1.15441995,103.9019482,17.5,17.5
26,Isobaths,Isobath_shell,1.154385389,103.9020201,17.5,17.5
26,Isobaths,Isobath_shell,1.154370678,103.9021459,17.5,17.5
26,Isobaths,Isobath_shell,1.154359659,103.9021998,17.5,17.5
26,Isobaths,Isobath_shell,1.154366923,103.9023256,17.5,17.5
26,Isobaths,Isobath_shell,1.154345794,103.9024693,17.5,17.5
26,Isobaths,Isobath_shell,1.154344485,103.9025412,17.5,17.5
26,Isobaths,Isobath_shell,1.154352295,103.902649,17.5,17.5
26,Isobaths,Isobath_shell,1.154341906,103.9027569,17.5,17.5
26,Isobaths,Isobath_shell,1.154309,103.9028647,17.5,17.5
26,Isobaths,Isobath_shell,1.154267978,103.9029503,17.5,17.5
26,Isobaths,Isobath_shell,1.154213716,103.9030207,17.5,17.5
26,Isobaths,Isobath_shell,1.154169373,103.9030624,17.5,17.5
26,Isobaths,Isobath_shell,1.154147245,103.9030983,17.5,17.5
26,Isobaths,Isobath_shell,1.154147366,103.9031163,17.5,17.5
26,Isobaths,Isobath_shell,1.154157494,103.9031522,17.5,17.5
26,Isobaths,Isobath_shell,1.154212292,103.90326,17.5,17.5
26,Isobaths,Isobath_shell,1.154231803,103.9033363,17.5,17.5
26,Isobaths,Isobath_shell,1.154233802,103.9035296,17.5,17.5
26,Isobaths,Isobath_shell,1.154223625,103.9036194,17.5,17.5
26,Isobaths,Isobath_shell,1.154194318,103.9037093,17.5,17.5
26,Isobaths,Isobath_shell,1.154141367,103.9037988,17.5,17.5
26,Isobaths,Isobath_shell,1.154060485,103.903853,17.5,17.5
26,Isobaths,Isobath_shell,1.153942406,103.9039504,17.5,17.5
26,Isobaths,Isobath_shell,1.153916034,103.9039788,17.5,17.5
26,Isobaths,Isobath_shell,1.153896173,103.9040148,17.5,17.5
26,Isobaths,Isobath_shell,1.153883835,103.9040507,17.5,17.5
26,Isobaths,Isobath_shell,1.153870992,103.9041406,17.5,17.5
26,Isobaths,Isobath_shell,1.153852926,103.9044101,17.5,17.5
26,Isobaths,Isobath_shell,1.153833882,103.9044814,17.5,17.5
26,Isobaths,Isobath_shell,1.153799143,103.9045539,17.5,17.5
26,Isobaths,Isobath_shell,1.153790504,103.9045898,17.5,17.5
26,Isobaths,Isobath_shell,1.153789507,103.9046257,17.5,17.5
26,Isobaths,Isobath_shell,1.153795906,103.9046617,17.5,17.5
26,Isobaths,Isobath_shell,1.153820963,103.9047336,17.5,17.5
26,Isobaths,Isobath_shell,1.153846281,103.9047875,17.5,17.5
26,Isobaths,Isobath_shell,1.153888144,103.9048196,17.5,17.5
26,Isobaths,Isobath_shell,1.153996668,103.9048783,17.5,17.5
26,Isobaths,Isobath_shell,1.154067861,103.9049492,17.5,17.5
26,Isobaths,Isobath_shell,1.154081744,103.9049672,17.5,17.5
26,Isobaths,Isobath_shell,1.154083803,103.9049851,17.5,17.5
26,Isobaths,Isobath_shell,1.154049525,103.9056321,17.5,17.5
26,Isobaths,Isobath_shell,1.15403006,103.9058657,17.5,17.5
26,Isobaths,Isobath_shell,1.154008592,103.9060633,17.5,17.5
26,Isobaths,Isobath_shell,1.153996668,103.9061557,17.5,17.5
26,Isobaths,Isobath_shell,1.153978581,103.9062391,17.5,17.5
26,Isobaths,Isobath_shell,1.153933944,103.9063688,17.5,17.5
26,Isobaths,Isobath_shell,1.153906231,103.9064155,17.5,17.5
26,Isobaths,Isobath_shell,1.153870057,103.9064314,17.5,17.5
26,Isobaths,Isobath_shell,1.153815795,103.906417,17.5,17.5
26,Isobaths,Isobath_shell,1.153255088,103.9060818,17.5,17.5
26,Isobaths,Isobath_shell,1.153146564,103.9060246,17.5,17.5
26,Isobaths,Isobath_shell,1.153074215,103.9059957,17.5,17.5
26,Isobaths,Isobath_shell,1.153001866,103.9059883,17.5,17.5
26,Isobaths,Isobath_shell,1.152857167,103.9060424,17.5,17.5
26,Isobaths,Isobath_shell,1.152784818,103.9060587,17.5,17.5
26,Isobaths,Isobath_shell,1.152730556,103.9060619,17.5,17.5
26,Isobaths,Isobath_shell,1.152603945,103.9060376,17.5,17.5
26,Isobaths,Isobath_shell,1.152459246,103.905998,17.5,17.5
26,Isobaths,Isobath_shell,1.152423072,103.9059818,17.5,17.5
26,Isobaths,Isobath_shell,1.152404381,103.9059555,17.5,17.5
26,Isobaths,Isobath_shell,1.152406839,103.9059196,17.5,17.5
26,Isobaths,Isobath_shell,1.152420582,103.9058836,17.5,17.5
26,Isobaths,Isobath_shell,1.152468419,103.9057938,17.5,17.5
26,Isobaths,Isobath_shell,1.15248079,103.9057578,17.5,17.5
26,Isobaths,Isobath_shell,1.1524867,103.9057219,17.5,17.5
26,Isobaths,Isobath_shell,1.152479658,103.9056141,17.5,17.5
26,Isobaths,Isobath_shell,1.152472951,103.9055961,17.5,17.5
26,Isobaths,Isobath_shell,1.152446711,103.9055602,17.5,17.5
26,Isobaths,Isobath_shell,1.152383654,103.9055063,17.5,17.5
26,Isobaths,Isobath_shell,1.152301628,103.9054524,17.5,17.5
26,Isobaths,Isobath_shell,1.151380824,103.9049312,17.5,17.5
26,Isobaths,Isobath_shell,1.15134647,103.9048953,17.5,17.5
26,Isobaths,Isobath_shell,1.151337833,103.9048726,17.5,17.5
26,Isobaths,Isobath_shell,1.151324545,103.9048054,17.5,17.5
26,Isobaths,Isobath_shell,1.151304373,103.9047695,17.5,17.5
26,Isobaths,Isobath_shell,1.151126667,103.9046257,17.5,17.5
26,Isobaths,Isobath_shell,1.151030348,103.9045616,17.5,17.5
26,Isobaths,Isobath_shell,1.150759038,103.9044746,17.5,17.5
26,Isobaths,Isobath_shell,1.150668602,103.9044595,17.5,17.5
26,Isobaths,Isobath_shell,1.15061434,103.9044705,17.5,17.5
26,Isobaths,Isobath_shell,1.150523903,103.9045361,17.5,17.5
26,Isobaths,Isobath_shell,1.150505816,103.9045454,17.5,17.5
26,Isobaths,Isobath_shell,1.150469641,103.9045503,17.5,17.5
26,Isobaths,Isobath_shell,1.150433467,103.9045389,17.5,17.5
26,Isobaths,Isobath_shell,1.150415379,103.9045256,17.5,17.5
26,Isobaths,Isobath_shell,1.150379205,103.904469,17.5,17.5
26,Isobaths,Isobath_shell,1.150361117,103.9044533,17.5,17.5
26,Isobaths,Isobath_shell,1.15034303,103.9044481,17.5,17.5
26,Isobaths,Isobath_shell,1.150288768,103.9044594,17.5,17.5
26,Isobaths,Isobath_shell,1.150089808,103.9045449,17.5,17.5
26,Isobaths,Isobath_shell,1.150017458,103.9045461,17.5,17.5
26,Isobaths,Isobath_shell,1.149981284,103.9045396,17.5,17.5
27,Isobaths,Isobath_hole,1.154672584,103.8995402,17.5,17.5
27,Isobaths,Isobath_hole,1.154677253,103.8996121,17.5,17.5
27,Isobaths,Isobath_hole,1.154692231,103.899684,17.5,17.5
27,Isobaths,Isobath_hole,1.154707984,103.8997918,17.5,17.5
27,Isobaths,Isobath_hole,1.154709396,103.8998278,17.5,17.5
27,Isobaths,Isobath_hole,1.15470855,103.8998996,17.5,17.5
27,Isobaths,Isobath_hole,1.154709976,103.8999356,17.5,17.5
27,Isobaths,Isobath_hole,1.154714622,103.8999895,17.5,17.5
27,Isobaths,Isobath_hole,1.154721574,103.9000434,17.5,17.5
27,Isobaths,Isobath_hole,1.154725718,103.9000973,17.5,17.5
27,Isobaths,Isobath_hole,1.154728916,103.9001153,17.5,17.5
27,Isobaths,Isobath_hole,1.154738248,103.9001437,17.5,17.5
27,Isobaths,Isobath_hole,1.154756335,103.9001569,17.5,17.5
27,Isobaths,Isobath_hole,1.154774423,103.9001479,17.5,17.5
27,Isobaths,Isobath_hole,1.15479251,103.9001243,17.5,17.5
27,Isobaths,Isobath_hole,1.154846772,103.9000128,17.5,17.5
27,Isobaths,Isobath_hole,1.154891691,103.8998996,17.5,17.5
27,Isobaths,Isobath_hole,1.154915913,103.8998278,17.5,17.5
27,Isobaths,Isobath_hole,1.154927375,103.8997739,17.5,17.5
27,Isobaths,Isobath_hole,1.154935053,103.899702,17.5,17.5
27,Isobaths,Isobath_hole,1.15493788,103.8996301,17.5,17.5
27,Isobaths,Isobath_hole,1.154934253,103.8995582,17.5,17.5
27,Isobaths,Isobath_hole,1.154897155,103.8992707,17.5,17.5
27,Isobaths,Isobath_hole,1.154898193,103.8992348,17.5,17.5
27,Isobaths,Isobath_hole,1.154908702,103.8991808,17.5,17.5
27,Isobaths,Isobath_hole,1.15491501,103.8991269,17.5,17.5
27,Isobaths,Isobath_hole,1.154913989,103.899109,17.5,17.5
27,Isobaths,Isobath_hole,1.154894669,103.8990371,17.5,17.5
27,Isobaths,Isobath_hole,1.154859986,103.8988754,17.5,17.5
27,Isobaths,Isobath_hole,1.154846772,103.8988347,17.5,17.5
27,Isobaths,Isobath_hole,1.154828685,103.8988031,17.5,17.5
27,Isobaths,Isobath_hole,1.154810597,103.8987936,17.5,17.5
27,Isobaths,Isobath_hole,1.15479251,103.8987948,17.5,17.5
27,Isobaths,Isobath_hole,1.154774423,103.8988078,17.5,17.5
27,Isobaths,Isobath_hole,1.154762132,103.8988394,17.5,17.5
27,Isobaths,Isobath_hole,1.154750377,103.8989113,17.5,17.5
27,Isobaths,Isobath_hole,1.154746703,103.8989472,17.5,17.5
27,Isobaths,Isobath_hole,1.154729976,103.8990011,17.5,17.5
27,Isobaths,Isobath_hole,1.154717498,103.899073,17.5,17.5
27,Isobaths,Isobath_hole,1.154714773,103.899109,17.5,17.5
27,Isobaths,Isobath_hole,1.154714874,103.8991449,17.5,17.5
27,Isobaths,Isobath_hole,1.15471185,103.8992168,17.5,17.5
27,Isobaths,Isobath_hole,1.154701447,103.8993426,17.5,17.5
27,Isobaths,Isobath_hole,1.154695432,103.8993965,17.5,17.5
27,Isobaths,Isobath_hole,1.154678174,103.8994863,17.5,17.5
27,Isobaths,Isobath_hole,1.154673103,103.8995223,17.5,17.5
27,Isobaths,Isobath_hole,1.154672584,103.8995402,17.5,17.5
28,Isobaths,Isobath_hole,1.15372419,103.9010138,17.5,17.5
28,Isobaths,Isobath_hole,1.153724314,103.9010497,17.5,17.5
28,Isobaths,Isobath_hole,1.153727357,103.9010857,17.5,17.5
28,Isobaths,Isobath_hole,1.153736382,103.9011396,17.5,17.5
28,Isobaths,Isobath_hole,1.153739551,103.9011935,17.5,17.5
28,Isobaths,Isobath_hole,1.15373918,103.9012294,17.5,17.5
28,Isobaths,Isobath_hole,1.153734167,103.9013193,17.5,17.5
28,Isobaths,Isobath_hole,1.153735791,103.9013732,17.5,17.5
28,Isobaths,Isobath_hole,1.153734229,103.9014271,17.5,17.5
28,Isobaths,Isobath_hole,1.153737122,103.901463,17.5,17.5
28,Isobaths,Isobath_hole,1.153734683,103.9015169,17.5,17.5
28,Isobaths,Isobath_hole,1.153739588,103.9015709,17.5,17.5
28,Isobaths,Isobath_hole,1.153737565,103.9015888,17.5,17.5
28,Isobaths,Isobath_hole,1.153740737,103.9016248,17.5,17.5
28,Isobaths,Isobath_hole,1.153757806,103.9016966,17.5,17.5
28,Isobaths,Isobath_hole,1.153783381,103.9017685,17.5,17.5
28,Isobaths,Isobath_hole,1.153815795,103.9018239,17.5,17.5
28,Isobaths,Isobath_hole,1.153833882,103.9018452,17.5,17.5
28,Isobaths,Isobath_hole,1.153851969,103.9018551,17.5,17.5
28,Isobaths,Isobath_hole,1.153888144,103.9018486,17.5,17.5
28,Isobaths,Isobath_hole,1.153978581,103.9017852,17.5,17.5
28,Isobaths,Isobath_hole,1.15401131,103.9017506,17.5,17.5
28,Isobaths,Isobath_hole,1.154034727,103.9017146,17.5,17.5
28,Isobaths,Isobath_hole,1.154044418,103.9016966,17.5,17.5
28,Isobaths,Isobath_hole,1.154069574,103.9016248,17.5,17.5
28,Isobaths,Isobath_hole,1.154083636,103.9015529,17.5,17.5
28,Isobaths,Isobath_hole,1.154093704,103.9015349,17.5,17.5
28,Isobaths,Isobath_hole,1.154099163,103.9015169,17.5,17.5
28,Isobaths,Isobath_hole,1.154100259,103.901499,17.5,17.5
28,Isobaths,Isobath_hole,1.154098046,103.901463,17.5,17.5
28,Isobaths,Isobath_hole,1.154100085,103.9014451,17.5,17.5
28,Isobaths,Isobath_hole,1.154098282,103.9014271,17.5,17.5
28,Isobaths,Isobath_hole,1.154091383,103.9014091,17.5,17.5
28,Isobaths,Isobath_hole,1.154063499,103.9012833,17.5,17.5
28,Isobaths,Isobath_hole,1.15405831,103.9012294,17.5,17.5
28,Isobaths,Isobath_hole,1.154059623,103.9011935,17.5,17.5
28,Isobaths,Isobath_hole,1.154067128,103.9011575,17.5,17.5
28,Isobaths,Isobath_hole,1.154077618,103.9011216,17.5,17.5
28,Isobaths,Isobath_hole,1.154085821,103.9010677,17.5,17.5
28,Isobaths,Isobath_hole,1.154083073,103.9010138,17.5,17.5
28,Isobaths,Isobath_hole,1.15407955,103.9009778,17.5,17.5
28,Isobaths,Isobath_hole,1.154080733,103.9009239,17.5,17.5
28,Isobaths,Isobath_hole,1.15409697,103.9008341,17.5,17.5
28,Isobaths,Isobath_hole,1.154102526,103.9007802,17.5,17.5
28,Isobaths,Isobath_hole,1.154102091,103.9006184,17.5,17.5
28,Isobaths,Isobath_hole,1.154100071,103.9005645,17.5,17.5
28,Isobaths,Isobath_hole,1.154093292,103.9004747,17.5,17.5
28,Isobaths,Isobath_hole,1.154094545,103.9003669,17.5,17.5
28,Isobaths,Isobath_hole,1.154095129,103.9003489,17.5,17.5
28,Isobaths,Isobath_hole,1.154111006,103.9002231,17.5,17.5
28,Isobaths,Isobath_hole,1.154108228,103.9001872,17.5,17.5
28,Isobaths,Isobath_hole,1.154096299,103.9001153,17.5,17.5
28,Isobaths,Isobath_hole,1.154095268,103.9000973,17.5,17.5
28,Isobaths,Isobath_hole,1.154096238,103.9000434,17.5,17.5
28,Isobaths,Isobath_hole,1.154089438,103.8999715,17.5,17.5
28,Isobaths,Isobath_hole,1.154090559,103.8999536,17.5,17.5
28,Isobaths,Isobath_hole,1.154094552,103.8999356,17.5,17.5
28,Isobaths,Isobath_hole,1.154102104,103.8999176,17.5,17.5
28,Isobaths,Isobath_hole,1.154153349,103.8998457,17.5,17.5
28,Isobaths,Isobath_hole,1.154166376,103.8998098,17.5,17.5
28,Isobaths,Isobath_hole,1.154174063,103.8997739,17.5,17.5
28,Isobaths,Isobath_hole,1.154170729,103.8997559,17.5,17.5
28,Isobaths,Isobath_hole,1.154161684,103.8997379,17.5,17.5
28,Isobaths,Isobath_hole,1.154131108,103.899702,17.5,17.5
28,Isobaths,Isobath_hole,1.154071601,103.899666,17.5,17.5
28,Isobaths,Isobath_hole,1.154032843,103.8996503,17.5,17.5
28,Isobaths,Isobath_hole,1.153996668,103.8996523,17.5,17.5
28,Isobaths,Isobath_hole,1.153960493,103.8996732,17.5,17.5
28,Isobaths,Isobath_hole,1.153942406,103.8996983,17.5,17.5
28,Isobaths,Isobath_hole,1.153924319,103.8997418,17.5,17.5
28,Isobaths,Isobath_hole,1.153909087,103.8998098,17.5,17.5
28,Isobaths,Isobath_hole,1.153870057,103.8999232,17.5,17.5
28,Isobaths,Isobath_hole,1.153850503,103.8999895,17.5,17.5
28,Isobaths,Isobath_hole,1.15378196,103.9001153,17.5,17.5
28,Isobaths,Isobath_hole,1.153764452,103.9001872,17.5,17.5
28,Isobaths,Isobath_hole,1.153754308,103.900277,17.5,17.5
28,Isobaths,Isobath_hole,1.153735021,103.9003848,17.5,17.5
28,Isobaths,Isobath_hole,1.153726905,103.9004567,17.5,17.5
28,Isobaths,Isobath_hole,1.153724367,103.9004927,17.5,17.5
28,Isobaths,Isobath_hole,1.153725312,103.9005466,17.5,17.5
28,Isobaths,Isobath_hole,1.153731416,103.9006184,17.5,17.5
28,Isobaths,Isobath_hole,1.153732803,103.9006544,17.5,17.5
28,Isobaths,Isobath_hole,1.153732511,103.9007263,17.5,17.5
28,Isobaths,Isobath_hole,1.153730068,103.9007981,17.5,17.5
28,Isobaths,Isobath_hole,1.153730686,103.9009239,17.5,17.5
28,Isobaths,Isobath_hole,1.15372419,103.9010138,17.5,17.5
29,Isobaths,Isobath_shell,1.149004569,103.9078064,17.5,17.5
29,Isobaths,Isobath_shell,1.149004569,103.9077525,17.5,17.5
29,Isobaths,Isobath_shell,1.149022656,103.9077525,17.5,17.5
29,Isobaths,Isobath_shell,1.149022656,103.9077166,17.5,17.5
29,Isobaths,Isobath_shell,1.149040743,103.9077166,17.5,17.5
29,Isobaths,Isobath_shell,1.149040743,103.9076627,17.5,17.5
29,Isobaths,Isobath_shell,1.149058831,103.9076627,17.5,17.5
29,Isobaths,Isobath_shell,1.149058831,103.9076267,17.5,17.5
29,Isobaths,Isobath_shell,1.149076918,103.9076267,17.5,17.5
29,Isobaths,Isobath_shell,1.149076918,103.9075728,17.5,17.5
29,Isobaths,Isobath_shell,1.149095005,103.9075728,17.5,17.5
29,Isobaths,Isobath_shell,1.149095005,103.9075189,17.5,17.5
29,Isobaths,Isobath_shell,1.149113093,103.9075189,17.5,17.5
29,Isobaths,Isobath_shell,1.149113093,103.907483,17.5,17.5
29,Isobaths,Isobath_shell,1.14913118,103.907483,17.5,17.5
29,Isobaths,Isobath_shell,1.14913118,103.9074291,17.5,17.5
29,Isobaths,Isobath_shell,1.149149267,103.9074291,17.5,17.5
29,Isobaths,Isobath_shell,1.149149267,103.9073751,17.5,17.5
29,Isobaths,Isobath_shell,1.149167355,103.9073751,17.5,17.5
29,Isobaths,Isobath_shell,1.149167355,103.9073572,17.5,17.5
29,Isobaths,Isobath_shell,1.149185442,103.9073716,17.5,17.5
29,Isobaths,Isobath_shell,1.149239704,103.9074173,17.5,17.5
29,Isobaths,Isobath_shell,1.149269367,103.9074291,17.5,17.5
29,Isobaths,Isobath_shell,1.14933014,103.9074341,17.5,17.5
29,Isobaths,Isobath_shell,1.149474839,103.9074278,17.5,17.5
29,Isobaths,Isobath_shell,1.149529101,103.907444,17.5,17.5
29,Isobaths,Isobath_shell,1.14966481,103.9075548,17.5,17.5
29,Isobaths,Isobath_shell,1.149743993,103.9076627,17.5,17.5
29,Isobaths,Isobath_shell,1.149782323,103.9076938,17.5,17.5
29,Isobaths,Isobath_shell,1.150125982,103.907847,17.5,17.5
29,Isobaths,Isobath_shell,1.150234506,103.907888,17.5,17.5
29,Isobaths,Isobath_shell,1.150288768,103.9078995,17.5,17.5
29,Isobaths,Isobath_shell,1.15034303,103.9078992,17.5,17.5
29,Isobaths,Isobath_shell,1.150831388,103.9077958,17.5,17.5
29,Isobaths,Isobath_shell,1.150921824,103.9077911,17.5,17.5
29,Isobaths,Isobath_shell,1.150994174,103.9078126,17.5,17.5
29,Isobaths,Isobath_shell,1.151671916,103.9080939,17.5,17.5
29,Isobaths,Isobath_shell,1.151760418,103.9081479,17.5,17.5
29,Isobaths,Isobath_shell,1.151807039,103.9082018,17.5,17.5
29,Isobaths,Isobath_shell,1.15182619,103.9082377,17.5,17.5
29,Isobaths,Isobath_shell,1.15182619,103.9082557,17.5,17.5
29,Isobaths,Isobath_shell,1.151808103,103.9082736,17.5,17.5
29,Isobaths,Isobath_shell,1.151808103,103.9083096,17.5,17.5
29,Isobaths,Isobath_shell,1.151790015,103.9083276,17.5,17.5
29,Isobaths,Isobath_shell,1.151790015,103.9083635,17.5,17.5
29,Isobaths,Isobath_shell,1.151771928,103.9083815,17.5,17.5
29,Isobaths,Isobath_shell,1.151771928,103.9083994,17.5,17.5
29,Isobaths,Isobath_shell,1.151753841,103.9084174,17.5,17.5
29,Isobaths,Isobath_shell,1.151753841,103.9084354,17.5,17.5
29,Isobaths,Isobath_shell,1.151771928,103.9084354,17.5,17.5
29,Isobaths,Isobath_shell,1.151790015,103.9084533,17.5,17.5
29,Isobaths,Isobath_shell,1.151808103,103.9084533,17.5,17.5
29,Isobaths,Isobath_shell,1.15182619,103.9084713,17.5,17.5
29,Isobaths,Isobath_shell,1.151862365,103.9084713,17.5,17.5
29,Isobaths,Isobath_shell,1.151880452,103.9084893,17.5,17.5
29,Isobaths,Isobath_shell,1.151898539,103.9084893,17.5,17.5
29,Isobaths,Isobath_shell,1.151916627,103.9085073,17.5,17.5
29,Isobaths,Isobath_shell,1.151934714,103.9085073,17.5,17.5
29,Isobaths,Isobath_shell,1.151952801,103.9085252,17.5,17.5
29,Isobaths,Isobath_shell,1.151970889,103.9085252,17.5,17.5
29,Isobaths,Isobath_shell,1.151970889,103.9082916,17.5,17.5
29,Isobaths,Isobath_shell,1.151976919,103.9082736,17.5,17.5
29,Isobaths,Isobath_shell,1.152014463,103.9082377,17.5,17.5
29,Isobaths,Isobath_shell,1.153056128,103.9075551,17.5,17.5
29,Isobaths,Isobath_shell,1.153182739,103.9074911,17.5,17.5
29,Isobaths,Isobath_shell,1.153237001,103.9074873,17.5,17.5
29,Isobaths,Isobath_shell,1.153291263,103.9075031,17.5,17.5
29,Isobaths,Isobath_shell,1.153559407,103.9076627,17.5,17.5
29,Isobaths,Isobath_shell,1.153653009,103.9077278,17.5,17.5
29,Isobaths,Isobath_shell,1.153797708,103.9078664,17.5,17.5
29,Isobaths,Isobath_shell,1.153870057,103.9079109,17.5,17.5
29,Isobaths,Isobath_shell,1.153906231,103.9079193,17.5,17.5
29,Isobaths,Isobath_shell,1.153921304,103.9079502,17.5,17.5
29,Isobaths,Isobath_shell,1.153942406,103.9079524,17.5,17.5
29,Isobaths,Isobath_shell,1.153960493,103.9079502,17.5,17.5
29,Isobaths,Isobath_shell,1.153960493,103.9079682,17.5,17.5
29,Isobaths,Isobath_shell,1.153942406,103.9079682,17.5,17.5
29,Isobaths,Isobath_shell,1.153942406,103.9080221,17.5,17.5
29,Isobaths,Isobath_shell,1.153924319,103.9080221,17.5,17.5
29,Isobaths,Isobath_shell,1.153924319,103.908058,17.5,17.5
29,Isobaths,Isobath_shell,1.153906231,103.908058,17.5,17.5
29,Isobaths,Isobath_shell,1.153906231,103.9081119,17.5,17.5
29,Isobaths,Isobath_shell,1.153888144,103.9081119,17.5,17.5
29,Isobaths,Isobath_shell,1.153888144,103.9081658,17.5,17.5
29,Isobaths,Isobath_shell,1.153870057,103.9081658,17.5,17.5
29,Isobaths,Isobath_shell,1.153870057,103.9082197,17.5,17.5
29,Isobaths,Isobath_shell,1.153851969,103.9082197,17.5,17.5
29,Isobaths,Isobath_shell,1.153851969,103.9082557,17.5,17.5
29,Isobaths,Isobath_shell,1.153833882,103.9082557,17.5,17.5
29,Isobaths,Isobath_shell,1.153833882,103.9083096,17.5,17.5
29,Isobaths,Isobath_shell,1.153815795,103.9083096,17.5,17.5
29,Isobaths,Isobath_shell,1.153815795,103.9083635,17.5,17.5
29,Isobaths,Isobath_shell,1.153797708,103.9083635,17.5,17.5
29,Isobaths,Isobath_shell,1.153797708,103.9084174,17.5,17.5
29,Isobaths,Isobath_shell,1.15377962,103.9084174,17.5,17.5
29,Isobaths,Isobath_shell,1.15377962,103.9084533,17.5,17.5
29,Isobaths,Isobath_shell,1.153761533,103.9084533,17.5,17.5
29,Isobaths,Isobath_shell,1.153761533,103.9085073,17.5,17.5
29,Isobaths,Isobath_shell,1.153743446,103.9085073,17.5,17.5
29,Isobaths,Isobath_shell,1.153743446,103.9085612,17.5,17.5
29,Isobaths,Isobath_shell,1.153725358,103.9085612,17.5,17.5
29,Isobaths,Isobath_shell,1.153725358,103.9086151,17.5,17.5
29,Isobaths,Isobath_shell,1.153707271,103.9086151,17.5,17.5
29,Isobaths,Isobath_shell,1.153707271,103.908651,17.5,17.5
29,Isobaths,Isobath_shell,1.153689184,103.908651,17.5,17.5
29,Isobaths,Isobath_shell,1.153689184,103.9087049,17.5,17.5
29,Isobaths,Isobath_shell,1.153671096,103.9087049,17.5,17.5
29,Isobaths,Isobath_shell,1.153671096,103.9087588,17.5,17.5
29,Isobaths,Isobath_shell,1.153653009,103.9087588,17.5,17.5
29,Isobaths,Isobath_shell,1.153653009,103.9088127,17.5,17.5
29,Isobaths,Isobath_shell,1.153634922,103.9088127,17.5,17.5
29,Isobaths,Isobath_shell,1.153634922,103.9088487,17.5,17.5
29,Isobaths,Isobath_shell,1.153616834,103.9088487,17.5,17.5
29,Isobaths,Isobath_shell,1.153616834,103.9089026,17.5,17.5
29,Isobaths,Isobath_shell,1.153598747,103.9089026,17.5,17.5
29,Isobaths,Isobath_shell,1.153598747,103.9089565,17.5,17.5
29,Isobaths,Isobath_shell,1.15358066,103.9089565,17.5,17.5
29,Isobaths,Isobath_shell,1.15358066,103.9091362,17.5,17.5
29,Isobaths,Isobath_shell,1.153598747,103.9091542,17.5,17.5
29,Isobaths,Isobath_shell,1.153598747,103.909262,17.5,17.5
29,Isobaths,Isobath_shell,1.153616834,103.90928,17.5,17.5
29,Isobaths,Isobath_shell,1.153616834,103.9093878,17.5,17.5
29,Isobaths,Isobath_shell,1.153634922,103.9094057,17.5,17.5
29,Isobaths,Isobath_shell,1.153616834,103.9094057,17.5,17.5
29,Isobaths,Isobath_shell,1.153616834,103.9094417,17.5,17.5
29,Isobaths,Isobath_shell,1.153598747,103.9094417,17.5,17.5
29,Isobaths,Isobath_shell,1.153598747,103.9094776,17.5,17.5
29,Isobaths,Isobath_shell,1.15358066,103.9094776,17.5,17.5
29,Isobaths,Isobath_shell,1.15358066,103.9095315,17.5,17.5
29,Isobaths,Isobath_shell,1.153562572,103.9095315,17.5,17.5
29,Isobaths,Isobath_shell,1.153562572,103.9095675,17.5,17.5
29,Isobaths,Isobath_shell,1.153544485,103.9095675,17.5,17.5
29,Isobaths,Isobath_shell,1.153544485,103.9096214,17.5,17.5
29,Isobaths,Isobath_shell,1.153526398,103.9096214,17.5,17.5
29,Isobaths,Isobath_shell,1.153526398,103.9096573,17.5,17.5
29,Isobaths,Isobath_shell,1.15350831,103.9096573,17.5,17.5
29,Isobaths,Isobath_shell,1.15350831,103.9097112,17.5,17.5
29,Isobaths,Isobath_shell,1.153490223,103.9097112,17.5,17.5
29,Isobaths,Isobath_shell,1.153490223,103.9097472,17.5,17.5
29,Isobaths,Isobath_shell,1.153472136,103.9097472,17.5,17.5
29,Isobaths,Isobath_shell,1.153472136,103.9097831,17.5,17.5
29,Isobaths,Isobath_shell,1.153454049,103.9097831,17.5,17.5
29,Isobaths,Isobath_shell,1.153454049,103.909837,17.5,17.5
29,Isobaths,Isobath_shell,1.153435961,103.909837,17.5,17.5
29,Isobaths,Isobath_shell,1.153435961,103.909873,17.5,17.5
29,Isobaths,Isobath_shell,1.153417874,103.909873,17.5,17.5
29,Isobaths,Isobath_shell,1.153417874,103.9099089,17.5,17.5
29,Isobaths,Isobath_shell,1.153399787,103.9099213,17.5,17.5
29,Isobaths,Isobath_shell,1.153367868,103.9099089,17.5,17.5
29,Isobaths,Isobath_shell,1.153363612,103.9098978,17.5,17.5
29,Isobaths,Isobath_shell,1.153291263,103.9098593,17.5,17.5
29,Isobaths,Isobath_shell,1.153200826,103.9098405,17.5,17.5
29,Isobaths,Isobath_shell,1.153164651,103.9098168,17.5,17.5
29,Isobaths,Isobath_shell,1.153130564,103.9097651,17.5,17.5
29,Isobaths,Isobath_shell,1.153076627,103.9096214,17.5,17.5
29,Isobaths,Isobath_shell,1.15303804,103.9095561,17.5,17.5
29,Isobaths,Isobath_shell,1.152711715,103.9091721,17.5,17.5
29,Isobaths,Isobath_shell,1.152676294,103.9091433,17.5,17.5
29,Isobaths,Isobath_shell,1.152658207,103.9091403,17.5,17.5
29,Isobaths,Isobath_shell,1.152603945,103.9091608,17.5,17.5
29,Isobaths,Isobath_shell,1.152531595,103.9092152,17.5,17.5
29,Isobaths,Isobath_shell,1.151916627,103.9098203,17.5,17.5
29,Isobaths,Isobath_shell,1.151862365,103.9098593,17.5,17.5
29,Isobaths,Isobath_shell,1.15182619,103.9098739,17.5,17.5
29,Isobaths,Isobath_shell,1.151771928,103.9098745,17.5,17.5
29,Isobaths,Isobath_shell,1.151681492,103.9098463,17.5,17.5
29,Isobaths,Isobath_shell,1.151030348,103.9095501,17.5,17.5
29,Isobaths,Isobath_shell,1.150957999,103.9095038,17.5,17.5
29,Isobaths,Isobath_shell,1.150759038,103.9093342,17.5,17.5
29,Isobaths,Isobath_shell,1.150704776,103.909308,17.5,17.5
29,Isobaths,Isobath_shell,1.150578165,103.909283,17.5,17.5
29,Isobaths,Isobath_shell,1.150505816,103.909255,17.5,17.5
29,Isobaths,Isobath_shell,1.150007453,103.9089385,17.5,17.5
29,Isobaths,Isobath_shell,1.149978571,103.9089026,17.5,17.5
29,Isobaths,Isobath_shell,1.14994177,103.9088127,17.5,17.5
29,Isobaths,Isobath_shell,1.149910714,103.9087588,17.5,17.5
29,Isobaths,Isobath_shell,1.149393446,103.9080041,17.5,17.5
29,Isobaths,Isobath_shell,1.149295904,103.9079322,17.5,17.5
29,Isobaths,Isobath_shell,1.149239704,103.9078783,17.5,17.5
29,Isobaths,Isobath_shell,1.149221617,103.9078963,17.5,17.5
29,Isobaths,Isobath_shell,1.149185442,103.9078963,17.5,17.5
29,Isobaths,Isobath_shell,1.149167355,103.9079142,17.5,17.5
29,Isobaths,Isobath_shell,1.14913118,103.9079142,17.5,17.5
29,Isobaths,Isobath_shell,1.14913118,103.9078603,17.5,17.5
29,Isobaths,Isobath_shell,1.149113093,103.9078424,17.5,17.5
29,Isobaths,Isobath_shell,1.149080535,103.9078244,17.5,17.5
29,Isobaths,Isobath_shell,1.149022656,103.9078175,17.5,17.5
29,Isobaths,Isobath_shell,1.149004569,103.9078064,17.5,17.5
30,Isobaths,Isobath_shell,1.151175047,103.8985515,22.5,22.5
30,Isobaths,Isobath_shell,1.151175047,103.898516,22.5,22.5
30,Isobaths,Isobath_shell,1.151193134,103.898516,22.5,22.5
30,Isobaths,Isobath_shell,1.151193134,103.8984621,22.5,22.5
30,Isobaths,Isobath_shell,1.151211221,103.8984621,22.5,22.5
30,Isobaths,Isobath_shell,1.151211221,103.8983902,22.5,22.5
30,Isobaths,Isobath_shell,1.151229309,103.8983902,22.5,22.5
30,Isobaths,Isobath_shell,1.151229309,103.8983363,22.5,22.5
30,Isobaths,Isobath_shell,1.151247396,103.8983363,22.5,22.5
30,Isobaths,Isobath_shell,1.151247396,103.8982644,22.5,22.5
30,Isobaths,Isobath_shell,1.151265483,103.8982644,22.5,22.5
30,Isobaths,Isobath_shell,1.151265483,103.8981386,22.5,22.5
30,Isobaths,Isobath_shell,1.151283571,103.8981386,22.5,22.5
30,Isobaths,Isobath_shell,1.151283571,103.8980653,22.5,22.5
30,Isobaths,Isobath_shell,1.151319745,103.8980653,22.5,22.5
30,Isobaths,Isobath_shell,1.151374007,103.8980839,22.5,22.5
30,Isobaths,Isobath_shell,1.151699579,103.8982926,22.5,22.5
30,Isobaths,Isobath_shell,1.151753841,103.8982976,22.5,22.5
30,Isobaths,Isobath_shell,1.151792126,103.8982824,22.5,22.5
30,Isobaths,Isobath_shell,1.15182619,103.8982509,22.5,22.5
30,Isobaths,Isobath_shell,1.151864963,103.8981925,22.5,22.5
30,Isobaths,Isobath_shell,1.152012545,103.897923,22.5,22.5
30,Isobaths,Isobath_shell,1.152073703,103.8978331,22.5,22.5
30,Isobaths,Isobath_shell,1.152133674,103.8977779,22.5,22.5
30,Isobaths,Isobath_shell,1.152237625,103.8977253,22.5,22.5
30,Isobaths,Isobath_shell,1.152306796,103.8976714,22.5,22.5
30,Isobaths,Isobath_shell,1.15231896,103.8976534,22.5,22.5
30,Isobaths,Isobath_shell,1.15234724,103.8975995,22.5,22.5
30,Isobaths,Isobath_shell,1.152366234,103.8975456,22.5,22.5
30,Isobaths,Isobath_shell,1.152376429,103.8974737,22.5,22.5
30,Isobaths,Isobath_shell,1.152375244,103.8973839,22.5,22.5
30,Isobaths,Isobath_shell,1.152392268,103.8973299,22.5,22.5
30,Isobaths,Isobath_shell,1.152423366,103.897276,22.5,22.5
30,Isobaths,Isobath_shell,1.152459246,103.8972467,22.5,22.5
30,Isobaths,Isobath_shell,1.152531595,103.89721,22.5,22.5
30,Isobaths,Isobath_shell,1.152730556,103.8971521,22.5,22.5
30,Isobaths,Isobath_shell,1.152784818,103.8971236,22.5,22.5
30,Isobaths,Isobath_shell,1.152809939,103.8970963,22.5,22.5
30,Isobaths,Isobath_shell,1.152817887,103.8970784,22.5,22.5
30,Isobaths,Isobath_shell,1.152825788,103.8969526,22.5,22.5
30,Isobaths,Isobath_shell,1.15283506,103.8969346,22.5,22.5
30,Isobaths,Isobath_shell,1.152857167,103.8969136,22.5,22.5
30,Isobaths,Isobath_shell,1.152947604,103.8968591,22.5,22.5
30,Isobaths,Isobath_shell,1.153056128,103.8968437,22.5,22.5
30,Isobaths,Isobath_shell,1.153237001,103.8968997,22.5,22.5
30,Isobaths,Isobath_shell,1.153381699,103.8969181,22.5,22.5
30,Isobaths,Isobath_shell,1.153482115,103.8969166,22.5,22.5
30,Isobaths,Isobath_shell,1.153562572,103.8968919,22.5,22.5
30,Isobaths,Isobath_shell,1.153616834,103.8968594,22.5,22.5
30,Isobaths,Isobath_shell,1.153671096,103.8968147,22.5,22.5
30,Isobaths,Isobath_shell,1.153707271,103.8967589,22.5,22.5
30,Isobaths,Isobath_shell,1.153730717,103.8966651,22.5,22.5
30,Isobaths,Isobath_shell,1.153778186,103.8965572,22.5,22.5
30,Isobaths,Isobath_shell,1.153865977,103.8964314,22.5,22.5
30,Isobaths,Isobath_shell,1.153867019,103.8964135,22.5,22.5
30,Isobaths,Isobath_shell,1.15385449,103.8963775,22.5,22.5
30,Isobaths,Isobath_shell,1.153833882,103.8963398,22.5,22.5
30,Isobaths,Isobath_shell,1.153794229,103.8962877,22.5,22.5
30,Isobaths,Isobath_shell,1.153781586,103.8962517,22.5,22.5
30,Isobaths,Isobath_shell,1.153779438,103.8962338,22.5,22.5
30,Isobaths,Isobath_shell,1.153791324,103.8961978,22.5,22.5
30,Isobaths,Isobath_shell,1.153790767,103.8961799,22.5,22.5
30,Isobaths,Isobath_shell,1.153775322,103.896126,22.5,22.5
30,Isobaths,Isobath_shell,1.153767435,103.8960541,22.5,22.5
30,Isobaths,Isobath_shell,1.153769285,103.8960361,22.5,22.5
30,Isobaths,Isobath_shell,1.15377962,103.8960256,22.5,22.5
30,Isobaths,Isobath_shell,1.153851969,103.8959991,22.5,22.5
30,Isobaths,Isobath_shell,1.154123279,103.8959576,22.5,22.5
30,Isobaths,Isobath_shell,1.154195628,103.8959307,22.5,22.5
30,Isobaths,Isobath_shell,1.154358414,103.8958442,22.5,22.5
30,Isobaths,Isobath_shell,1.154412676,103.8958336,22.5,22.5
30,Isobaths,Isobath_shell,1.1545212,103.8958279,22.5,22.5
30,Isobaths,Isobath_shell,1.154557375,103.8958145,22.5,22.5
30,Isobaths,Isobath_shell,1.154629724,103.8957593,22.5,22.5
30,Isobaths,Isobath_shell,1.154720161,103.8956701,22.5,22.5
30,Isobaths,Isobath_shell,1.154739454,103.8956408,22.5,22.5
30,Isobaths,Isobath_shell,1.154796217,103.895515,22.5,22.5
30,Isobaths,Isobath_shell,1.154864859,103.8954358,22.5,22.5
30,Isobaths,Isobath_shell,1.154919121,103.8954052,22.5,22.5
30,Isobaths,Isobath_shell,1.155045732,103.8953627,22.5,22.5
30,Isobaths,Isobath_shell,1.155244693,103.8952789,22.5,22.5
30,Isobaths,Isobath_shell,1.155284363,103.8952275,22.5,22.5
30,Isobaths,Isobath_shell,1.155353217,103.8950659,22.5,22.5
30,Isobaths,Isobath_shell,1.155385595,103.8950298,22.5,22.5
30,Isobaths,Isobath_shell,1.155425566,103.8950212,22.5,22.5
30,Isobaths,Isobath_shell,1.155443653,103.8950301,22.5,22.5
30,Isobaths,Isobath_shell,1.155516003,103.89504,22.5,22.5
30,Isobaths,Isobath_shell,1.15553409,103.8950298,22.5,22.5
30,Isobaths,Isobath_shell,1.155552177,103.8950298,22.5,22.5
30,Isobaths,Isobath_shell,1.155552177,103.8950657,22.5,22.5
30,Isobaths,Isobath_shell,1.15553409,103.8950657,22.5,22.5
30,Isobaths,Isobath_shell,1.15553409,103.8953173,22.5,22.5
30,Isobaths,Isobath_shell,1.155516003,103.8953173,22.5,22.5
30,Isobaths,Isobath_shell,1.155516003,103.8953532,22.5,22.5
30,Isobaths,Isobath_shell,1.155497915,103.8953532,22.5,22.5
30,Isobaths,Isobath_shell,1.155497915,103.8953892,22.5,22.5
30,Isobaths,Isobath_shell,1.155479828,103.8953892,22.5,22.5
30,Isobaths,Isobath_shell,1.155479828,103.8954251,22.5,22.5
30,Isobaths,Isobath_shell,1.155461741,103.8954251,22.5,22.5
30,Isobaths,Isobath_shell,1.155461741,103.895479,22.5,22.5
30,Isobaths,Isobath_shell,1.155443653,103.895479,22.5,22.5
30,Isobaths,Isobath_shell,1.155443653,103.895515,22.5,22.5
30,Isobaths,Isobath_shell,1.155425566,103.895515,22.5,22.5
30,Isobaths,Isobath_shell,1.155425566,103.8955509,22.5,22.5
30,Isobaths,Isobath_shell,1.155407479,103.8955509,22.5,22.5
30,Isobaths,Isobath_shell,1.155389391,103.8955639,22.5,22.5
30,Isobaths,Isobath_shell,1.155371304,103.8955532,22.5,22.5
30,Isobaths,Isobath_shell,1.155353217,103.8955538,22.5,22.5
30,Isobaths,Isobath_shell,1.155298955,103.8955639,22.5,22.5
30,Isobaths,Isobath_shell,1.155244693,103.8955873,22.5,22.5
30,Isobaths,Isobath_shell,1.15506382,103.8956949,22.5,22.5
30,Isobaths,Isobath_shell,1.154951709,103.8957845,22.5,22.5
30,Isobaths,Isobath_shell,1.154896978,103.8958564,22.5,22.5
30,Isobaths,Isobath_shell,1.154795476,103.8959642,22.5,22.5
30,Isobaths,Isobath_shell,1.154720161,103.8960606,22.5,22.5
30,Isobaths,Isobath_shell,1.15464651,103.896126,22.5,22.5
30,Isobaths,Isobath_shell,1.154615941,103.8961619,22.5,22.5
30,Isobaths,Isobath_shell,1.154540181,103.8963236,22.5,22.5
30,Isobaths,Isobath_shell,1.154473076,103.8964494,22.5,22.5
30,Isobaths,Isobath_shell,1.154430764,103.8965828,22.5,22.5
30,Isobaths,Isobath_shell,1.154286065,103.8965936,22.5,22.5
30,Isobaths,Isobath_shell,1.154195628,103.8966133,22.5,22.5
30,Isobaths,Isobath_shell,1.154126491,103.8966471,22.5,22.5
30,Isobaths,Isobath_shell,1.15405093,103.8967134,22.5,22.5
30,Isobaths,Isobath_shell,1.154019564,103.8967549,22.5,22.5
30,Isobaths,Isobath_shell,1.153981023,103.8968268,22.5,22.5
30,Isobaths,Isobath_shell,1.153956054,103.8969166,22.5,22.5
30,Isobaths,Isobath_shell,1.153952419,103.8969526,22.5,22.5
30,Isobaths,Isobath_shell,1.153887546,103.8970963,22.5,22.5
30,Isobaths,Isobath_shell,1.153870482,103.8972042,22.5,22.5
30,Isobaths,Isobath_shell,1.153848855,103.8972221,22.5,22.5
30,Isobaths,Isobath_shell,1.153743446,103.8972662,22.5,22.5
30,Isobaths,Isobath_shell,1.153598747,103.8973443,22.5,22.5
30,Isobaths,Isobath_shell,1.153562572,103.8973571,22.5,22.5
30,Isobaths,Isobath_shell,1.153526398,103.8973607,22.5,22.5
30,Isobaths,Isobath_shell,1.153472136,103.8973477,22.5,22.5
30,Isobaths,Isobath_shell,1.153128477,103.8972121,22.5,22.5
30,Isobaths,Isobath_shell,1.153074215,103.8972094,22.5,22.5
30,Isobaths,Isobath_shell,1.153019953,103.8972275,22.5,22.5
30,Isobaths,Isobath_shell,1.152833217,103.8973479,22.5,22.5
30,Isobaths,Isobath_shell,1.152784818,103.8973882,22.5,22.5
30,Isobaths,Isobath_shell,1.152564292,103.8976893,22.5,22.5
30,Isobaths,Isobath_shell,1.152510769,103.8977433,22.5,22.5
30,Isobaths,Isobath_shell,1.152462033,103.8977792,22.5,22.5
30,Isobaths,Isobath_shell,1.152340337,103.8978511,22.5,22.5
30,Isobaths,Isobath_shell,1.152250762,103.897887,22.5,22.5
30,Isobaths,Isobath_shell,1.15221057,103.897923,22.5,22.5
30,Isobaths,Isobath_shell,1.152182324,103.8979769,22.5,22.5
30,Isobaths,Isobath_shell,1.152100559,103.8981925,22.5,22.5
30,Isobaths,Isobath_shell,1.152080051,103.8982644,22.5,22.5
30,Isobaths,Isobath_shell,1.152072765,103.8983542,22.5,22.5
30,Isobaths,Isobath_shell,1.152074009,103.8984261,22.5,22.5
30,Isobaths,Isobath_shell,1.152053684,103.89848,22.5,22.5
30,Isobaths,Isobath_shell,1.152025151,103.89851,22.5,22.5
30,Isobaths,Isobath_shell,1.151981092,103.8985339,22.5,22.5
30,Isobaths,Isobath_shell,1.151916627,103.8985563,22.5,22.5
30,Isobaths,Isobath_shell,1.151753841,103.8985864,22.5,22.5
30,Isobaths,Isobath_shell,1.151645317,103.8985789,22.5,22.5
30,Isobaths,Isobath_shell,1.151319745,103.8984911,22.5,22.5
30,Isobaths,Isobath_shell,1.151229309,103.8985279,22.5,22.5
30,Isobaths,Isobath_shell,1.151211221,103.8985515,22.5,22.5
30,Isobaths,Isobath_shell,1.151175047,103.8985515,22.5,22.5
31,Isobaths,Isobath_shell,1.147145398,103.9144912,22.5,22.5
31,Isobaths,Isobath_shell,1.147148622,103.9144553,22.5,22.5
31,Isobaths,Isobath_shell,1.147159662,103.9144141,22.5,22.5
31,Isobaths,Isobath_shell,1.14717775,103.9143848,22.5,22.5
31,Isobaths,Isobath_shell,1.147195837,103.9143685,22.5,22.5
31,Isobaths,Isobath_shell,1.147232012,103.9143541,22.5,22.5
31,Isobaths,Isobath_shell,1.147268186,103.9143492,22.5,22.5
31,Isobaths,Isobath_shell,1.147430972,103.9143514,22.5,22.5
31,Isobaths,Isobath_shell,1.147521409,103.9143229,22.5,22.5
31,Isobaths,Isobath_shell,1.148591226,103.9137365,22.5,22.5
31,Isobaths,Isobath_shell,1.148642822,103.9137036,22.5,22.5
31,Isobaths,Isobath_shell,1.148663758,103.9136826,22.5,22.5
31,Isobaths,Isobath_shell,1.148682976,103.9136467,22.5,22.5
31,Isobaths,Isobath_shell,1.148697084,103.913535,22.5,22.5
31,Isobaths,Isobath_shell,1.148751346,103.9134365,22.5,22.5
31,Isobaths,Isobath_shell,1.148771777,103.9133771,22.5,22.5
31,Isobaths,Isobath_shell,1.14918325,103.9117239,22.5,22.5
31,Isobaths,Isobath_shell,1.149189276,103.9116879,22.5,22.5
31,Isobaths,Isobath_shell,1.149187532,103.911652,22.5,22.5
31,Isobaths,Isobath_shell,1.149173384,103.9116161,22.5,22.5
31,Isobaths,Isobath_shell,1.149159852,103.9115981,22.5,22.5
31,Isobaths,Isobath_shell,1.149045676,103.9114903,22.5,22.5
31,Isobaths,Isobath_shell,1.14871702,103.9111488,22.5,22.5
31,Isobaths,Isobath_shell,1.1486241,103.911041,22.5,22.5
31,Isobaths,Isobath_shell,1.148566419,103.9109512,22.5,22.5
31,Isobaths,Isobath_shell,1.148552386,103.9109152,22.5,22.5
31,Isobaths,Isobath_shell,1.148551094,103.9108973,22.5,22.5
31,Isobaths,Isobath_shell,1.148557951,103.9108793,22.5,22.5
31,Isobaths,Isobath_shell,1.148603031,103.9108433,22.5,22.5
31,Isobaths,Isobath_shell,1.148611815,103.9108254,22.5,22.5
31,Isobaths,Isobath_shell,1.148611815,103.9108074,22.5,22.5
31,Isobaths,Isobath_shell,1.148601082,103.9107715,22.5,22.5
31,Isobaths,Isobath_shell,1.148577364,103.9107176,22.5,22.5
31,Isobaths,Isobath_shell,1.148516211,103.9106207,22.5,22.5
31,Isobaths,Isobath_shell,1.148260405,103.9101245,22.5,22.5
31,Isobaths,Isobath_shell,1.148173944,103.9099808,22.5,22.5
31,Isobaths,Isobath_shell,1.148173844,103.9099628,22.5,22.5
31,Isobaths,Isobath_shell,1.148196604,103.9098909,22.5,22.5
31,Isobaths,Isobath_shell,1.148268028,103.9097292,22.5,22.5
31,Isobaths,Isobath_shell,1.148268028,103.9096933,22.5,22.5
31,Isobaths,Isobath_shell,1.148262989,103.9096753,22.5,22.5
31,Isobaths,Isobath_shell,1.148299163,103.9096753,22.5,22.5
31,Isobaths,Isobath_shell,1.148299163,103.9096573,22.5,22.5
31,Isobaths,Isobath_shell,1.148317251,103.9096573,22.5,22.5
31,Isobaths,Isobath_shell,1.148317251,103.9096394,22.5,22.5
31,Isobaths,Isobath_shell,1.148335338,103.9096394,22.5,22.5
31,Isobaths,Isobath_shell,1.148335338,103.9096214,22.5,22.5
31,Isobaths,Isobath_shell,1.148353425,103.9096214,22.5,22.5
31,Isobaths,Isobath_shell,1.148353425,103.9096034,22.5,22.5
31,Isobaths,Isobath_shell,1.148371513,103.9096034,22.5,22.5
31,Isobaths,Isobath_shell,1.148371513,103.9095854,22.5,22.5
31,Isobaths,Isobath_shell,1.1483896,103.9095854,22.5,22.5
31,Isobaths,Isobath_shell,1.1483896,103.9095675,22.5,22.5
31,Isobaths,Isobath_shell,1.148407687,103.9095675,22.5,22.5
31,Isobaths,Isobath_shell,1.148407687,103.9095495,22.5,22.5
31,Isobaths,Isobath_shell,1.148425775,103.9095495,22.5,22.5
31,Isobaths,Isobath_shell,1.148425775,103.9095315,22.5,22.5
31,Isobaths,Isobath_shell,1.148443862,103.9095315,22.5,22.5
31,Isobaths,Isobath_shell,1.148443862,103.9094776,22.5,22.5
31,Isobaths,Isobath_shell,1.148461949,103.9094776,22.5,22.5
31,Isobaths,Isobath_shell,1.148461949,103.9094237,22.5,22.5
31,Isobaths,Isobath_shell,1.148480037,103.9094237,22.5,22.5
31,Isobaths,Isobath_shell,1.148480037,103.9093698,22.5,22.5
31,Isobaths,Isobath_shell,1.148498124,103.9093698,22.5,22.5
31,Isobaths,Isobath_shell,1.148498124,103.9093159,22.5,22.5
31,Isobaths,Isobath_shell,1.148516211,103.9093159,22.5,22.5
31,Isobaths,Isobath_shell,1.148516211,103.909262,22.5,22.5
31,Isobaths,Isobath_shell,1.148534299,103.909262,22.5,22.5
31,Isobaths,Isobath_shell,1.148534299,103.9092081,22.5,22.5
31,Isobaths,Isobath_shell,1.148552386,103.9092081,22.5,22.5
31,Isobaths,Isobath_shell,1.148552386,103.9091542,22.5,22.5
31,Isobaths,Isobath_shell,1.148570473,103.9091542,22.5,22.5
31,Isobaths,Isobath_shell,1.148570473,103.9091003,22.5,22.5
31,Isobaths,Isobath_shell,1.14858856,103.9091003,22.5,22.5
31,Isobaths,Isobath_shell,1.14858856,103.9090464,22.5,22.5
31,Isobaths,Isobath_shell,1.148606648,103.9090464,22.5,22.5
31,Isobaths,Isobath_shell,1.148606648,103.9089924,22.5,22.5
31,Isobaths,Isobath_shell,1.148624735,103.9089924,22.5,22.5
31,Isobaths,Isobath_shell,1.148624735,103.9089206,22.5,22.5
31,Isobaths,Isobath_shell,1.148642822,103.9089206,22.5,22.5
31,Isobaths,Isobath_shell,1.148642822,103.9088667,22.5,22.5
31,Isobaths,Isobath_shell,1.14866091,103.9088667,22.5,22.5
31,Isobaths,Isobath_shell,1.14866091,103.9088127,22.5,22.5
31,Isobaths,Isobath_shell,1.148678997,103.9088127,22.5,22.5
31,Isobaths,Isobath_shell,1.148678997,103.9087588,22.5,22.5
31,Isobaths,Isobath_shell,1.148697084,103.9087588,22.5,22.5
31,Isobaths,Isobath_shell,1.148697084,103.9087049,22.5,22.5
31,Isobaths,Isobath_shell,1.148715172,103.9087049,22.5,22.5
31,Isobaths,Isobath_shell,1.148715172,103.908651,22.5,22.5
31,Isobaths,Isobath_shell,1.148733259,103.908651,22.5,22.5
31,Isobaths,Isobath_shell,1.148733259,103.9085971,22.5,22.5
31,Isobaths,Isobath_shell,1.148751346,103.9085971,22.5,22.5
31,Isobaths,Isobath_shell,1.148751346,103.9085432,22.5,22.5
31,Isobaths,Isobath_shell,1.148769434,103.9085432,22.5,22.5
31,Isobaths,Isobath_shell,1.148769434,103.9084893,22.5,22.5
31,Isobaths,Isobath_shell,1.148787521,103.9084893,22.5,22.5
31,Isobaths,Isobath_shell,1.148787521,103.9084354,22.5,22.5
31,Isobaths,Isobath_shell,1.148805608,103.9084354,22.5,22.5
31,Isobaths,Isobath_shell,1.148805608,103.9083815,22.5,22.5
31,Isobaths,Isobath_shell,1.148823696,103.9083815,22.5,22.5
31,Isobaths,Isobath_shell,1.148823696,103.9083096,22.5,22.5
31,Isobaths,Isobath_shell,1.148841783,103.9083096,22.5,22.5
31,Isobaths,Isobath_shell,1.148841783,103.9082557,22.5,22.5
31,Isobaths,Isobath_shell,1.14885987,103.9082557,22.5,22.5
31,Isobaths,Isobath_shell,1.14885987,103.9082018,22.5,22.5
31,Isobaths,Isobath_shell,1.148877958,103.9082018,22.5,22.5
31,Isobaths,Isobath_shell,1.148877958,103.9081479,22.5,22.5
31,Isobaths,Isobath_shell,1.148896045,103.9081479,22.5,22.5
31,Isobaths,Isobath_shell,1.148896045,103.9080939,22.5,22.5
31,Isobaths,Isobath_shell,1.148914132,103.9080939,22.5,22.5
31,Isobaths,Isobath_shell,1.148914132,103.90804,22.5,22.5
31,Isobaths,Isobath_shell,1.148932219,103.90804,22.5,22.5
31,Isobaths,Isobath_shell,1.148932219,103.9079861,22.5,22.5
31,Isobaths,Isobath_shell,1.148950307,103.9079861,22.5,22.5
31,Isobaths,Isobath_shell,1.148950307,103.9079322,22.5,22.5
31,Isobaths,Isobath_shell,1.148968394,103.9079322,22.5,22.5
31,Isobaths,Isobath_shell,1.148968394,103.9078783,22.5,22.5
31,Isobaths,Isobath_shell,1.148986481,103.9078783,22.5,22.5
31,Isobaths,Isobath_shell,1.148986481,103.9078244,22.5,22.5
31,Isobaths,Isobath_shell,1.149004569,103.9078244,22.5,22.5
31,Isobaths,Isobath_shell,1.149004569,103.9078064,22.5,22.5
31,Isobaths,Isobath_shell,1.149022656,103.9078175,22.5,22.5
31,Isobaths,Isobath_shell,1.149080535,103.9078244,22.5,22.5
31,Isobaths,Isobath_shell,1.149113093,103.9078424,22.5,22.5
31,Isobaths,Isobath_shell,1.14913118,103.9078603,22.5,22.5
31,Isobaths,Isobath_shell,1.14913118,103.9079142,22.5,22.5
31,Isobaths,Isobath_shell,1.149167355,103.9079142,22.5,22.5
31,Isobaths,Isobath_shell,1.149185442,103.9078963,22.5,22.5
31,Isobaths,Isobath_shell,1.149221617,103.9078963,22.5,22.5
31,Isobaths,Isobath_shell,1.149239704,103.9078783,22.5,22.5
31,Isobaths,Isobath_shell,1.149295904,103.9079322,22.5,22.5
31,Isobaths,Isobath_shell,1.149393446,103.9080041,22.5,22.5
31,Isobaths,Isobath_shell,1.149910714,103.9087588,22.5,22.5
31,Isobaths,Isobath_shell,1.14994177,103.9088127,22.5,22.5
31,Isobaths,Isobath_shell,1.149978571,103.9089026,22.5,22.5
31,Isobaths,Isobath_shell,1.150007453,103.9089385,22.5,22.5
31,Isobaths,Isobath_shell,1.150505816,103.909255,22.5,22.5
31,Isobaths,Isobath_shell,1.150578165,103.909283,22.5,22.5
31,Isobaths,Isobath_shell,1.150704776,103.909308,22.5,22.5
31,Isobaths,Isobath_shell,1.150759038,103.9093342,22.5,22.5
31,Isobaths,Isobath_shell,1.150957999,103.9095038,22.5,22.5
31,Isobaths,Isobath_shell,1.151030348,103.9095501,22.5,22.5
31,Isobaths,Isobath_shell,1.151681492,103.9098463,22.5,22.5
31,Isobaths,Isobath_shell,1.151771928,103.9098745,22.5,22.5
31,Isobaths,Isobath_shell,1.15182619,103.9098739,22.5,22.5
31,Isobaths,Isobath_shell,1.151862365,103.9098593,22.5,22.5
31,Isobaths,Isobath_shell,1.151916627,103.9098203,22.5,22.5
31,Isobaths,Isobath_shell,1.152531595,103.9092152,22.5,22.5
31,Isobaths,Isobath_shell,1.152603945,103.9091608,22.5,22.5
31,Isobaths,Isobath_shell,1.152658207,103.9091403,22.5,22.5
31,Isobaths,Isobath_shell,1.152676294,103.9091433,22.5,22.5
31,Isobaths,Isobath_shell,1.152711715,103.9091721,22.5,22.5
31,Isobaths,Isobath_shell,1.15303804,103.9095561,22.5,22.5
31,Isobaths,Isobath_shell,1.153076627,103.9096214,22.5,22.5
31,Isobaths,Isobath_shell,1.153130564,103.9097651,22.5,22.5
31,Isobaths,Isobath_shell,1.153164651,103.9098168,22.5,22.5
31,Isobaths,Isobath_shell,1.153200826,103.9098405,22.5,22.5
31,Isobaths,Isobath_shell,1.153291263,103.9098593,22.5,22.5
31,Isobaths,Isobath_shell,1.153363612,103.9098978,22.5,22.5
31,Isobaths,Isobath_shell,1.153367868,103.9099089,22.5,22.5
31,Isobaths,Isobath_shell,1.153399787,103.9099213,22.5,22.5
31,Isobaths,Isobath_shell,1.153417874,103.9099089,22.5,22.5
31,Isobaths,Isobath_shell,1.153417874,103.9099269,22.5,22.5
31,Isobaths,Isobath_shell,1.153399787,103.9099269,22.5,22.5
31,Isobaths,Isobath_shell,1.153399787,103.9099628,22.5,22.5
31,Isobaths,Isobath_shell,1.153381699,103.9099628,22.5,22.5
31,Isobaths,Isobath_shell,1.153381699,103.9100167,22.5,22.5
31,Isobaths,Isobath_shell,1.153363612,103.9100167,22.5,22.5
31,Isobaths,Isobath_shell,1.153363612,103.9100527,22.5,22.5
31,Isobaths,Isobath_shell,1.153345525,103.9100527,22.5,22.5
31,Isobaths,Isobath_shell,1.153345525,103.9101066,22.5,22.5
31,Isobaths,Isobath_shell,1.153327437,103.9101066,22.5,22.5
31,Isobaths,Isobath_shell,1.153327437,103.9101425,22.5,22.5
31,Isobaths,Isobath_shell,1.15330935,103.9101425,22.5,22.5
31,Isobaths,Isobath_shell,1.15330935,103.9101785,22.5,22.5
31,Isobaths,Isobath_shell,1.153291263,103.9101785,22.5,22.5
31,Isobaths,Isobath_shell,1.153291263,103.9102324,22.5,22.5
31,Isobaths,Isobath_shell,1.153273175,103.9102324,22.5,22.5
31,Isobaths,Isobath_shell,1.153273175,103.9102683,22.5,22.5
31,Isobaths,Isobath_shell,1.153255088,103.9102683,22.5,22.5
31,Isobaths,Isobath_shell,1.153255088,103.9103222,22.5,22.5
31,Isobaths,Isobath_shell,1.153237001,103.9103222,22.5,22.5
31,Isobaths,Isobath_shell,1.153237001,103.9103582,22.5,22.5
31,Isobaths,Isobath_shell,1.153218913,103.9103582,22.5,22.5
31,Isobaths,Isobath_shell,1.153218913,103.9104121,22.5,22.5
31,Isobaths,Isobath_shell,1.153200826,103.9104121,22.5,22.5
31,Isobaths,Isobath_shell,1.153200826,103.910448,22.5,22.5
31,Isobaths,Isobath_shell,1.153182739,103.910448,22.5,22.5
31,Isobaths,Isobath_shell,1.153182739,103.9104839,22.5,22.5
31,Isobaths,Isobath_shell,1.153164651,103.9104839,22.5,22.5
31,Isobaths,Isobath_shell,1.153164651,103.9105379,22.5,22.5
31,Isobaths,Isobath_shell,1.153146564,103.9105379,22.5,22.5
31,Isobaths,Isobath_shell,1.153146564,103.9105738,22.5,22.5
31,Isobaths,Isobath_shell,1.153128477,103.9105738,22.5,22.5
31,Isobaths,Isobath_shell,1.153128477,103.9106277,22.5,22.5
31,Isobaths,Isobath_shell,1.15311039,103.9106277,22.5,22.5
31,Isobaths,Isobath_shell,1.15311039,103.9106636,22.5,22.5
31,Isobaths,Isobath_shell,1.153092302,103.9106636,22.5,22.5
31,Isobaths,Isobath_shell,1.153092302,103.9107176,22.5,22.5
31,Isobaths,Isobath_shell,1.153074215,103.9107176,22.5,22.5
31,Isobaths,Isobath_shell,1.153074215,103.9107535,22.5,22.5
31,Isobaths,Isobath_shell,1.153056128,103.9107535,22.5,22.5
31,Isobaths,Isobath_shell,1.153056128,103.9108074,22.5,22.5
31,Isobaths,Isobath_shell,1.15303804,103.9108074,22.5,22.5
31,Isobaths,Isobath_shell,1.15303804,103.9108433,22.5,22.5
31,Isobaths,Isobath_shell,1.153019953,103.9108433,22.5,22.5
31,Isobaths,Isobath_shell,1.153019953,103.9108793,22.5,22.5
31,Isobaths,Isobath_shell,1.153001866,103.9108793,22.5,22.5
31,Isobaths,Isobath_shell,1.153001866,103.9109332,22.5,22.5
31,Isobaths,Isobath_shell,1.152983778,103.9109332,22.5,22.5
31,Isobaths,Isobath_shell,1.152983778,103.9109691,22.5,22.5
31,Isobaths,Isobath_shell,1.152965691,103.9109691,22.5,22.5
31,Isobaths,Isobath_shell,1.152965691,103.911023,22.5,22.5
31,Isobaths,Isobath_shell,1.152947604,103.911023,22.5,22.5
31,Isobaths,Isobath_shell,1.152947604,103.911059,22.5,22.5
31,Isobaths,Isobath_shell,1.152929516,103.911059,22.5,22.5
31,Isobaths,Isobath_shell,1.152929516,103.9111129,22.5,22.5
31,Isobaths,Isobath_shell,1.152911429,103.9111129,22.5,22.5
31,Isobaths,Isobath_shell,1.152911429,103.9111488,22.5,22.5
31,Isobaths,Isobath_shell,1.152893342,103.9111488,22.5,22.5
31,Isobaths,Isobath_shell,1.152893342,103.9111848,22.5,22.5
31,Isobaths,Isobath_shell,1.152875254,103.9111848,22.5,22.5
31,Isobaths,Isobath_shell,1.152875254,103.9112387,22.5,22.5
31,Isobaths,Isobath_shell,1.152857167,103.9112387,22.5,22.5
31,Isobaths,Isobath_shell,1.152857167,103.9112746,22.5,22.5
31,Isobaths,Isobath_shell,1.15283908,103.9112746,22.5,22.5
31,Isobaths,Isobath_shell,1.15283908,103.9113285,22.5,22.5
31,Isobaths,Isobath_shell,1.152820992,103.9113285,22.5,22.5
31,Isobaths,Isobath_shell,1.152820992,103.9113645,22.5,22.5
31,Isobaths,Isobath_shell,1.152802905,103.9113645,22.5,22.5
31,Isobaths,Isobath_shell,1.152802905,103.9114184,22.5,22.5
31,Isobaths,Isobath_shell,1.152784818,103.9114184,22.5,22.5
31,Isobaths,Isobath_shell,1.152784818,103.9114543,22.5,22.5
31,Isobaths,Isobath_shell,1.152766731,103.9114543,22.5,22.5
31,Isobaths,Isobath_shell,1.152766731,103.9115082,22.5,22.5
31,Isobaths,Isobath_shell,1.152748643,103.9115082,22.5,22.5
31,Isobaths,Isobath_shell,1.152748643,103.9115621,22.5,22.5
31,Isobaths,Isobath_shell,1.152730556,103.9115621,22.5,22.5
31,Isobaths,Isobath_shell,1.152730556,103.9116161,22.5,22.5
31,Isobaths,Isobath_shell,1.152712469,103.9116161,22.5,22.5
31,Isobaths,Isobath_shell,1.152712469,103.91167,22.5,22.5
31,Isobaths,Isobath_shell,1.152694381,103.91167,22.5,22.5
31,Isobaths,Isobath_shell,1.152694381,103.9117239,22.5,22.5
31,Isobaths,Isobath_shell,1.152676294,103.9117239,22.5,22.5
31,Isobaths,Isobath_shell,1.152676294,103.9117778,22.5,22.5
31,Isobaths,Isobath_shell,1.152658207,103.9117778,22.5,22.5
31,Isobaths,Isobath_shell,1.152658207,103.9118317,22.5,22.5
31,Isobaths,Isobath_shell,1.152640119,103.9118317,22.5,22.5
31,Isobaths,Isobath_shell,1.152640119,103.9118856,22.5,22.5
31,Isobaths,Isobath_shell,1.152622032,103.9118856,22.5,22.5
31,Isobaths,Isobath_shell,1.152622032,103.9119395,22.5,22.5
31,Isobaths,Isobath_shell,1.152603945,103.9119395,22.5,22.5
31,Isobaths,Isobath_shell,1.152603945,103.9119934,22.5,22.5
31,Isobaths,Isobath_shell,1.152585857,103.9119934,22.5,22.5
31,Isobaths,Isobath_shell,1.152585857,103.9120473,22.5,22.5
31,Isobaths,Isobath_shell,1.15256777,103.9120473,22.5,22.5
31,Isobaths,Isobath_shell,1.15256777,103.9121012,22.5,22.5
31,Isobaths,Isobath_shell,1.152549683,103.9121012,22.5,22.5
31,Isobaths,Isobath_shell,1.152549683,103.9121552,22.5,22.5
31,Isobaths,Isobath_shell,1.152531595,103.9121552,22.5,22.5
31,Isobaths,Isobath_shell,1.152531595,103.9122091,22.5,22.5
31,Isobaths,Isobath_shell,1.152513508,103.9122091,22.5,22.5
31,Isobaths,Isobath_shell,1.152513508,103.912263,22.5,22.5
31,Isobaths,Isobath_shell,1.152495421,103.912263,22.5,22.5
31,Isobaths,Isobath_shell,1.152495421,103.9123169,22.5,22.5
31,Isobaths,Isobath_shell,1.152477333,103.9123169,22.5,22.5
31,Isobaths,Isobath_shell,1.152477333,103.9123708,22.5,22.5
31,Isobaths,Isobath_shell,1.152459246,103.9123708,22.5,22.5
31,Isobaths,Isobath_shell,1.152459246,103.9124247,22.5,22.5
31,Isobaths,Isobath_shell,1.152441159,103.9124247,22.5,22.5
31,Isobaths,Isobath_shell,1.152441159,103.9124786,22.5,22.5
31,Isobaths,Isobath_shell,1.152423072,103.9124786,22.5,22.5
31,Isobaths,Isobath_shell,1.152423072,103.9125325,22.5,22.5
31,Isobaths,Isobath_shell,1.152404984,103.9125325,22.5,22.5
31,Isobaths,Isobath_shell,1.152404984,103.9125864,22.5,22.5
31,Isobaths,Isobath_shell,1.152386897,103.9125864,22.5,22.5
31,Isobaths,Isobath_shell,1.152386897,103.9126403,22.5,22.5
31,Isobaths,Isobath_shell,1.15236881,103.9126403,22.5,22.5
31,Isobaths,Isobath_shell,1.15236881,103.9126943,22.5,22.5
31,Isobaths,Isobath_shell,1.152350722,103.9126943,22.5,22.5
31,Isobaths,Isobath_shell,1.152350722,103.9127482,22.5,22.5
31,Isobaths,Isobath_shell,1.152332635,103.9127482,22.5,22.5
31,Isobaths,Isobath_shell,1.152332635,103.9128021,22.5,22.5
31,Isobaths,Isobath_shell,1.152314548,103.9128021,22.5,22.5
31,Isobaths,Isobath_shell,1.152314548,103.912856,22.5,22.5
31,Isobaths,Isobath_shell,1.15229646,103.912856,22.5,22.5
31,Isobaths,Isobath_shell,1.15229646,103.9129099,22.5,22.5
31,Isobaths,Isobath_shell,1.152278373,103.9129099,22.5,22.5
31,Isobaths,Isobath_shell,1.152278373,103.9129638,22.5,22.5
31,Isobaths,Isobath_shell,1.152260286,103.9129638,22.5,22.5
31,Isobaths,Isobath_shell,1.152260286,103.9130177,22.5,22.5
31,Isobaths,Isobath_shell,1.152242198,103.9130177,22.5,22.5
31,Isobaths,Isobath_shell,1.152242198,103.9130716,22.5,22.5
31,Isobaths,Isobath_shell,1.152224111,103.9130716,22.5,22.5
31,Isobaths,Isobath_shell,1.152224111,103.9131255,22.5,22.5
31,Isobaths,Isobath_shell,1.152206024,103.9131255,22.5,22.5
31,Isobaths,Isobath_shell,1.152206024,103.9131794,22.5,22.5
31,Isobaths,Isobath_shell,1.152187936,103.9131794,22.5,22.5
31,Isobaths,Isobath_shell,1.152187936,103.9132333,22.5,22.5
31,Isobaths,Isobath_shell,1.152169849,103.9132333,22.5,22.5
31,Isobaths,Isobath_shell,1.152169849,103.9132873,22.5,22.5
31,Isobaths,Isobath_shell,1.152151762,103.9132873,22.5,22.5
31,Isobaths,Isobath_shell,1.152151762,103.9133412,22.5,22.5
31,Isobaths,Isobath_shell,1.152133674,103.9133412,22.5,22.5
31,Isobaths,Isobath_shell,1.152133674,103.9133951,22.5,22.5
31,Isobaths,Isobath_shell,1.152115587,103.9133951,22.5,22.5
31,Isobaths,Isobath_shell,1.152115587,103.913467,22.5,22.5
31,Isobaths,Isobath_shell,1.1520975,103.913467,22.5,22.5
31,Isobaths,Isobath_shell,1.1520975,103.9135209,22.5,22.5
31,Isobaths,Isobath_shell,1.152079413,103.9135029,22.5,22.5
31,Isobaths,Isobath_shell,1.152061325,103.9135126,22.5,22.5
31,Isobaths,Isobath_shell,1.152048803,103.9135029,22.5,22.5
31,Isobaths,Isobath_shell,1.152043238,103.9134849,22.5,22.5
31,Isobaths,Isobath_shell,1.151862365,103.913467,22.5,22.5
31,Isobaths,Isobath_shell,1.151735753,103.9133771,22.5,22.5
31,Isobaths,Isobath_shell,1.151681492,103.9133522,22.5,22.5
31,Isobaths,Isobath_shell,1.15162723,103.9133367,22.5,22.5
31,Isobaths,Isobath_shell,1.150903737,103.9132679,22.5,22.5
31,Isobaths,Isobath_shell,1.150831388,103.9132491,22.5,22.5
31,Isobaths,Isobath_shell,1.150704776,103.9131917,22.5,22.5
31,Isobaths,Isobath_shell,1.150668602,103.9131889,22.5,22.5
31,Isobaths,Isobath_shell,1.150632427,103.9131995,22.5,22.5
31,Isobaths,Isobath_shell,1.149709974,103.9138264,22.5,22.5
31,Isobaths,Isobath_shell,1.149547188,103.9139202,22.5,22.5
31,Isobaths,Isobath_shell,1.149511014,103.9139367,22.5,22.5
31,Isobaths,Isobath_shell,1.149420577,103.9139611,22.5,22.5
31,Isobaths,Isobath_shell,1.149378373,103.9139881,22.5,22.5
31,Isobaths,Isobath_shell,1.149359082,103.914024,22.5,22.5
31,Isobaths,Isobath_shell,1.149364743,103.9141318,22.5,22.5
31,Isobaths,Isobath_shell,1.149358513,103.9142936,22.5,22.5
31,Isobaths,Isobath_shell,1.149358751,103.9147069,22.5,22.5
31,Isobaths,Isobath_shell,1.149354257,103.9147788,22.5,22.5
31,Isobaths,Isobath_shell,1.14932553,103.9149225,22.5,22.5
31,Isobaths,Isobath_shell,1.149296325,103.9151202,22.5,22.5
31,Isobaths,Isobath_shell,1.149285618,103.9151382,22.5,22.5
31,Isobaths,Isobath_shell,1.149261748,103.9151561,22.5,22.5
31,Isobaths,Isobath_shell,1.149221617,103.9151705,22.5,22.5
31,Isobaths,Isobath_shell,1.149076918,103.9151854,22.5,22.5
31,Isobaths,Isobath_shell,1.148642822,103.9151887,22.5,22.5
31,Isobaths,Isobath_shell,1.148606648,103.9151766,22.5,22.5
31,Isobaths,Isobath_shell,1.14858856,103.9151606,22.5,22.5
31,Isobaths,Isobath_shell,1.14854573,103.9150843,22.5,22.5
31,Isobaths,Isobath_shell,1.148512661,103.9150483,22.5,22.5
31,Isobaths,Isobath_shell,1.148461949,103.9150197,22.5,22.5
31,Isobaths,Isobath_shell,1.148396978,103.9149944,22.5,22.5
31,Isobaths,Isobath_shell,1.147467147,103.9147716,22.5,22.5
31,Isobaths,Isobath_shell,1.14737671,103.9147594,22.5,22.5
31,Isobaths,Isobath_shell,1.147250099,103.9147534,22.5,22.5
31,Isobaths,Isobath_shell,1.147218059,103.9147428,22.5,22.5
31,Isobaths,Isobath_shell,1.147193624,103.9147249,22.5,22.5
31,Isobaths,Isobath_shell,1.147169736,103.9146889,22.5,22.5
31,Isobaths,Isobath_shell,1.147157959,103.914653,22.5,22.5
31,Isobaths,Isobath_shell,1.147145398,103.9144912,22.5,22.5
32,Isobaths,Isobath_shell,1.139660919,103.9166656,22.5,22.5
32,Isobaths,Isobath_shell,1.139663913,103.9165758,22.5,22.5
32,Isobaths,Isobath_shell,1.139675687,103.9164859,22.5,22.5
32,Isobaths,Isobath_shell,1.1396896,103.9164438,22.5,22.5
32,Isobaths,Isobath_shell,1.139707688,103.9164315,22.5,22.5
32,Isobaths,Isobath_shell,1.139743862,103.9164423,22.5,22.5
32,Isobaths,Isobath_shell,1.139816212,103.9164991,22.5,22.5
32,Isobaths,Isobath_shell,1.140119888,103.9168273,22.5,22.5
32,Isobaths,Isobath_shell,1.140302586,103.9169891,22.5,22.5
32,Isobaths,Isobath_shell,1.140398938,103.9171328,22.5,22.5
32,Isobaths,Isobath_shell,1.140450043,103.9172227,22.5,22.5
32,Isobaths,Isobath_shell,1.140469429,103.9172766,22.5,22.5
32,Isobaths,Isobath_shell,1.140467355,103.9173161,22.5,22.5
32,Isobaths,Isobath_shell,1.140449268,103.9173411,22.5,22.5
32,Isobaths,Isobath_shell,1.14043118,103.9173514,22.5,22.5
32,Isobaths,Isobath_shell,1.140395006,103.9173603,22.5,22.5
32,Isobaths,Isobath_shell,1.140340744,103.9173618,22.5,22.5
32,Isobaths,Isobath_shell,1.140051347,103.9173128,22.5,22.5
32,Isobaths,Isobath_shell,1.139798124,103.9173187,22.5,22.5
32,Isobaths,Isobath_shell,1.139743862,103.9173042,22.5,22.5
32,Isobaths,Isobath_shell,1.139708291,103.9172766,22.5,22.5
32,Isobaths,Isobath_shell,1.139680255,103.9172227,22.5,22.5
32,Isobaths,Isobath_shell,1.139670996,103.9171688,22.5,22.5
32,Isobaths,Isobath_shell,1.139660919,103.9166656,22.5,22.5
33,Isobaths,Isobath_shell,1.150089808,103.904306,22.5,22.5
33,Isobaths,Isobath_shell,1.150089808,103.9042663,22.5,22.5
33,Isobaths,Isobath_shell,1.150107895,103.9042663,22.5,22.5
33,Isobaths,Isobath_shell,1.150107895,103.9042304,22.5,22.5
33,Isobaths,Isobath_shell,1.150125982,103.9042304,22.5,22.5
33,Isobaths,Isobath_shell,1.150125982,103.9041945,22.5,22.5
33,Isobaths,Isobath_shell,1.15014407,103.9041945,22.5,22.5
33,Isobaths,Isobath_shell,1.15014407,103.9041406,22.5,22.5
33,Isobaths,Isobath_shell,1.150162157,103.9041406,22.5,22.5
33,Isobaths,Isobath_shell,1.150162157,103.9041046,22.5,22.5
33,Isobaths,Isobath_shell,1.150180244,103.9041046,22.5,22.5
33,Isobaths,Isobath_shell,1.150180244,103.9040687,22.5,22.5
33,Isobaths,Isobath_shell,1.150198332,103.9040687,22.5,22.5
33,Isobaths,Isobath_shell,1.150198332,103.9040598,22.5,22.5
33,Isobaths,Isobath_shell,1.150252594,103.9040671,22.5,22.5
33,Isobaths,Isobath_shell,1.150288768,103.9040805,22.5,22.5
33,Isobaths,Isobath_shell,1.150306856,103.9040786,22.5,22.5
33,Isobaths,Isobath_shell,1.150596253,103.9039634,22.5,22.5
33,Isobaths,Isobath_shell,1.150650515,103.9039609,22.5,22.5
33,Isobaths,Isobath_shell,1.150686689,103.9039718,22.5,22.5
33,Isobaths,Isobath_shell,1.150704776,103.9039836,22.5,22.5
33,Isobaths,Isobath_shell,1.150731844,103.9040148,22.5,22.5
33,Isobaths,Isobath_shell,1.150759727,103.9040687,22.5,22.5
33,Isobaths,Isobath_shell,1.150775959,103.9041406,22.5,22.5
33,Isobaths,Isobath_shell,1.150786294,103.9041585,22.5,22.5
33,Isobaths,Isobath_shell,1.1508133,103.9041852,22.5,22.5
33,Isobaths,Isobath_shell,1.15088565,103.9042245,22.5,22.5
33,Isobaths,Isobath_shell,1.151066523,103.9042795,22.5,22.5
33,Isobaths,Isobath_shell,1.151120785,103.904307,22.5,22.5
33,Isobaths,Isobath_shell,1.151247396,103.9044034,22.5,22.5
33,Isobaths,Isobath_shell,1.151337833,103.904485,22.5,22.5
33,Isobaths,Isobath_shell,1.151509931,103.9045898,22.5,22.5
33,Isobaths,Isobath_shell,1.15155488,103.9046402,22.5,22.5
33,Isobaths,Isobath_shell,1.151592131,103.9046976,22.5,22.5
33,Isobaths,Isobath_shell,1.15162723,103.9047318,22.5,22.5
33,Isobaths,Isobath_shell,1.151844277,103.9048279,22.5,22.5
33,Isobaths,Isobath_shell,1.152206024,103.9049502,22.5,22.5
33,Isobaths,Isobath_shell,1.152242198,103.9049516,22.5,22.5
33,Isobaths,Isobath_shell,1.152265693,103.9049312,22.5,22.5
33,Isobaths,Isobath_shell,1.152279953,103.9048953,22.5,22.5
33,Isobaths,Isobath_shell,1.152299811,103.9047875,22.5,22.5
33,Isobaths,Isobath_shell,1.152312807,103.9047515,22.5,22.5
33,Isobaths,Isobath_shell,1.152335069,103.9047156,22.5,22.5
33,Isobaths,Isobath_shell,1.152350722,103.9046973,22.5,22.5
33,Isobaths,Isobath_shell,1.152386897,103.9046717,22.5,22.5
33,Isobaths,Isobath_shell,1.152441159,103.90466,22.5,22.5
33,Isobaths,Isobath_shell,1.152495421,103.9046747,22.5,22.5
33,Isobaths,Isobath_shell,1.152531595,103.9047011,22.5,22.5
33,Isobaths,Isobath_shell,1.152623885,103.9047515,22.5,22.5
33,Isobaths,Isobath_shell,1.152652912,103.9047875,22.5,22.5
33,Isobaths,Isobath_shell,1.152676294,103.9048513,22.5,22.5
33,Isobaths,Isobath_shell,1.152694381,103.904883,22.5,22.5
33,Isobaths,Isobath_shell,1.152730556,103.9049134,22.5,22.5
33,Isobaths,Isobath_shell,1.152784818,103.9049196,22.5,22.5
33,Isobaths,Isobath_shell,1.152820992,103.9049104,22.5,22.5
33,Isobaths,Isobath_shell,1.15283908,103.904913,22.5,22.5
33,Isobaths,Isobath_shell,1.152893342,103.9049324,22.5,22.5
33,Isobaths,Isobath_shell,1.153001866,103.9049507,22.5,22.5
33,Isobaths,Isobath_shell,1.153218913,103.9050098,22.5,22.5
33,Isobaths,Isobath_shell,1.153284829,103.9050391,22.5,22.5
33,Isobaths,Isobath_shell,1.153363612,103.9050922,22.5,22.5
33,Isobaths,Isobath_shell,1.153399787,103.9050896,22.5,22.5
33,Isobaths,Isobath_shell,1.1535284,103.9049672,22.5,22.5
33,Isobaths,Isobath_shell,1.153546337,103.9049312,22.5,22.5
33,Isobaths,Isobath_shell,1.15355306,103.9048773,22.5,22.5
33,Isobaths,Isobath_shell,1.153546886,103.9047695,22.5,22.5
33,Isobaths,Isobath_shell,1.153525818,103.9046257,22.5,22.5
33,Isobaths,Isobath_shell,1.153525819,103.9045359,22.5,22.5
33,Isobaths,Isobath_shell,1.153581289,103.9043562,22.5,22.5
33,Isobaths,Isobath_shell,1.153595423,103.9042843,22.5,22.5
33,Isobaths,Isobath_shell,1.15359997,103.9042304,22.5,22.5
33,Isobaths,Isobath_shell,1.15359925,103.9041226,22.5,22.5
33,Isobaths,Isobath_shell,1.15357637,103.9039249,22.5,22.5
33,Isobaths,Isobath_shell,1.153578982,103.903871,22.5,22.5
33,Isobaths,Isobath_shell,1.153594225,103.9037632,22.5,22.5
33,Isobaths,Isobath_shell,1.153591834,103.9036554,22.5,22.5
33,Isobaths,Isobath_shell,1.153571389,103.9035655,22.5,22.5
33,Isobaths,Isobath_shell,1.153528965,103.9034757,22.5,22.5
33,Isobaths,Isobath_shell,1.153453465,103.9033858,22.5,22.5
33,Isobaths,Isobath_shell,1.153374358,103.9033139,22.5,22.5
33,Isobaths,Isobath_shell,1.15335019,103.903278,22.5,22.5
33,Isobaths,Isobath_shell,1.153338816,103.9032421,22.5,22.5
33,Isobaths,Isobath_shell,1.153273175,103.9031609,22.5,22.5
33,Isobaths,Isobath_shell,1.153233376,103.9030983,22.5,22.5
33,Isobaths,Isobath_shell,1.153207296,103.9030264,22.5,22.5
33,Isobaths,Isobath_shell,1.153194371,103.9029545,22.5,22.5
33,Isobaths,Isobath_shell,1.153098522,103.9027209,22.5,22.5
33,Isobaths,Isobath_shell,1.153060323,103.9025772,22.5,22.5
33,Isobaths,Isobath_shell,1.153013608,103.9024693,22.5,22.5
33,Isobaths,Isobath_shell,1.152951601,103.9023076,22.5,22.5
33,Isobaths,Isobath_shell,1.152926768,103.9021998,22.5,22.5
33,Isobaths,Isobath_shell,1.152890816,103.902074,22.5,22.5
33,Isobaths,Isobath_shell,1.152872149,103.9019482,22.5,22.5
33,Isobaths,Isobath_shell,1.152871505,103.9018763,22.5,22.5
33,Isobaths,Isobath_shell,1.152877372,103.9018045,22.5,22.5
33,Isobaths,Isobath_shell,1.152893204,103.9017326,22.5,22.5
33,Isobaths,Isobath_shell,1.152911429,103.9016823,22.5,22.5
33,Isobaths,Isobath_shell,1.152963712,103.9015709,22.5,22.5
33,Isobaths,Isobath_shell,1.15303804,103.9014685,22.5,22.5
33,Isobaths,Isobath_shell,1.153094226,103.9013552,22.5,22.5
33,Isobaths,Isobath_shell,1.153164651,103.9012294,22.5,22.5
33,Isobaths,Isobath_shell,1.153256301,103.9009958,22.5,22.5
33,Isobaths,Isobath_shell,1.153281681,103.900888,22.5,22.5
33,Isobaths,Isobath_shell,1.153291993,103.9008161,22.5,22.5
33,Isobaths,Isobath_shell,1.153291649,103.9007622,22.5,22.5
33,Isobaths,Isobath_shell,1.153259775,103.9006184,22.5,22.5
33,Isobaths,Isobath_shell,1.15326306,103.9005825,22.5,22.5
33,Isobaths,Isobath_shell,1.153259705,103.9004927,22.5,22.5
33,Isobaths,Isobath_shell,1.153240412,103.9004028,22.5,22.5
33,Isobaths,Isobath_shell,1.15322668,103.9001872,22.5,22.5
33,Isobaths,Isobath_shell,1.153229543,103.9000614,22.5,22.5
33,Isobaths,Isobath_shell,1.15324031,103.8999715,22.5,22.5
33,Isobaths,Isobath_shell,1.153256489,103.8998817,22.5,22.5
33,Isobaths,Isobath_shell,1.153281612,103.8997918,22.5,22.5
33,Isobaths,Isobath_shell,1.153336228,103.8996481,22.5,22.5
33,Isobaths,Isobath_shell,1.153359248,103.8995582,22.5,22.5
33,Isobaths,Isobath_shell,1.153377694,103.8995043,22.5,22.5
33,Isobaths,Isobath_shell,1.153437469,103.8993965,22.5,22.5
33,Isobaths,Isobath_shell,1.153512315,103.8993066,22.5,22.5
33,Isobaths,Isobath_shell,1.153552982,103.8992168,22.5,22.5
33,Isobaths,Isobath_shell,1.153582125,103.8991269,22.5,22.5
33,Isobaths,Isobath_shell,1.153605339,103.8990371,22.5,22.5
33,Isobaths,Isobath_shell,1.153638504,103.8988754,22.5,22.5
33,Isobaths,Isobath_shell,1.153654531,103.8988214,22.5,22.5
33,Isobaths,Isobath_shell,1.153693956,103.8987496,22.5,22.5
33,Isobaths,Isobath_shell,1.153781044,103.8986238,22.5,22.5
33,Isobaths,Isobath_shell,1.153888144,103.8984437,22.5,22.5
33,Isobaths,Isobath_shell,1.153942406,103.8983653,22.5,22.5
33,Isobaths,Isobath_shell,1.154105192,103.8981959,22.5,22.5
33,Isobaths,Isobath_shell,1.154275449,103.8980667,22.5,22.5
33,Isobaths,Isobath_shell,1.154321859,103.8980128,22.5,22.5
33,Isobaths,Isobath_shell,1.154394589,103.8979422,22.5,22.5
33,Isobaths,Isobath_shell,1.154448851,103.8979235,22.5,22.5
33,Isobaths,Isobath_shell,1.154485026,103.8978952,22.5,22.5
33,Isobaths,Isobath_shell,1.154504307,103.897869,22.5,22.5
33,Isobaths,Isobath_shell,1.154539287,103.8977785,22.5,22.5
33,Isobaths,Isobath_shell,1.15461485,103.8977073,22.5,22.5
33,Isobaths,Isobath_shell,1.154809117,103.8975636,22.5,22.5
33,Isobaths,Isobath_shell,1.154919121,103.8974644,22.5,22.5
33,Isobaths,Isobath_shell,1.155027645,103.8973992,22.5,22.5
33,Isobaths,Isobath_shell,1.155208518,103.8972628,22.5,22.5
33,Isobaths,Isobath_shell,1.155443653,103.89712,22.5,22.5
33,Isobaths,Isobath_shell,1.155479828,103.8970784,22.5,22.5
33,Isobaths,Isobath_shell,1.15548913,103.8970604,22.5,22.5
33,Isobaths,Isobath_shell,1.155491983,103.8970424,22.5,22.5
33,Isobaths,Isobath_shell,1.155497915,103.8970245,22.5,22.5
33,Isobaths,Isobath_shell,1.155497915,103.8970065,22.5,22.5
33,Isobaths,Isobath_shell,1.155516003,103.8970065,22.5,22.5
33,Isobaths,Isobath_shell,1.155552177,103.8970424,22.5,22.5
33,Isobaths,Isobath_shell,1.155570264,103.8970424,22.5,22.5
33,Isobaths,Isobath_shell,1.155588352,103.8970604,22.5,22.5
33,Isobaths,Isobath_shell,1.155624526,103.8970963,22.5,22.5
33,Isobaths,Isobath_shell,1.155642614,103.8970963,22.5,22.5
33,Isobaths,Isobath_shell,1.155660701,103.8971143,22.5,22.5
33,Isobaths,Isobath_shell,1.155678788,103.8971323,22.5,22.5
33,Isobaths,Isobath_shell,1.155696876,103.8971323,22.5,22.5
33,Isobaths,Isobath_shell,1.15573305,103.8971682,22.5,22.5
33,Isobaths,Isobath_shell,1.155751138,103.8971682,22.5,22.5
33,Isobaths,Isobath_shell,1.155787312,103.8972042,22.5,22.5
33,Isobaths,Isobath_shell,1.1558054,103.8972042,22.5,22.5
33,Isobaths,Isobath_shell,1.155823487,103.8972221,22.5,22.5
33,Isobaths,Isobath_shell,1.155823487,103.8972401,22.5,22.5
33,Isobaths,Isobath_shell,1.155814131,103.8972581,22.5,22.5
33,Isobaths,Isobath_shell,1.155809797,103.897276,22.5,22.5
33,Isobaths,Isobath_shell,1.155788467,103.897312,22.5,22.5
33,Isobaths,Isobath_shell,1.155751138,103.8973472,22.5,22.5
33,Isobaths,Isobath_shell,1.155552177,103.8974705,22.5,22.5
33,Isobaths,Isobath_shell,1.155375323,103.8975995,22.5,22.5
33,Isobaths,Isobath_shell,1.155143002,103.8977253,22.5,22.5
33,Isobaths,Isobath_shell,1.155009558,103.8978226,22.5,22.5
33,Isobaths,Isobath_shell,1.154864859,103.8979154,22.5,22.5
33,Isobaths,Isobath_shell,1.154828685,103.8979542,22.5,22.5
33,Isobaths,Isobath_shell,1.154738248,103.8980703,22.5,22.5
33,Isobaths,Isobath_shell,1.15466626,103.8981386,22.5,22.5
33,Isobaths,Isobath_shell,1.154645481,103.8981745,22.5,22.5
33,Isobaths,Isobath_shell,1.15459061,103.8983003,22.5,22.5
33,Isobaths,Isobath_shell,1.154549964,103.8983363,22.5,22.5
33,Isobaths,Isobath_shell,1.1545212,103.8983517,22.5,22.5
33,Isobaths,Isobath_shell,1.154448851,103.8983505,22.5,22.5
33,Isobaths,Isobath_shell,1.154376502,103.8983592,22.5,22.5
33,Isobaths,Isobath_shell,1.154282743,103.8984621,22.5,22.5
33,Isobaths,Isobath_shell,1.154217271,103.8985699,22.5,22.5
33,Isobaths,Isobath_shell,1.154188119,103.8986058,22.5,22.5
33,Isobaths,Isobath_shell,1.153996668,103.8987931,22.5,22.5
33,Isobaths,Isobath_shell,1.153926185,103.8988933,22.5,22.5
33,Isobaths,Isobath_shell,1.153884495,103.8989832,22.5,22.5
33,Isobaths,Isobath_shell,1.153856926,103.899073,22.5,22.5
33,Isobaths,Isobath_shell,1.153825448,103.8992168,22.5,22.5
33,Isobaths,Isobath_shell,1.153769919,103.8993426,22.5,22.5
33,Isobaths,Isobath_shell,1.153706026,103.8995043,22.5,22.5
33,Isobaths,Isobath_shell,1.153696639,103.8995402,22.5,22.5
33,Isobaths,Isobath_shell,1.153624447,103.8997379,22.5,22.5
33,Isobaths,Isobath_shell,1.153583409,103.8998817,22.5,22.5
33,Isobaths,Isobath_shell,1.153546997,103.8999536,22.5,22.5
33,Isobaths,Isobath_shell,1.153535324,103.8999895,22.5,22.5
33,Isobaths,Isobath_shell,1.15351141,103.9001512,22.5,22.5
33,Isobaths,Isobath_shell,1.153511161,103.900295,22.5,22.5
33,Isobaths,Isobath_shell,1.153492692,103.9004387,22.5,22.5
33,Isobaths,Isobath_shell,1.153488213,103.9005106,22.5,22.5
33,Isobaths,Isobath_shell,1.15349267,103.9005645,22.5,22.5
33,Isobaths,Isobath_shell,1.153519985,103.9006724,22.5,22.5
33,Isobaths,Isobath_shell,1.15352623,103.9007622,22.5,22.5
33,Isobaths,Isobath_shell,1.153518622,103.90087,22.5,22.5
33,Isobaths,Isobath_shell,1.153491734,103.9010318,22.5,22.5
33,Isobaths,Isobath_shell,1.153487393,103.9011396,22.5,22.5
33,Isobaths,Isobath_shell,1.153418044,103.9013372,22.5,22.5
33,Isobaths,Isobath_shell,1.153384236,103.9013912,22.5,22.5
33,Isobaths,Isobath_shell,1.153349934,103.901481,22.5,22.5
33,Isobaths,Isobath_shell,1.153321236,103.9015349,22.5,22.5
33,Isobaths,Isobath_shell,1.153223402,103.9016787,22.5,22.5
33,Isobaths,Isobath_shell,1.153140413,103.9018404,22.5,22.5
33,Isobaths,Isobath_shell,1.15312939,103.9018763,22.5,22.5
33,Isobaths,Isobath_shell,1.153118954,103.9019482,22.5,22.5
33,Isobaths,Isobath_shell,1.153113412,103.902056,22.5,22.5
33,Isobaths,Isobath_shell,1.1531569,103.9023256,22.5,22.5
33,Isobaths,Isobath_shell,1.153179983,103.9023975,22.5,22.5
33,Isobaths,Isobath_shell,1.153235137,103.9025412,22.5,22.5
33,Isobaths,Isobath_shell,1.153274644,103.902667,22.5,22.5
33,Isobaths,Isobath_shell,1.153297821,103.9027209,22.5,22.5
33,Isobaths,Isobath_shell,1.153327437,103.9027475,22.5,22.5
33,Isobaths,Isobath_shell,1.153427943,103.9027928,22.5,22.5
33,Isobaths,Isobath_shell,1.153543337,103.9028647,22.5,22.5
33,Isobaths,Isobath_shell,1.153623923,103.9029366,22.5,22.5
33,Isobaths,Isobath_shell,1.153662864,103.9029905,22.5,22.5
33,Isobaths,Isobath_shell,1.153707822,103.9031163,22.5,22.5
33,Isobaths,Isobath_shell,1.153754279,103.9032241,22.5,22.5
33,Isobaths,Isobath_shell,1.153818245,103.9033319,22.5,22.5
33,Isobaths,Isobath_shell,1.153875168,103.9034038,22.5,22.5
33,Isobaths,Isobath_shell,1.153989905,103.9035116,22.5,22.5
33,Isobaths,Isobath_shell,1.154004532,103.9035296,22.5,22.5
33,Isobaths,Isobath_shell,1.154009922,103.9035475,22.5,22.5
33,Isobaths,Isobath_shell,1.153996234,103.9035835,22.5,22.5
33,Isobaths,Isobath_shell,1.153963733,103.9036194,22.5,22.5
33,Isobaths,Isobath_shell,1.153833882,103.9037079,22.5,22.5
33,Isobaths,Isobath_shell,1.153797708,103.9037417,22.5,22.5
33,Isobaths,Isobath_shell,1.153767146,103.9037991,22.5,22.5
33,Isobaths,Isobath_shell,1.15375079,103.903871,22.5,22.5
33,Isobaths,Isobath_shell,1.153740054,103.9039609,22.5,22.5
33,Isobaths,Isobath_shell,1.153749303,103.9041585,22.5,22.5
33,Isobaths,Isobath_shell,1.153742886,103.9042663,22.5,22.5
33,Isobaths,Isobath_shell,1.153716665,103.9043742,22.5,22.5
33,Isobaths,Isobath_shell,1.153660706,103.9045359,22.5,22.5
33,Isobaths,Isobath_shell,1.153655597,103.9045718,22.5,22.5
33,Isobaths,Isobath_shell,1.153657185,103.9046257,22.5,22.5
33,Isobaths,Isobath_shell,1.153668572,103.9046797,22.5,22.5
33,Isobaths,Isobath_shell,1.153705532,103.9047875,22.5,22.5
33,Isobaths,Isobath_shell,1.153743446,103.9048566,22.5,22.5
33,Isobaths,Isobath_shell,1.153797708,103.9049072,22.5,22.5
33,Isobaths,Isobath_shell,1.15387924,103.9049492,22.5,22.5
33,Isobaths,Isobath_shell,1.15389997,103.9049672,22.5,22.5
33,Isobaths,Isobath_shell,1.153910375,103.9049851,22.5,22.5
33,Isobaths,Isobath_shell,1.153912153,103.9050031,22.5,22.5
33,Isobaths,Isobath_shell,1.153906231,103.9050377,22.5,22.5
33,Isobaths,Isobath_shell,1.153706288,103.9056141,22.5,22.5
33,Isobaths,Isobath_shell,1.153671096,103.9057135,22.5,22.5
33,Isobaths,Isobath_shell,1.153653009,103.9057479,22.5,22.5
33,Isobaths,Isobath_shell,1.153634922,103.9057652,22.5,22.5
33,Isobaths,Isobath_shell,1.153616834,103.9057726,22.5,22.5
33,Isobaths,Isobath_shell,1.153562572,103.9057636,22.5,22.5
33,Isobaths,Isobath_shell,1.153106384,103.9054883,22.5,22.5
33,Isobaths,Isobath_shell,1.153089772,103.9054703,22.5,22.5
33,Isobaths,Isobath_shell,1.153075972,103.9054344,22.5,22.5
33,Isobaths,Isobath_shell,1.153072824,103.9053985,22.5,22.5
33,Isobaths,Isobath_shell,1.153076401,103.9053086,22.5,22.5
33,Isobaths,Isobath_shell,1.153072109,103.9052727,22.5,22.5
33,Isobaths,Isobath_shell,1.153056128,103.9052481,22.5,22.5
33,Isobaths,Isobath_shell,1.15303804,103.9052388,22.5,22.5
33,Isobaths,Isobath_shell,1.152965691,103.9052188,22.5,22.5
33,Isobaths,Isobath_shell,1.152911429,103.9052121,22.5,22.5
33,Isobaths,Isobath_shell,1.15283908,103.9052214,22.5,22.5
33,Isobaths,Isobath_shell,1.152694381,103.9052625,22.5,22.5
33,Isobaths,Isobath_shell,1.152658207,103.9052619,22.5,22.5
33,Isobaths,Isobath_shell,1.152640119,103.9052529,22.5,22.5
33,Isobaths,Isobath_shell,1.152610056,103.9052008,22.5,22.5
33,Isobaths,Isobath_shell,1.152581972,103.9051109,22.5,22.5
33,Isobaths,Isobath_shell,1.152542062,103.9049312,22.5,22.5
33,Isobaths,Isobath_shell,1.152530701,103.9048414,22.5,22.5
33,Isobaths,Isobath_shell,1.152513508,103.9048101,22.5,22.5
33,Isobaths,Isobath_shell,1.152495421,103.9048001,22.5,22.5
33,Isobaths,Isobath_shell,1.152477333,103.9047975,22.5,22.5
33,Isobaths,Isobath_shell,1.152453004,103.9048054,22.5,22.5
33,Isobaths,Isobath_shell,1.152441159,103.9048205,22.5,22.5
33,Isobaths,Isobath_shell,1.15243503,103.9048414,22.5,22.5
33,Isobaths,Isobath_shell,1.152432544,103.9051469,22.5,22.5
33,Isobaths,Isobath_shell,1.152423072,103.9052239,22.5,22.5
33,Isobaths,Isobath_shell,1.152404984,103.9052585,22.5,22.5
33,Isobaths,Isobath_shell,1.152386897,103.9052705,22.5,22.5
33,Isobaths,Isobath_shell,1.152350722,103.9052697,22.5,22.5
33,Isobaths,Isobath_shell,1.152224111,103.9052224,22.5,22.5
33,Isobaths,Isobath_shell,1.1520975,103.9051628,22.5,22.5
33,Isobaths,Isobath_shell,1.151518706,103.904841,22.5,22.5
33,Isobaths,Isobath_shell,1.151482388,103.9048054,22.5,22.5
33,Isobaths,Isobath_shell,1.151472262,103.9047695,22.5,22.5
33,Isobaths,Isobath_shell,1.151467416,103.9046976,22.5,22.5
33,Isobaths,Isobath_shell,1.151446356,103.9046674,22.5,22.5
33,Isobaths,Isobath_shell,1.151283571,103.9045795,22.5,22.5
33,Isobaths,Isobath_shell,1.15124839,103.9045539,22.5,22.5
33,Isobaths,Isobath_shell,1.151173052,103.904482,22.5,22.5
33,Isobaths,Isobath_shell,1.15108461,103.9044332,22.5,22.5
33,Isobaths,Isobath_shell,1.150903737,103.9043796,22.5,22.5
33,Isobaths,Isobath_shell,1.150596253,103.9043066,22.5,22.5
33,Isobaths,Isobath_shell,1.15056469,103.9042843,22.5,22.5
33,Isobaths,Isobath_shell,1.150523903,103.9042151,22.5,22.5
33,Isobaths,Isobath_shell,1.150505816,103.9042027,22.5,22.5
33,Isobaths,Isobath_shell,1.150487729,103.9042001,22.5,22.5
33,Isobaths,Isobath_shell,1.150433467,103.9042151,22.5,22.5
33,Isobaths,Isobath_shell,1.150198332,103.904312,22.5,22.5
33,Isobaths,Isobath_shell,1.150089808,103.904306,22.5,22.5
34,Isobaths,Isobath_shell,1.138043654,103.9171508,22.5,22.5
34,Isobaths,Isobath_shell,1.138043654,103.9171328,22.5,22.5
34,Isobaths,Isobath_shell,1.138061742,103.9171328,22.5,22.5
34,Isobaths,Isobath_shell,1.138061742,103.9171149,22.5,22.5
34,Isobaths,Isobath_shell,1.138079829,103.9171149,22.5,22.5
34,Isobaths,Isobath_shell,1.138079829,103.9170969,22.5,22.5
34,Isobaths,Isobath_shell,1.138097916,103.9170969,22.5,22.5
34,Isobaths,Isobath_shell,1.138097916,103.9170789,22.5,22.5
34,Isobaths,Isobath_shell,1.138116004,103.9170789,22.5,22.5
34,Isobaths,Isobath_shell,1.138116004,103.9170609,22.5,22.5
34,Isobaths,Isobath_shell,1.138134091,103.9170609,22.5,22.5
34,Isobaths,Isobath_shell,1.138134091,103.917025,22.5,22.5
34,Isobaths,Isobath_shell,1.138152178,103.917025,22.5,22.5
34,Isobaths,Isobath_shell,1.138152178,103.917007,22.5,22.5
34,Isobaths,Isobath_shell,1.138170266,103.917007,22.5,22.5
34,Isobaths,Isobath_shell,1.138170266,103.9169891,22.5,22.5
34,Isobaths,Isobath_shell,1.138188353,103.9169891,22.5,22.5
34,Isobaths,Isobath_shell,1.138188353,103.9169711,22.5,22.5
34,Isobaths,Isobath_shell,1.13820644,103.9169711,22.5,22.5
34,Isobaths,Isobath_shell,1.13820644,103.9169352,22.5,22.5
34,Isobaths,Isobath_shell,1.138224528,103.9169352,22.5,22.5
34,Isobaths,Isobath_shell,1.138224528,103.9169172,22.5,22.5
34,Isobaths,Isobath_shell,1.138242615,103.9169172,22.5,22.5
34,Isobaths,Isobath_shell,1.138242615,103.9168992,22.5,22.5
34,Isobaths,Isobath_shell,1.138260702,103.9168992,22.5,22.5
34,Isobaths,Isobath_shell,1.138260702,103.9168812,22.5,22.5
34,Isobaths,Isobath_shell,1.13827879,103.9168812,22.5,22.5
34,Isobaths,Isobath_shell,1.13827879,103.9168453,22.5,22.5
34,Isobaths,Isobath_shell,1.138296877,103.9168453,22.5,22.5
34,Isobaths,Isobath_shell,1.138296877,103.9168273,22.5,22.5
34,Isobaths,Isobath_shell,1.138314964,103.9168273,22.5,22.5
34,Isobaths,Isobath_shell,1.138314964,103.9168094,22.5,22.5
34,Isobaths,Isobath_shell,1.138333052,103.9168094,22.5,22.5
34,Isobaths,Isobath_shell,1.138333052,103.9167914,22.5,22.5
34,Isobaths,Isobath_shell,1.138351139,103.9167914,22.5,22.5
34,Isobaths,Isobath_shell,1.138351139,103.9167555,22.5,22.5
34,Isobaths,Isobath_shell,1.138369226,103.9167555,22.5,22.5
34,Isobaths,Isobath_shell,1.138369226,103.9167375,22.5,22.5
34,Isobaths,Isobath_shell,1.138387314,103.9167375,22.5,22.5
34,Isobaths,Isobath_shell,1.138387314,103.9167195,22.5,22.5
34,Isobaths,Isobath_shell,1.138405401,103.9167195,22.5,22.5
34,Isobaths,Isobath_shell,1.138405401,103.9167015,22.5,22.5
34,Isobaths,Isobath_shell,1.138423488,103.9167015,22.5,22.5
34,Isobaths,Isobath_shell,1.138423488,103.9166656,22.5,22.5
34,Isobaths,Isobath_shell,1.138441575,103.9166656,22.5,22.5
34,Isobaths,Isobath_shell,1.138441575,103.9166476,22.5,22.5
34,Isobaths,Isobath_shell,1.138459663,103.9166476,22.5,22.5
34,Isobaths,Isobath_shell,1.138459663,103.9166297,22.5,22.5
34,Isobaths,Isobath_shell,1.13847775,103.9166297,22.5,22.5
34,Isobaths,Isobath_shell,1.13847775,103.9166117,22.5,22.5
34,Isobaths,Isobath_shell,1.138495837,103.9166117,22.5,22.5
34,Isobaths,Isobath_shell,1.138495837,103.9165758,22.5,22.5
34,Isobaths,Isobath_shell,1.138513925,103.9165758,22.5,22.5
34,Isobaths,Isobath_shell,1.138513925,103.9165578,22.5,22.5
34,Isobaths,Isobath_shell,1.138532012,103.9165578,22.5,22.5
34,Isobaths,Isobath_shell,1.138532012,103.9165398,22.5,22.5
34,Isobaths,Isobath_shell,1.138550099,103.9165398,22.5,22.5
34,Isobaths,Isobath_shell,1.138550099,103.9165218,22.5,22.5
34,Isobaths,Isobath_shell,1.138568187,103.9165218,22.5,22.5
34,Isobaths,Isobath_shell,1.138568187,103.9164859,22.5,22.5
34,Isobaths,Isobath_shell,1.138586274,103.9164859,22.5,22.5
34,Isobaths,Isobath_shell,1.138586274,103.9164679,22.5,22.5
34,Isobaths,Isobath_shell,1.138604361,103.9164679,22.5,22.5
34,Isobaths,Isobath_shell,1.138604361,103.91645,22.5,22.5
34,Isobaths,Isobath_shell,1.138622449,103.91645,22.5,22.5
34,Isobaths,Isobath_shell,1.138622449,103.916432,22.5,22.5
34,Isobaths,Isobath_shell,1.138640536,103.916432,22.5,22.5
34,Isobaths,Isobath_shell,1.138640536,103.9163961,22.5,22.5
34,Isobaths,Isobath_shell,1.138658623,103.9163961,22.5,22.5
34,Isobaths,Isobath_shell,1.138658623,103.9163781,22.5,22.5
34,Isobaths,Isobath_shell,1.138676711,103.9163781,22.5,22.5
34,Isobaths,Isobath_shell,1.138676711,103.9163601,22.5,22.5
34,Isobaths,Isobath_shell,1.138694798,103.9163601,22.5,22.5
34,Isobaths,Isobath_shell,1.138694798,103.9163421,22.5,22.5
34,Isobaths,Isobath_shell,1.138712885,103.9163421,22.5,22.5
34,Isobaths,Isobath_shell,1.138712885,103.9163062,22.5,22.5
34,Isobaths,Isobath_shell,1.138730973,103.9163062,22.5,22.5
34,Isobaths,Isobath_shell,1.138730973,103.9162882,22.5,22.5
34,Isobaths,Isobath_shell,1.13874906,103.9162882,22.5,22.5
34,Isobaths,Isobath_shell,1.13874906,103.9162703,22.5,22.5
34,Isobaths,Isobath_shell,1.138767147,103.9162703,22.5,22.5
34,Isobaths,Isobath_shell,1.138767147,103.9162523,22.5,22.5
34,Isobaths,Isobath_shell,1.138785235,103.9162523,22.5,22.5
34,Isobaths,Isobath_shell,1.138785235,103.9162164,22.5,22.5
34,Isobaths,Isobath_shell,1.138803322,103.9162164,22.5,22.5
34,Isobaths,Isobath_shell,1.138803322,103.9161984,22.5,22.5
34,Isobaths,Isobath_shell,1.138821409,103.9161984,22.5,22.5
34,Isobaths,Isobath_shell,1.138821409,103.9161804,22.5,22.5
34,Isobaths,Isobath_shell,1.138839496,103.9161804,22.5,22.5
34,Isobaths,Isobath_shell,1.138839496,103.9161984,22.5,22.5
34,Isobaths,Isobath_shell,1.138832261,103.9162164,22.5,22.5
34,Isobaths,Isobath_shell,1.138821409,103.9162643,22.5,22.5
34,Isobaths,Isobath_shell,1.138785235,103.9163581,22.5,22.5
34,Isobaths,Isobath_shell,1.138640536,103.9166885,22.5,22.5
34,Isobaths,Isobath_shell,1.138405401,103.9171828,22.5,22.5
34,Isobaths,Isobath_shell,1.138296877,103.9173709,22.5,22.5
34,Isobaths,Isobath_shell,1.13827879,103.9173924,22.5,22.5
34,Isobaths,Isobath_shell,1.138260702,103.9174026,22.5,22.5
34,Isobaths,Isobath_shell,1.138224528,103.9173976,22.5,22.5
34,Isobaths,Isobath_shell,1.138188353,103.9173705,22.5,22.5
34,Isobaths,Isobath_shell,1.138152178,103.9173105,22.5,22.5
34,Isobaths,Isobath_shell,1.138097916,103.9172835,22.5,22.5
34,Isobaths,Isobath_shell,1.138061742,103.9172835,22.5,22.5
34,Isobaths,Isobath_shell,1.138061742,103.9171688,22.5,22.5
34,Isobaths,Isobath_shell,1.138043654,103.9171508,22.5,22.5
35,Isobaths,Isobath_shell,1.154672584,103.8995402,22.5,22.5
35,Isobaths,Isobath_shell,1.154673103,103.8995223,22.5,22.5
35,Isobaths,Isobath_shell,1.154678174,103.8994863,22.5,22.5
35,Isobaths,Isobath_shell,1.154695432,103.8993965,22.5,22.5
35,Isobaths,Isobath_shell,1.154701447,103.8993426,22.5,22.5
35,Isobaths,Isobath_shell,1.15471185,103.8992168,22.5,22.5
35,Isobaths,Isobath_shell,1.154714874,103.8991449,22.5,22.5
35,Isobaths,Isobath_shell,1.154714773,103.899109,22.5,22.5
35,Isobaths,Isobath_shell,1.154717498,103.899073,22.5,22.5
35,Isobaths,Isobath_shell,1.154729976,103.8990011,22.5,22.5
35,Isobaths,Isobath_shell,1.154746703,103.8989472,22.5,22.5
35,Isobaths,Isobath_shell,1.154750377,103.8989113,22.5,22.5
35,Isobaths,Isobath_shell,1.154762132,103.8988394,22.5,22.5
35,Isobaths,Isobath_shell,1.154774423,103.8988078,22.5,22.5
35,Isobaths,Isobath_shell,1.15479251,103.8987948,22.5,22.5
35,Isobaths,Isobath_shell,1.154810597,103.8987936,22.5,22.5
35,Isobaths,Isobath_shell,1.154828685,103.8988031,22.5,22.5
35,Isobaths,Isobath_shell,1.154846772,103.8988347,22.5,22.5
35,Isobaths,Isobath_shell,1.154859986,103.8988754,22.5,22.5
35,Isobaths,Isobath_shell,1.154894669,103.8990371,22.5,22.5
35,Isobaths,Isobath_shell,1.154913989,103.899109,22.5,22.5
35,Isobaths,Isobath_shell,1.15491501,103.8991269,22.5,22.5
35,Isobaths,Isobath_shell,1.154908702,103.8991808,22.5,22.5
35,Isobaths,Isobath_shell,1.154898193,103.8992348,22.5,22.5
35,Isobaths,Isobath_shell,1.154897155,103.8992707,22.5,22.5
35,Isobaths,Isobath_shell,1.154934253,103.8995582,22.5,22.5
35,Isobaths,Isobath_shell,1.15493788,103.8996301,22.5,22.5
35,Isobaths,Isobath_shell,1.154935053,103.899702,22.5,22.5
35,Isobaths,Isobath_shell,1.154927375,103.8997739,22.5,22.5
35,Isobaths,Isobath_shell,1.154915913,103.8998278,22.5,22.5
35,Isobaths,Isobath_shell,1.154891691,103.8998996,22.5,22.5
35,Isobaths,Isobath_shell,1.154846772,103.9000128,22.5,22.5
35,Isobaths,Isobath_shell,1.15479251,103.9001243,22.5,22.5
35,Isobaths,Isobath_shell,1.154774423,103.9001479,22.5,22.5
35,Isobaths,Isobath_shell,1.154756335,103.9001569,22.5,22.5
35,Isobaths,Isobath_shell,1.154738248,103.9001437,22.5,22.5
35,Isobaths,Isobath_shell,1.154728916,103.9001153,22.5,22.5
35,Isobaths,Isobath_shell,1.154725718,103.9000973,22.5,22.5
35,Isobaths,Isobath_shell,1.154721574,103.9000434,22.5,22.5
35,Isobaths,Isobath_shell,1.154714622,103.8999895,22.5,22.5
35,Isobaths,Isobath_shell,1.154709976,103.8999356,22.5,22.5
35,Isobaths,Isobath_shell,1.15470855,103.8998996,22.5,22.5
35,Isobaths,Isobath_shell,1.154709396,103.8998278,22.5,22.5
35,Isobaths,Isobath_shell,1.154707984,103.8997918,22.5,22.5
35,Isobaths,Isobath_shell,1.154692231,103.899684,22.5,22.5
35,Isobaths,Isobath_shell,1.154677253,103.8996121,22.5,22.5
35,Isobaths,Isobath_shell,1.154672584,103.8995402,22.5,22.5
36,Isobaths,Isobath_shell,1.150824903,103.9010138,27.5,27.5
36,Isobaths,Isobath_shell,1.150827271,103.9009599,27.5,27.5
36,Isobaths,Isobath_shell,1.150849475,103.9007991,27.5,27.5
36,Isobaths,Isobath_shell,1.150879951,103.9006544,27.5,27.5
36,Isobaths,Isobath_shell,1.150884042,103.9005825,27.5,27.5
36,Isobaths,Isobath_shell,1.150903737,103.9005165,27.5,27.5
36,Isobaths,Isobath_shell,1.150921824,103.9004858,27.5,27.5
36,Isobaths,Isobath_shell,1.150998332,103.9004567,27.5,27.5
36,Isobaths,Isobath_shell,1.151066523,103.9004137,27.5,27.5
36,Isobaths,Isobath_shell,1.151211221,103.9003716,27.5,27.5
36,Isobaths,Isobath_shell,1.151252156,103.9003669,27.5,27.5
36,Isobaths,Isobath_shell,1.151283571,103.9003783,27.5,27.5
36,Isobaths,Isobath_shell,1.151297106,103.9004028,27.5,27.5
36,Isobaths,Isobath_shell,1.151313502,103.9004747,27.5,27.5
36,Isobaths,Isobath_shell,1.151360572,103.9006005,27.5,27.5
36,Isobaths,Isobath_shell,1.151371706,103.9006724,27.5,27.5
36,Isobaths,Isobath_shell,1.151363927,103.9006903,27.5,27.5
36,Isobaths,Isobath_shell,1.151337833,103.9006999,27.5,27.5
36,Isobaths,Isobath_shell,1.151283571,103.9007015,27.5,27.5
36,Isobaths,Isobath_shell,1.151120785,103.9006793,27.5,27.5
36,Isobaths,Isobath_shell,1.15108461,103.9006801,27.5,27.5
36,Isobaths,Isobath_shell,1.151030348,103.9006874,27.5,27.5
36,Isobaths,Isobath_shell,1.150994174,103.9007039,27.5,27.5
36,Isobaths,Isobath_shell,1.150979768,103.9007263,27.5,27.5
36,Isobaths,Isobath_shell,1.151010572,103.9007981,27.5,27.5
36,Isobaths,Isobath_shell,1.151019413,103.9008521,27.5,27.5
36,Isobaths,Isobath_shell,1.151008111,103.9009239,27.5,27.5
36,Isobaths,Isobath_shell,1.150987946,103.9009958,27.5,27.5
36,Isobaths,Isobath_shell,1.150959504,103.9010497,27.5,27.5
36,Isobaths,Isobath_shell,1.150903737,103.901109,27.5,27.5
36,Isobaths,Isobath_shell,1.150867562,103.9011282,27.5,27.5
36,Isobaths,Isobath_shell,1.150849475,103.9011208,27.5,27.5
36,Isobaths,Isobath_shell,1.150828571,103.9010677,27.5,27.5
36,Isobaths,Isobath_shell,1.150824903,103.9010138,27.5,27.5
37,Isobaths,Isobath_shell,1.150198332,103.9040598,27.5,27.5
37,Isobaths,Isobath_shell,1.150198332,103.9040327,27.5,27.5
37,Isobaths,Isobath_shell,1.150216419,103.9040327,27.5,27.5
37,Isobaths,Isobath_shell,1.150216419,103.9039788,27.5,27.5
37,Isobaths,Isobath_shell,1.150234506,103.9039788,27.5,27.5
37,Isobaths,Isobath_shell,1.150234506,103.9039429,27.5,27.5
37,Isobaths,Isobath_shell,1.150252594,103.9039429,27.5,27.5
37,Isobaths,Isobath_shell,1.150252594,103.9039069,27.5,27.5
37,Isobaths,Isobath_shell,1.150270681,103.9039069,27.5,27.5
37,Isobaths,Isobath_shell,1.150270681,103.903853,27.5,27.5
37,Isobaths,Isobath_shell,1.150288768,103.903853,27.5,27.5
37,Isobaths,Isobath_shell,1.150288768,103.9038171,27.5,27.5
37,Isobaths,Isobath_shell,1.150306856,103.9038171,27.5,27.5
37,Isobaths,Isobath_shell,1.150306856,103.9038128,27.5,27.5
37,Isobaths,Isobath_shell,1.150336101,103.9038171,27.5,27.5
37,Isobaths,Isobath_shell,1.15034303,103.903827,27.5,27.5
37,Isobaths,Isobath_shell,1.150379205,103.9038434,27.5,27.5
37,Isobaths,Isobath_shell,1.150415379,103.903845,27.5,27.5
37,Isobaths,Isobath_shell,1.150578165,103.9037818,27.5,27.5
37,Isobaths,Isobath_shell,1.15061434,103.9037767,27.5,27.5
37,Isobaths,Isobath_shell,1.150668602,103.9037926,27.5,27.5
37,Isobaths,Isobath_shell,1.150740951,103.9038259,27.5,27.5
37,Isobaths,Isobath_shell,1.150939912,103.9038839,27.5,27.5
37,Isobaths,Isobath_shell,1.15109089,103.9039429,27.5,27.5
37,Isobaths,Isobath_shell,1.151124347,103.9039968,27.5,27.5
37,Isobaths,Isobath_shell,1.151121207,103.9040148,27.5,27.5
37,Isobaths,Isobath_shell,1.151086693,103.9040866,27.5,27.5
37,Isobaths,Isobath_shell,1.151104482,103.9041226,27.5,27.5
37,Isobaths,Isobath_shell,1.151283571,103.904217,27.5,27.5
37,Isobaths,Isobath_shell,1.151324815,103.9042663,27.5,27.5
37,Isobaths,Isobath_shell,1.151370378,103.9043382,27.5,27.5
37,Isobaths,Isobath_shell,1.151392094,103.9043644,27.5,27.5
37,Isobaths,Isobath_shell,1.151562457,103.904482,27.5,27.5
37,Isobaths,Isobath_shell,1.151669079,103.9046078,27.5,27.5
37,Isobaths,Isobath_shell,1.151699579,103.9046266,27.5,27.5
37,Isobaths,Isobath_shell,1.151753655,103.9046437,27.5,27.5
37,Isobaths,Isobath_shell,1.152007063,103.9047064,27.5,27.5
37,Isobaths,Isobath_shell,1.152115587,103.9047132,27.5,27.5
37,Isobaths,Isobath_shell,1.152169849,103.9047103,27.5,27.5
37,Isobaths,Isobath_shell,1.152206024,103.9046993,27.5,27.5
37,Isobaths,Isobath_shell,1.15228277,103.9046437,27.5,27.5
37,Isobaths,Isobath_shell,1.152332635,103.9045812,27.5,27.5
37,Isobaths,Isobath_shell,1.15236881,103.9045477,27.5,27.5
37,Isobaths,Isobath_shell,1.152423072,103.9045208,27.5,27.5
37,Isobaths,Isobath_shell,1.152459246,103.9045195,27.5,27.5
37,Isobaths,Isobath_shell,1.152513508,103.9045373,27.5,27.5
37,Isobaths,Isobath_shell,1.152603945,103.9046184,27.5,27.5
37,Isobaths,Isobath_shell,1.152658207,103.904651,27.5,27.5
37,Isobaths,Isobath_shell,1.15289775,103.9047156,27.5,27.5
37,Isobaths,Isobath_shell,1.152965691,103.904745,27.5,27.5
37,Isobaths,Isobath_shell,1.15299544,103.9047695,27.5,27.5
37,Isobaths,Isobath_shell,1.153019953,103.9048221,27.5,27.5
37,Isobaths,Isobath_shell,1.153034984,103.9048414,27.5,27.5
37,Isobaths,Isobath_shell,1.153074215,103.9048682,27.5,27.5
37,Isobaths,Isobath_shell,1.153164651,103.9048962,27.5,27.5
37,Isobaths,Isobath_shell,1.153255088,103.9048933,27.5,27.5
37,Isobaths,Isobath_shell,1.153291263,103.9048816,27.5,27.5
37,Isobaths,Isobath_shell,1.153327162,103.9048594,27.5,27.5
37,Isobaths,Isobath_shell,1.153346055,103.9048414,27.5,27.5
37,Isobaths,Isobath_shell,1.153366088,103.9048054,27.5,27.5
37,Isobaths,Isobath_shell,1.153383058,103.9047336,27.5,27.5
37,Isobaths,Isobath_shell,1.153393413,103.9046437,27.5,27.5
37,Isobaths,Isobath_shell,1.153402213,103.9045179,27.5,27.5
37,Isobaths,Isobath_shell,1.153446149,103.9043742,27.5,27.5
37,Isobaths,Isobath_shell,1.153448633,103.9043562,27.5,27.5
37,Isobaths,Isobath_shell,1.153451941,103.9042843,27.5,27.5
37,Isobaths,Isobath_shell,1.153450925,103.9041226,27.5,27.5
37,Isobaths,Isobath_shell,1.153441213,103.9040327,27.5,27.5
37,Isobaths,Isobath_shell,1.15341542,103.903889,27.5,27.5
37,Isobaths,Isobath_shell,1.153414164,103.9038351,27.5,27.5
37,Isobaths,Isobath_shell,1.153418226,103.9037812,27.5,27.5
37,Isobaths,Isobath_shell,1.153411757,103.9037452,27.5,27.5
37,Isobaths,Isobath_shell,1.153391915,103.9036913,27.5,27.5
37,Isobaths,Isobath_shell,1.153319191,103.9035835,27.5,27.5
37,Isobaths,Isobath_shell,1.153182739,103.9034398,27.5,27.5
37,Isobaths,Isobath_shell,1.15314215,103.9033858,27.5,27.5
37,Isobaths,Isobath_shell,1.153123275,103.9033319,27.5,27.5
37,Isobaths,Isobath_shell,1.153116341,103.903296,27.5,27.5
37,Isobaths,Isobath_shell,1.153116129,103.9032061,27.5,27.5
37,Isobaths,Isobath_shell,1.153109329,103.9031522,27.5,27.5
37,Isobaths,Isobath_shell,1.153068936,103.9030264,27.5,27.5
37,Isobaths,Isobath_shell,1.153052806,103.9029545,27.5,27.5
37,Isobaths,Isobath_shell,1.153022895,103.9028827,27.5,27.5
37,Isobaths,Isobath_shell,1.152941304,103.9027209,27.5,27.5
37,Isobaths,Isobath_shell,1.15288421,103.9025772,27.5,27.5
37,Isobaths,Isobath_shell,1.152790411,103.9023795,27.5,27.5
37,Isobaths,Isobath_shell,1.152766731,103.902303,27.5,27.5
37,Isobaths,Isobath_shell,1.152725097,103.902074,27.5,27.5
37,Isobaths,Isobath_shell,1.152715329,103.9019662,27.5,27.5
37,Isobaths,Isobath_shell,1.152717303,103.9019482,27.5,27.5
37,Isobaths,Isobath_shell,1.152748389,103.9018224,27.5,27.5
37,Isobaths,Isobath_shell,1.15275892,103.9017506,27.5,27.5
37,Isobaths,Isobath_shell,1.15279115,103.9016248,27.5,27.5
37,Isobaths,Isobath_shell,1.152823505,103.901463,27.5,27.5
37,Isobaths,Isobath_shell,1.152857167,103.9013501,27.5,27.5
37,Isobaths,Isobath_shell,1.152917813,103.9011935,27.5,27.5
37,Isobaths,Isobath_shell,1.152941639,103.9011216,27.5,27.5
37,Isobaths,Isobath_shell,1.153015951,103.9009599,27.5,27.5
37,Isobaths,Isobath_shell,1.153026331,103.900906,27.5,27.5
37,Isobaths,Isobath_shell,1.153039915,103.9007981,27.5,27.5
37,Isobaths,Isobath_shell,1.153040811,103.9007622,27.5,27.5
37,Isobaths,Isobath_shell,1.15303401,103.9007083,27.5,27.5
37,Isobaths,Isobath_shell,1.153019193,103.9006364,27.5,27.5
37,Isobaths,Isobath_shell,1.153002893,103.9005106,27.5,27.5
37,Isobaths,Isobath_shell,1.152974582,103.9003669,27.5,27.5
37,Isobaths,Isobath_shell,1.152962407,103.9002231,27.5,27.5
37,Isobaths,Isobath_shell,1.152948502,103.9000434,27.5,27.5
37,Isobaths,Isobath_shell,1.152951892,103.8999356,27.5,27.5
37,Isobaths,Isobath_shell,1.152948185,103.8998278,27.5,27.5
37,Isobaths,Isobath_shell,1.1529545,103.899702,27.5,27.5
37,Isobaths,Isobath_shell,1.152969072,103.8996481,27.5,27.5
37,Isobaths,Isobath_shell,1.153019953,103.899577,27.5,27.5
37,Isobaths,Isobath_shell,1.15303804,103.8995393,27.5,27.5
37,Isobaths,Isobath_shell,1.153061307,103.8994684,27.5,27.5
37,Isobaths,Isobath_shell,1.153082086,103.8993785,27.5,27.5
37,Isobaths,Isobath_shell,1.15313033,103.8992527,27.5,27.5
37,Isobaths,Isobath_shell,1.153153043,103.8991449,27.5,27.5
37,Isobaths,Isobath_shell,1.153160666,103.899073,27.5,27.5
37,Isobaths,Isobath_shell,1.153149214,103.8990371,27.5,27.5
37,Isobaths,Isobath_shell,1.153081711,103.8989472,27.5,27.5
37,Isobaths,Isobath_shell,1.153074215,103.8989293,27.5,27.5
37,Isobaths,Isobath_shell,1.153073584,103.8989113,27.5,27.5
37,Isobaths,Isobath_shell,1.153107996,103.8988574,27.5,27.5
37,Isobaths,Isobath_shell,1.153122833,103.8988214,27.5,27.5
37,Isobaths,Isobath_shell,1.153154172,103.8987675,27.5,27.5
37,Isobaths,Isobath_shell,1.153156543,103.8987496,27.5,27.5
37,Isobaths,Isobath_shell,1.153182739,103.8986897,27.5,27.5
37,Isobaths,Isobath_shell,1.15321121,103.8986597,27.5,27.5
37,Isobaths,Isobath_shell,1.153255088,103.8986365,27.5,27.5
37,Isobaths,Isobath_shell,1.15330935,103.898622,27.5,27.5
37,Isobaths,Isobath_shell,1.153490223,103.8985961,27.5,27.5
37,Isobaths,Isobath_shell,1.153563059,103.8985519,27.5,27.5
37,Isobaths,Isobath_shell,1.15358066,103.8985276,27.5,27.5
37,Isobaths,Isobath_shell,1.15359684,103.89848,27.5,27.5
37,Isobaths,Isobath_shell,1.153608469,103.8984621,27.5,27.5
37,Isobaths,Isobath_shell,1.153665665,103.8983363,27.5,27.5
37,Isobaths,Isobath_shell,1.153698818,103.8982464,27.5,27.5
37,Isobaths,Isobath_shell,1.153760188,103.8981386,27.5,27.5
37,Isobaths,Isobath_shell,1.153770405,103.8981027,27.5,27.5
37,Isobaths,Isobath_shell,1.15377962,103.8980249,27.5,27.5
37,Isobaths,Isobath_shell,1.153794473,103.8979948,27.5,27.5
37,Isobaths,Isobath_shell,1.153964758,103.897869,27.5,27.5
37,Isobaths,Isobath_shell,1.154006825,103.8978331,27.5,27.5
37,Isobaths,Isobath_shell,1.154056395,103.8977792,27.5,27.5
37,Isobaths,Isobath_shell,1.154143515,103.8977073,27.5,27.5
37,Isobaths,Isobath_shell,1.154188354,103.8976534,27.5,27.5
37,Isobaths,Isobath_shell,1.154251498,103.8975276,27.5,27.5
37,Isobaths,Isobath_shell,1.154296061,103.8974737,27.5,27.5
37,Isobaths,Isobath_shell,1.15430186,103.8974557,27.5,27.5
37,Isobaths,Isobath_shell,1.154297047,103.8974378,27.5,27.5
37,Isobaths,Isobath_shell,1.154270389,103.8974018,27.5,27.5
37,Isobaths,Isobath_shell,1.154032843,103.8973685,27.5,27.5
37,Isobaths,Isobath_shell,1.153978581,103.8973712,27.5,27.5
37,Isobaths,Isobath_shell,1.153944098,103.8973839,27.5,27.5
37,Isobaths,Isobath_shell,1.153896967,103.8974737,27.5,27.5
37,Isobaths,Isobath_shell,1.153870394,103.8975815,27.5,27.5
37,Isobaths,Isobath_shell,1.153864078,103.8976354,27.5,27.5
37,Isobaths,Isobath_shell,1.153851969,103.8976657,27.5,27.5
37,Isobaths,Isobath_shell,1.153820101,103.8977073,27.5,27.5
37,Isobaths,Isobath_shell,1.153761533,103.8977277,27.5,27.5
37,Isobaths,Isobath_shell,1.153544485,103.8977392,27.5,27.5
37,Isobaths,Isobath_shell,1.153472136,103.8977325,27.5,27.5
37,Isobaths,Isobath_shell,1.153128477,103.8976079,27.5,27.5
37,Isobaths,Isobath_shell,1.153056128,103.8975949,27.5,27.5
37,Isobaths,Isobath_shell,1.153001866,103.8976025,27.5,27.5
37,Isobaths,Isobath_shell,1.152911429,103.8976381,27.5,27.5
37,Isobaths,Isobath_shell,1.152883021,103.8976534,27.5,27.5
37,Isobaths,Isobath_shell,1.152841152,103.8976893,27.5,27.5
37,Isobaths,Isobath_shell,1.152748643,103.8978074,27.5,27.5
37,Isobaths,Isobath_shell,1.152692623,103.897869,27.5,27.5
37,Isobaths,Isobath_shell,1.152622032,103.8980398,27.5,27.5
37,Isobaths,Isobath_shell,1.152549683,103.8981288,27.5,27.5
37,Isobaths,Isobath_shell,1.152496117,103.8981745,27.5,27.5
37,Isobaths,Isobath_shell,1.152483911,103.8981925,27.5,27.5
37,Isobaths,Isobath_shell,1.152483676,103.8982105,27.5,27.5
37,Isobaths,Isobath_shell,1.15249069,103.8982464,27.5,27.5
37,Isobaths,Isobath_shell,1.152487023,103.8982824,27.5,27.5
37,Isobaths,Isobath_shell,1.152493913,103.8983003,27.5,27.5
37,Isobaths,Isobath_shell,1.152576139,103.8983722,27.5,27.5
37,Isobaths,Isobath_shell,1.152641959,103.8984081,27.5,27.5
37,Isobaths,Isobath_shell,1.152874264,103.898498,27.5,27.5
37,Isobaths,Isobath_shell,1.152928855,103.8985339,27.5,27.5
37,Isobaths,Isobath_shell,1.152960223,103.8985699,27.5,27.5
37,Isobaths,Isobath_shell,1.152972858,103.8986058,27.5,27.5
37,Isobaths,Isobath_shell,1.152974223,103.8986238,27.5,27.5
37,Isobaths,Isobath_shell,1.15296696,103.8986777,27.5,27.5
37,Isobaths,Isobath_shell,1.152947604,103.8987156,27.5,27.5
37,Isobaths,Isobath_shell,1.152876702,103.8988035,27.5,27.5
37,Isobaths,Isobath_shell,1.152854583,103.8988394,27.5,27.5
37,Isobaths,Isobath_shell,1.15285093,103.8988574,27.5,27.5
37,Isobaths,Isobath_shell,1.152853457,103.8988933,27.5,27.5
37,Isobaths,Isobath_shell,1.152861003,103.8989113,27.5,27.5
37,Isobaths,Isobath_shell,1.152850534,103.8989293,27.5,27.5
37,Isobaths,Isobath_shell,1.152666938,103.8989832,27.5,27.5
37,Isobaths,Isobath_shell,1.152603945,103.8990137,27.5,27.5
37,Isobaths,Isobath_shell,1.15256777,103.8990174,27.5,27.5
37,Isobaths,Isobath_shell,1.152513508,103.8990039,27.5,27.5
37,Isobaths,Isobath_shell,1.152352876,103.8989293,27.5,27.5
37,Isobaths,Isobath_shell,1.152044485,103.8988394,27.5,27.5
37,Isobaths,Isobath_shell,1.151771928,103.8988059,27.5,27.5
37,Isobaths,Isobath_shell,1.151319745,103.8987289,27.5,27.5
37,Isobaths,Isobath_shell,1.151283571,103.8987395,27.5,27.5
37,Isobaths,Isobath_shell,1.151247396,103.8987742,27.5,27.5
37,Isobaths,Isobath_shell,1.151210517,103.8988394,27.5,27.5
37,Isobaths,Isobath_shell,1.151012261,103.8993671,27.5,27.5
37,Isobaths,Isobath_shell,1.150992449,103.8993965,27.5,27.5
37,Isobaths,Isobath_shell,1.150994174,103.8994178,27.5,27.5
37,Isobaths,Isobath_shell,1.150971458,103.8994504,27.5,27.5
37,Isobaths,Isobath_shell,1.150975837,103.8994684,27.5,27.5
37,Isobaths,Isobath_shell,1.150940125,103.8995223,27.5,27.5
37,Isobaths,Isobath_shell,1.150944532,103.8995402,27.5,27.5
37,Isobaths,Isobath_shell,1.150922657,103.8995762,27.5,27.5
37,Isobaths,Isobath_shell,1.150929135,103.8995942,27.5,27.5
37,Isobaths,Isobath_shell,1.150913444,103.8996301,27.5,27.5
37,Isobaths,Isobath_shell,1.150923629,103.8996481,27.5,27.5
37,Isobaths,Isobath_shell,1.150910395,103.899702,27.5,27.5
37,Isobaths,Isobath_shell,1.150901699,103.8997739,27.5,27.5
37,Isobaths,Isobath_shell,1.150908646,103.8997918,27.5,27.5
37,Isobaths,Isobath_shell,1.150939912,103.8998284,27.5,27.5
37,Isobaths,Isobath_shell,1.150998299,103.8999356,27.5,27.5
37,Isobaths,Isobath_shell,1.151002129,103.8999715,27.5,27.5
37,Isobaths,Isobath_shell,1.15099461,103.9000254,27.5,27.5
37,Isobaths,Isobath_shell,1.150960212,103.9000614,27.5,27.5
37,Isobaths,Isobath_shell,1.150921824,103.9000867,27.5,27.5
37,Isobaths,Isobath_shell,1.150903737,103.9000938,27.5,27.5
37,Isobaths,Isobath_shell,1.15088565,103.9000902,27.5,27.5
37,Isobaths,Isobath_shell,1.1508133,103.9000988,27.5,27.5
37,Isobaths,Isobath_shell,1.150795213,103.9000973,27.5,27.5
37,Isobaths,Isobath_shell,1.150795213,103.9000614,27.5,27.5
37,Isobaths,Isobath_shell,1.1508133,103.9000614,27.5,27.5
37,Isobaths,Isobath_shell,1.1508133,103.8999176,27.5,27.5
37,Isobaths,Isobath_shell,1.150831388,103.8999176,27.5,27.5
37,Isobaths,Isobath_shell,1.150831388,103.899684,27.5,27.5
37,Isobaths,Isobath_shell,1.150849475,103.899684,27.5,27.5
37,Isobaths,Isobath_shell,1.150849475,103.8996301,27.5,27.5
37,Isobaths,Isobath_shell,1.150867562,103.8996301,27.5,27.5
37,Isobaths,Isobath_shell,1.150867562,103.8995762,27.5,27.5
37,Isobaths,Isobath_shell,1.15088565,103.8995762,27.5,27.5
37,Isobaths,Isobath_shell,1.15088565,103.8995043,27.5,27.5
37,Isobaths,Isobath_shell,1.150903737,103.8995043,27.5,27.5
37,Isobaths,Isobath_shell,1.150903737,103.8994504,27.5,27.5
37,Isobaths,Isobath_shell,1.150921824,103.8994504,27.5,27.5
37,Isobaths,Isobath_shell,1.150921824,103.8993785,27.5,27.5
37,Isobaths,Isobath_shell,1.150939912,103.8993785,27.5,27.5
37,Isobaths,Isobath_shell,1.150939912,103.8993246,27.5,27.5
37,Isobaths,Isobath_shell,1.150957999,103.8993246,27.5,27.5
37,Isobaths,Isobath_shell,1.150957999,103.8992527,27.5,27.5
37,Isobaths,Isobath_shell,1.150976086,103.8992527,27.5,27.5
37,Isobaths,Isobath_shell,1.150976086,103.8991988,27.5,27.5
37,Isobaths,Isobath_shell,1.150994174,103.8991988,27.5,27.5
37,Isobaths,Isobath_shell,1.150994174,103.8991449,27.5,27.5
37,Isobaths,Isobath_shell,1.151012261,103.8991449,27.5,27.5
37,Isobaths,Isobath_shell,1.151012261,103.899073,27.5,27.5
37,Isobaths,Isobath_shell,1.151030348,103.899073,27.5,27.5
37,Isobaths,Isobath_shell,1.151030348,103.8990191,27.5,27.5
37,Isobaths,Isobath_shell,1.151048435,103.8990191,27.5,27.5
37,Isobaths,Isobath_shell,1.151048435,103.8989472,27.5,27.5
37,Isobaths,Isobath_shell,1.151066523,103.8989472,27.5,27.5
37,Isobaths,Isobath_shell,1.151066523,103.8988933,27.5,27.5
37,Isobaths,Isobath_shell,1.15108461,103.8988933,27.5,27.5
37,Isobaths,Isobath_shell,1.15108461,103.8988214,27.5,27.5
37,Isobaths,Isobath_shell,1.151102697,103.8988214,27.5,27.5
37,Isobaths,Isobath_shell,1.151102697,103.8987675,27.5,27.5
37,Isobaths,Isobath_shell,1.151120785,103.8987675,27.5,27.5
37,Isobaths,Isobath_shell,1.151120785,103.8987136,27.5,27.5
37,Isobaths,Isobath_shell,1.151138872,103.8987136,27.5,27.5
37,Isobaths,Isobath_shell,1.151138872,103.8986417,27.5,27.5
37,Isobaths,Isobath_shell,1.151156959,103.8986417,27.5,27.5
37,Isobaths,Isobath_shell,1.151156959,103.8985878,27.5,27.5
37,Isobaths,Isobath_shell,1.151175047,103.8985878,27.5,27.5
37,Isobaths,Isobath_shell,1.151175047,103.8985515,27.5,27.5
37,Isobaths,Isobath_shell,1.151211221,103.8985515,27.5,27.5
37,Isobaths,Isobath_shell,1.151229309,103.8985279,27.5,27.5
37,Isobaths,Isobath_shell,1.151319745,103.8984911,27.5,27.5
37,Isobaths,Isobath_shell,1.151645317,103.8985789,27.5,27.5
37,Isobaths,Isobath_shell,1.151753841,103.8985864,27.5,27.5
37,Isobaths,Isobath_shell,1.151916627,103.8985563,27.5,27.5
37,Isobaths,Isobath_shell,1.151981092,103.8985339,27.5,27.5
37,Isobaths,Isobath_shell,1.152025151,103.89851,27.5,27.5
37,Isobaths,Isobath_shell,1.152053684,103.89848,27.5,27.5
37,Isobaths,Isobath_shell,1.152074009,103.8984261,27.5,27.5
37,Isobaths,Isobath_shell,1.152072765,103.8983542,27.5,27.5
37,Isobaths,Isobath_shell,1.152080051,103.8982644,27.5,27.5
37,Isobaths,Isobath_shell,1.152100559,103.8981925,27.5,27.5
37,Isobaths,Isobath_shell,1.152182324,103.8979769,27.5,27.5
37,Isobaths,Isobath_shell,1.15221057,103.897923,27.5,27.5
37,Isobaths,Isobath_shell,1.152250762,103.897887,27.5,27.5
37,Isobaths,Isobath_shell,1.152340337,103.8978511,27.5,27.5
37,Isobaths,Isobath_shell,1.152462033,103.8977792,27.5,27.5
37,Isobaths,Isobath_shell,1.152510769,103.8977433,27.5,27.5
37,Isobaths,Isobath_shell,1.152564292,103.8976893,27.5,27.5
37,Isobaths,Isobath_shell,1.152784818,103.8973882,27.5,27.5
37,Isobaths,Isobath_shell,1.152833217,103.8973479,27.5,27.5
37,Isobaths,Isobath_shell,1.153019953,103.8972275,27.5,27.5
37,Isobaths,Isobath_shell,1.153074215,103.8972094,27.5,27.5
37,Isobaths,Isobath_shell,1.153128477,103.8972121,27.5,27.5
37,Isobaths,Isobath_shell,1.153472136,103.8973477,27.5,27.5
37,Isobaths,Isobath_shell,1.153526398,103.8973607,27.5,27.5
37,Isobaths,Isobath_shell,1.153562572,103.8973571,27.5,27.5
37,Isobaths,Isobath_shell,1.153598747,103.8973443,27.5,27.5
37,Isobaths,Isobath_shell,1.153743446,103.8972662,27.5,27.5
37,Isobaths,Isobath_shell,1.153848855,103.8972221,27.5,27.5
37,Isobaths,Isobath_shell,1.153870482,103.8972042,27.5,27.5
37,Isobaths,Isobath_shell,1.153887546,103.8970963,27.5,27.5
37,Isobaths,Isobath_shell,1.153952419,103.8969526,27.5,27.5
37,Isobaths,Isobath_shell,1.153956054,103.8969166,27.5,27.5
37,Isobaths,Isobath_shell,1.153981023,103.8968268,27.5,27.5
37,Isobaths,Isobath_shell,1.154019564,103.8967549,27.5,27.5
37,Isobaths,Isobath_shell,1.15405093,103.8967134,27.5,27.5
37,Isobaths,Isobath_shell,1.154126491,103.8966471,27.5,27.5
37,Isobaths,Isobath_shell,1.154195628,103.8966133,27.5,27.5
37,Isobaths,Isobath_shell,1.154286065,103.8965936,27.5,27.5
37,Isobaths,Isobath_shell,1.154430764,103.8965828,27.5,27.5
37,Isobaths,Isobath_shell,1.154473076,103.8964494,27.5,27.5
37,Isobaths,Isobath_shell,1.154540181,103.8963236,27.5,27.5
37,Isobaths,Isobath_shell,1.154615941,103.8961619,27.5,27.5
37,Isobaths,Isobath_shell,1.15464651,103.896126,27.5,27.5
37,Isobaths,Isobath_shell,1.154720161,103.8960606,27.5,27.5
37,Isobaths,Isobath_shell,1.154795476,103.8959642,27.5,27.5
37,Isobaths,Isobath_shell,1.154896978,103.8958564,27.5,27.5
37,Isobaths,Isobath_shell,1.154951709,103.8957845,27.5,27.5
37,Isobaths,Isobath_shell,1.15506382,103.8956949,27.5,27.5
37,Isobaths,Isobath_shell,1.155244693,103.8955873,27.5,27.5
37,Isobaths,Isobath_shell,1.155298955,103.8955639,27.5,27.5
37,Isobaths,Isobath_shell,1.155353217,103.8955538,27.5,27.5
37,Isobaths,Isobath_shell,1.155371304,103.8955532,27.5,27.5
37,Isobaths,Isobath_shell,1.155389391,103.8955639,27.5,27.5
37,Isobaths,Isobath_shell,1.155407479,103.8955509,27.5,27.5
37,Isobaths,Isobath_shell,1.155425566,103.8955509,27.5,27.5
37,Isobaths,Isobath_shell,1.155425566,103.8955689,27.5,27.5
37,Isobaths,Isobath_shell,1.155407479,103.8955689,27.5,27.5
37,Isobaths,Isobath_shell,1.155407479,103.8956048,27.5,27.5
37,Isobaths,Isobath_shell,1.155389391,103.8956048,27.5,27.5
37,Isobaths,Isobath_shell,1.155389391,103.8956408,27.5,27.5
37,Isobaths,Isobath_shell,1.155371304,103.8956408,27.5,27.5
37,Isobaths,Isobath_shell,1.155371304,103.8956947,27.5,27.5
37,Isobaths,Isobath_shell,1.155353217,103.8956947,27.5,27.5
37,Isobaths,Isobath_shell,1.155353217,103.8957306,27.5,27.5
37,Isobaths,Isobath_shell,1.155335129,103.8957306,27.5,27.5
37,Isobaths,Isobath_shell,1.155335129,103.8957845,27.5,27.5
37,Isobaths,Isobath_shell,1.155317042,103.8957845,27.5,27.5
37,Isobaths,Isobath_shell,1.155317042,103.8958205,27.5,27.5
37,Isobaths,Isobath_shell,1.155298955,103.8958205,27.5,27.5
37,Isobaths,Isobath_shell,1.155298955,103.8958564,27.5,27.5
37,Isobaths,Isobath_shell,1.155280867,103.8958564,27.5,27.5
37,Isobaths,Isobath_shell,1.155280867,103.8959103,27.5,27.5
37,Isobaths,Isobath_shell,1.15526278,103.8959103,27.5,27.5
37,Isobaths,Isobath_shell,1.15526278,103.8959463,27.5,27.5
37,Isobaths,Isobath_shell,1.155244693,103.8959463,27.5,27.5
37,Isobaths,Isobath_shell,1.155244693,103.8959822,27.5,27.5
37,Isobaths,Isobath_shell,1.155226605,103.8959974,27.5,27.5
37,Isobaths,Isobath_shell,1.155190431,103.8959856,27.5,27.5
37,Isobaths,Isobath_shell,1.155175941,103.8959463,27.5,27.5
37,Isobaths,Isobath_shell,1.155150459,103.8959103,27.5,27.5
37,Isobaths,Isobath_shell,1.155136169,103.8958982,27.5,27.5
37,Isobaths,Isobath_shell,1.155118082,103.8958956,27.5,27.5
37,Isobaths,Isobath_shell,1.15506382,103.8959187,27.5,27.5
37,Isobaths,Isobath_shell,1.154948632,103.8960002,27.5,27.5
37,Isobaths,Isobath_shell,1.15482117,103.8961619,27.5,27.5
37,Isobaths,Isobath_shell,1.15477137,103.8962338,27.5,27.5
37,Isobaths,Isobath_shell,1.154740494,103.8963057,27.5,27.5
37,Isobaths,Isobath_shell,1.154716024,103.8963955,27.5,27.5
37,Isobaths,Isobath_shell,1.154683692,103.8964854,27.5,27.5
37,Isobaths,Isobath_shell,1.154629724,103.8965512,27.5,27.5
37,Isobaths,Isobath_shell,1.154575436,103.8965932,27.5,27.5
37,Isobaths,Isobath_shell,1.154565107,103.8966291,27.5,27.5
37,Isobaths,Isobath_shell,1.154564622,103.8966471,27.5,27.5
37,Isobaths,Isobath_shell,1.154572773,103.896683,27.5,27.5
37,Isobaths,Isobath_shell,1.154612332,103.8967369,27.5,27.5
37,Isobaths,Isobath_shell,1.15462882,103.8967729,27.5,27.5
37,Isobaths,Isobath_shell,1.154626324,103.8967908,27.5,27.5
37,Isobaths,Isobath_shell,1.154613103,103.8968088,27.5,27.5
37,Isobaths,Isobath_shell,1.154589138,103.8968268,27.5,27.5
37,Isobaths,Isobath_shell,1.154539287,103.8968412,27.5,27.5
37,Isobaths,Isobath_shell,1.154483728,103.8967729,27.5,27.5
37,Isobaths,Isobath_shell,1.154448851,103.8967524,27.5,27.5
37,Isobaths,Isobath_shell,1.154394589,103.8967379,27.5,27.5
37,Isobaths,Isobath_shell,1.154323357,103.8967729,27.5,27.5
37,Isobaths,Isobath_shell,1.15428506,103.8968088,27.5,27.5
37,Isobaths,Isobath_shell,1.154238414,103.8968807,27.5,27.5
37,Isobaths,Isobath_shell,1.154225654,103.8969166,27.5,27.5
37,Isobaths,Isobath_shell,1.154220539,103.8969526,27.5,27.5
37,Isobaths,Isobath_shell,1.154225136,103.8970604,27.5,27.5
37,Isobaths,Isobath_shell,1.154222102,103.8971323,27.5,27.5
37,Isobaths,Isobath_shell,1.15422705,103.8971682,27.5,27.5
37,Isobaths,Isobath_shell,1.154240815,103.8972042,27.5,27.5
37,Isobaths,Isobath_shell,1.154270902,103.8972401,27.5,27.5
37,Isobaths,Isobath_shell,1.154304428,103.897294,27.5,27.5
37,Isobaths,Isobath_shell,1.154342098,103.8973299,27.5,27.5
37,Isobaths,Isobath_shell,1.154376502,103.8973785,27.5,27.5
37,Isobaths,Isobath_shell,1.154394589,103.8973902,27.5,27.5
37,Isobaths,Isobath_shell,1.154412676,103.8974199,27.5,27.5
37,Isobaths,Isobath_shell,1.154448851,103.8974432,27.5,27.5
37,Isobaths,Isobath_shell,1.154503113,103.8974487,27.5,27.5
37,Isobaths,Isobath_shell,1.154539287,103.8974417,27.5,27.5
37,Isobaths,Isobath_shell,1.154561052,103.8974198,27.5,27.5
37,Isobaths,Isobath_shell,1.154596186,103.8973659,27.5,27.5
37,Isobaths,Isobath_shell,1.154637526,103.897276,27.5,27.5
37,Isobaths,Isobath_shell,1.154668073,103.8972401,27.5,27.5
37,Isobaths,Isobath_shell,1.154827609,103.8970963,27.5,27.5
37,Isobaths,Isobath_shell,1.154896568,103.8970424,27.5,27.5
37,Isobaths,Isobath_shell,1.155128092,103.8968987,27.5,27.5
37,Isobaths,Isobath_shell,1.155154256,103.8968712,27.5,27.5
37,Isobaths,Isobath_shell,1.155175731,103.8968268,27.5,27.5
37,Isobaths,Isobath_shell,1.155190431,103.8968088,27.5,27.5
37,Isobaths,Isobath_shell,1.155190431,103.8967908,27.5,27.5
37,Isobaths,Isobath_shell,1.155208518,103.8968088,27.5,27.5
37,Isobaths,Isobath_shell,1.155226605,103.8968088,27.5,27.5
37,Isobaths,Isobath_shell,1.155244693,103.8968268,27.5,27.5
37,Isobaths,Isobath_shell,1.15526278,103.8968448,27.5,27.5
37,Isobaths,Isobath_shell,1.155280867,103.8968448,27.5,27.5
37,Isobaths,Isobath_shell,1.155298955,103.8968627,27.5,27.5
37,Isobaths,Isobath_shell,1.155317042,103.8968807,27.5,27.5
37,Isobaths,Isobath_shell,1.155335129,103.8968807,27.5,27.5
37,Isobaths,Isobath_shell,1.155353217,103.8968987,27.5,27.5
37,Isobaths,Isobath_shell,1.155371304,103.8969166,27.5,27.5
37,Isobaths,Isobath_shell,1.155389391,103.8969166,27.5,27.5
37,Isobaths,Isobath_shell,1.155407479,103.8969346,27.5,27.5
37,Isobaths,Isobath_shell,1.155443653,103.8969705,27.5,27.5
37,Isobaths,Isobath_shell,1.155461741,103.8969705,27.5,27.5
37,Isobaths,Isobath_shell,1.155497915,103.8970065,27.5,27.5
37,Isobaths,Isobath_shell,1.155497915,103.8970245,27.5,27.5
37,Isobaths,Isobath_shell,1.155491983,103.8970424,27.5,27.5
37,Isobaths,Isobath_shell,1.15548913,103.8970604,27.5,27.5
37,Isobaths,Isobath_shell,1.155479828,103.8970784,27.5,27.5
37,Isobaths,Isobath_shell,1.155443653,103.89712,27.5,27.5
37,Isobaths,Isobath_shell,1.155208518,103.8972628,27.5,27.5
37,Isobaths,Isobath_shell,1.155027645,103.8973992,27.5,27.5
37,Isobaths,Isobath_shell,1.154919121,103.8974644,27.5,27.5
37,Isobaths,Isobath_shell,1.154809117,103.8975636,27.5,27.5
37,Isobaths,Isobath_shell,1.15461485,103.8977073,27.5,27.5
37,Isobaths,Isobath_shell,1.154539287,103.8977785,27.5,27.5
37,Isobaths,Isobath_shell,1.154504307,103.897869,27.5,27.5
37,Isobaths,Isobath_shell,1.154485026,103.8978952,27.5,27.5
37,Isobaths,Isobath_shell,1.154448851,103.8979235,27.5,27.5
37,Isobaths,Isobath_shell,1.154394589,103.8979422,27.5,27.5
37,Isobaths,Isobath_shell,1.154321859,103.8980128,27.5,27.5
37,Isobaths,Isobath_shell,1.154275449,103.8980667,27.5,27.5
37,Isobaths,Isobath_shell,1.154105192,103.8981959,27.5,27.5
37,Isobaths,Isobath_shell,1.153942406,103.8983653,27.5,27.5
37,Isobaths,Isobath_shell,1.153888144,103.8984437,27.5,27.5
37,Isobaths,Isobath_shell,1.153781044,103.8986238,27.5,27.5
37,Isobaths,Isobath_shell,1.153693956,103.8987496,27.5,27.5
37,Isobaths,Isobath_shell,1.153654531,103.8988214,27.5,27.5
37,Isobaths,Isobath_shell,1.153638504,103.8988754,27.5,27.5
37,Isobaths,Isobath_shell,1.153605339,103.8990371,27.5,27.5
37,Isobaths,Isobath_shell,1.153582125,103.8991269,27.5,27.5
37,Isobaths,Isobath_shell,1.153552982,103.8992168,27.5,27.5
37,Isobaths,Isobath_shell,1.153512315,103.8993066,27.5,27.5
37,Isobaths,Isobath_shell,1.153437469,103.8993965,27.5,27.5
37,Isobaths,Isobath_shell,1.153377694,103.8995043,27.5,27.5
37,Isobaths,Isobath_shell,1.153359248,103.8995582,27.5,27.5
37,Isobaths,Isobath_shell,1.153336228,103.8996481,27.5,27.5
37,Isobaths,Isobath_shell,1.153281612,103.8997918,27.5,27.5
37,Isobaths,Isobath_shell,1.153256489,103.8998817,27.5,27.5
37,Isobaths,Isobath_shell,1.15324031,103.8999715,27.5,27.5
37,Isobaths,Isobath_shell,1.153229543,103.9000614,27.5,27.5
37,Isobaths,Isobath_shell,1.15322668,103.9001872,27.5,27.5
37,Isobaths,Isobath_shell,1.153240412,103.9004028,27.5,27.5
37,Isobaths,Isobath_shell,1.153259705,103.9004927,27.5,27.5
37,Isobaths,Isobath_shell,1.15326306,103.9005825,27.5,27.5
37,Isobaths,Isobath_shell,1.153259775,103.9006184,27.5,27.5
37,Isobaths,Isobath_shell,1.153291649,103.9007622,27.5,27.5
37,Isobaths,Isobath_shell,1.153291993,103.9008161,27.5,27.5
37,Isobaths,Isobath_shell,1.153281681,103.900888,27.5,27.5
37,Isobaths,Isobath_shell,1.153256301,103.9009958,27.5,27.5
37,Isobaths,Isobath_shell,1.153164651,103.9012294,27.5,27.5
37,Isobaths,Isobath_shell,1.153094226,103.9013552,27.5,27.5
37,Isobaths,Isobath_shell,1.15303804,103.9014685,27.5,27.5
37,Isobaths,Isobath_shell,1.152963712,103.9015709,27.5,27.5
37,Isobaths,Isobath_shell,1.152911429,103.9016823,27.5,27.5
37,Isobaths,Isobath_shell,1.152893204,103.9017326,27.5,27.5
37,Isobaths,Isobath_shell,1.152877372,103.9018045,27.5,27.5
37,Isobaths,Isobath_shell,1.152871505,103.9018763,27.5,27.5
37,Isobaths,Isobath_shell,1.152872149,103.9019482,27.5,27.5
37,Isobaths,Isobath_shell,1.152890816,103.902074,27.5,27.5
37,Isobaths,Isobath_shell,1.152926768,103.9021998,27.5,27.5
37,Isobaths,Isobath_shell,1.152951601,103.9023076,27.5,27.5
37,Isobaths,Isobath_shell,1.153013608,103.9024693,27.5,27.5
37,Isobaths,Isobath_shell,1.153060323,103.9025772,27.5,27.5
37,Isobaths,Isobath_shell,1.153098522,103.9027209,27.5,27.5
37,Isobaths,Isobath_shell,1.153194371,103.9029545,27.5,27.5
37,Isobaths,Isobath_shell,1.153207296,103.9030264,27.5,27.5
37,Isobaths,Isobath_shell,1.153233376,103.9030983,27.5,27.5
37,Isobaths,Isobath_shell,1.153273175,103.9031609,27.5,27.5
37,Isobaths,Isobath_shell,1.153338816,103.9032421,27.5,27.5
37,Isobaths,Isobath_shell,1.15335019,103.903278,27.5,27.5
37,Isobaths,Isobath_shell,1.153374358,103.9033139,27.5,27.5
37,Isobaths,Isobath_shell,1.153453465,103.9033858,27.5,27.5
37,Isobaths,Isobath_shell,1.153528965,103.9034757,27.5,27.5
37,Isobaths,Isobath_shell,1.153571389,103.9035655,27.5,27.5
37,Isobaths,Isobath_shell,1.153591834,103.9036554,27.5,27.5
37,Isobaths,Isobath_shell,1.153594225,103.9037632,27.5,27.5
37,Isobaths,Isobath_shell,1.153578982,103.903871,27.5,27.5
37,Isobaths,Isobath_shell,1.15357637,103.9039249,27.5,27.5
37,Isobaths,Isobath_shell,1.15359925,103.9041226,27.5,27.5
37,Isobaths,Isobath_shell,1.15359997,103.9042304,27.5,27.5
37,Isobaths,Isobath_shell,1.153595423,103.9042843,27.5,27.5
37,Isobaths,Isobath_shell,1.153581289,103.9043562,27.5,27.5
37,Isobaths,Isobath_shell,1.153525819,103.9045359,27.5,27.5
37,Isobaths,Isobath_shell,1.153525818,103.9046257,27.5,27.5
37,Isobaths,Isobath_shell,1.153546886,103.9047695,27.5,27.5
37,Isobaths,Isobath_shell,1.15355306,103.9048773,27.5,27.5
37,Isobaths,Isobath_shell,1.153546337,103.9049312,27.5,27.5
37,Isobaths,Isobath_shell,1.1535284,103.9049672,27.5,27.5
37,Isobaths,Isobath_shell,1.153399787,103.9050896,27.5,27.5
37,Isobaths,Isobath_shell,1.153363612,103.9050922,27.5,27.5
37,Isobaths,Isobath_shell,1.153284829,103.9050391,27.5,27.5
37,Isobaths,Isobath_shell,1.153218913,103.9050098,27.5,27.5
37,Isobaths,Isobath_shell,1.153001866,103.9049507,27.5,27.5
37,Isobaths,Isobath_shell,1.152893342,103.9049324,27.5,27.5
37,Isobaths,Isobath_shell,1.15283908,103.904913,27.5,27.5
37,Isobaths,Isobath_shell,1.152820992,103.9049104,27.5,27.5
37,Isobaths,Isobath_shell,1.152784818,103.9049196,27.5,27.5
37,Isobaths,Isobath_shell,1.152730556,103.9049134,27.5,27.5
37,Isobaths,Isobath_shell,1.152694381,103.904883,27.5,27.5
37,Isobaths,Isobath_shell,1.152676294,103.9048513,27.5,27.5
37,Isobaths,Isobath_shell,1.152652912,103.9047875,27.5,27.5
37,Isobaths,Isobath_shell,1.152623885,103.9047515,27.5,27.5
37,Isobaths,Isobath_shell,1.152531595,103.9047011,27.5,27.5
37,Isobaths,Isobath_shell,1.152495421,103.9046747,27.5,27.5
37,Isobaths,Isobath_shell,1.152441159,103.90466,27.5,27.5
37,Isobaths,Isobath_shell,1.152386897,103.9046717,27.5,27.5
37,Isobaths,Isobath_shell,1.152350722,103.9046973,27.5,27.5
37,Isobaths,Isobath_shell,1.152335069,103.9047156,27.5,27.5
37,Isobaths,Isobath_shell,1.152312807,103.9047515,27.5,27.5
37,Isobaths,Isobath_shell,1.152299811,103.9047875,27.5,27.5
37,Isobaths,Isobath_shell,1.152279953,103.9048953,27.5,27.5
37,Isobaths,Isobath_shell,1.152265693,103.9049312,27.5,27.5
37,Isobaths,Isobath_shell,1.152242198,103.9049516,27.5,27.5
37,Isobaths,Isobath_shell,1.152206024,103.9049502,27.5,27.5
37,Isobaths,Isobath_shell,1.151844277,103.9048279,27.5,27.5
37,Isobaths,Isobath_shell,1.15162723,103.9047318,27.5,27.5
37,Isobaths,Isobath_shell,1.151592131,103.9046976,27.5,27.5
37,Isobaths,Isobath_shell,1.15155488,103.9046402,27.5,27.5
37,Isobaths,Isobath_shell,1.151509931,103.9045898,27.5,27.5
37,Isobaths,Isobath_shell,1.151337833,103.904485,27.5,27.5
37,Isobaths,Isobath_shell,1.151247396,103.9044034,27.5,27.5
37,Isobaths,Isobath_shell,1.151120785,103.904307,27.5,27.5
37,Isobaths,Isobath_shell,1.151066523,103.9042795,27.5,27.5
37,Isobaths,Isobath_shell,1.15088565,103.9042245,27.5,27.5
37,Isobaths,Isobath_shell,1.1508133,103.9041852,27.5,27.5
37,Isobaths,Isobath_shell,1.150786294,103.9041585,27.5,27.5
37,Isobaths,Isobath_shell,1.150775959,103.9041406,27.5,27.5
37,Isobaths,Isobath_shell,1.150759727,103.9040687,27.5,27.5
37,Isobaths,Isobath_shell,1.150731844,103.9040148,27.5,27.5
37,Isobaths,Isobath_shell,1.150704776,103.9039836,27.5,27.5
37,Isobaths,Isobath_shell,1.150686689,103.9039718,27.5,27.5
37,Isobaths,Isobath_shell,1.150650515,103.9039609,27.5,27.5
37,Isobaths,Isobath_shell,1.150596253,103.9039634,27.5,27.5
37,Isobaths,Isobath_shell,1.150306856,103.9040786,27.5,27.5
37,Isobaths,Isobath_shell,1.150288768,103.9040805,27.5,27.5
37,Isobaths,Isobath_shell,1.150252594,103.9040671,27.5,27.5
37,Isobaths,Isobath_shell,1.150198332,103.9040598,27.5,27.5
38,Isobaths,Isobath_shell,1.150505816,103.9025053,32.5,32.5
38,Isobaths,Isobath_shell,1.150505816,103.9024514,32.5,32.5
38,Isobaths,Isobath_shell,1.150523903,103.9024614,32.5,32.5
38,Isobaths,Isobath_shell,1.150541991,103.9024525,32.5,32.5
38,Isobaths,Isobath_shell,1.150578165,103.9024894,32.5,32.5
38,Isobaths,Isobath_shell,1.150602446,103.9025233,32.5,32.5
38,Isobaths,Isobath_shell,1.150612873,103.9025592,32.5,32.5
38,Isobaths,Isobath_shell,1.150613429,103.9025772,32.5,32.5
38,Isobaths,Isobath_shell,1.150609676,103.9025951,32.5,32.5
38,Isobaths,Isobath_shell,1.150602899,103.9026131,32.5,32.5
38,Isobaths,Isobath_shell,1.150580475,103.902649,32.5,32.5
38,Isobaths,Isobath_shell,1.15057873,103.902685,32.5,32.5
38,Isobaths,Isobath_shell,1.150560078,103.9026854,32.5,32.5
38,Isobaths,Isobath_shell,1.150560078,103.902667,32.5,32.5
38,Isobaths,Isobath_shell,1.150541991,103.902649,32.5,32.5
38,Isobaths,Isobath_shell,1.150541991,103.9025951,32.5,32.5
38,Isobaths,Isobath_shell,1.150523903,103.9025772,32.5,32.5
38,Isobaths,Isobath_shell,1.150523903,103.9025233,32.5,32.5
38,Isobaths,Isobath_shell,1.150505816,103.9025053,32.5,32.5
39,Isobaths,Isobath_shell,1.154220539,103.8969526,32.5,32.5
39,Isobaths,Isobath_shell,1.154225654,103.8969166,32.5,32.5
39,Isobaths,Isobath_shell,1.154238414,103.8968807,32.5,32.5
39,Isobaths,Isobath_shell,1.15428506,103.8968088,32.5,32.5
39,Isobaths,Isobath_shell,1.154323357,103.8967729,32.5,32.5
39,Isobaths,Isobath_shell,1.154394589,103.8967379,32.5,32.5
39,Isobaths,Isobath_shell,1.154448851,103.8967524,32.5,32.5
39,Isobaths,Isobath_shell,1.154483728,103.8967729,32.5,32.5
39,Isobaths,Isobath_shell,1.154539287,103.8968412,32.5,32.5
39,Isobaths,Isobath_shell,1.154589138,103.8968268,32.5,32.5
39,Isobaths,Isobath_shell,1.154613103,103.8968088,32.5,32.5
39,Isobaths,Isobath_shell,1.154626324,103.8967908,32.5,32.5
39,Isobaths,Isobath_shell,1.15462882,103.8967729,32.5,32.5
39,Isobaths,Isobath_shell,1.154612332,103.8967369,32.5,32.5
39,Isobaths,Isobath_shell,1.154572773,103.896683,32.5,32.5
39,Isobaths,Isobath_shell,1.154564622,103.8966471,32.5,32.5
39,Isobaths,Isobath_shell,1.154565107,103.8966291,32.5,32.5
39,Isobaths,Isobath_shell,1.154575436,103.8965932,32.5,32.5
39,Isobaths,Isobath_shell,1.154629724,103.8965512,32.5,32.5
39,Isobaths,Isobath_shell,1.154683692,103.8964854,32.5,32.5
39,Isobaths,Isobath_shell,1.154716024,103.8963955,32.5,32.5
39,Isobaths,Isobath_shell,1.154740494,103.8963057,32.5,32.5
39,Isobaths,Isobath_shell,1.15477137,103.8962338,32.5,32.5
39,Isobaths,Isobath_shell,1.15482117,103.8961619,32.5,32.5
39,Isobaths,Isobath_shell,1.154948632,103.8960002,32.5,32.5
39,Isobaths,Isobath_shell,1.15506382,103.8959187,32.5,32.5
39,Isobaths,Isobath_shell,1.155118082,103.8958956,32.5,32.5
39,Isobaths,Isobath_shell,1.155136169,103.8958982,32.5,32.5
39,Isobaths,Isobath_shell,1.155150459,103.8959103,32.5,32.5
39,Isobaths,Isobath_shell,1.155175941,103.8959463,32.5,32.5
39,Isobaths,Isobath_shell,1.155190431,103.8959856,32.5,32.5
39,Isobaths,Isobath_shell,1.155226605,103.8959974,32.5,32.5
39,Isobaths,Isobath_shell,1.155244693,103.8959822,32.5,32.5
39,Isobaths,Isobath_shell,1.155244693,103.8960002,32.5,32.5
39,Isobaths,Isobath_shell,1.155226605,103.8960002,32.5,32.5
39,Isobaths,Isobath_shell,1.155226605,103.8960361,32.5,32.5
39,Isobaths,Isobath_shell,1.155208518,103.8960361,32.5,32.5
39,Isobaths,Isobath_shell,1.155208518,103.896072,32.5,32.5
39,Isobaths,Isobath_shell,1.155190431,103.896072,32.5,32.5
39,Isobaths,Isobath_shell,1.155190431,103.896126,32.5,32.5
39,Isobaths,Isobath_shell,1.155172344,103.896126,32.5,32.5
39,Isobaths,Isobath_shell,1.155172344,103.8961619,32.5,32.5
39,Isobaths,Isobath_shell,1.155154256,103.8961619,32.5,32.5
39,Isobaths,Isobath_shell,1.155154256,103.8962158,32.5,32.5
39,Isobaths,Isobath_shell,1.155136169,103.8962158,32.5,32.5
39,Isobaths,Isobath_shell,1.155136169,103.8962517,32.5,32.5
39,Isobaths,Isobath_shell,1.155118082,103.8962517,32.5,32.5
39,Isobaths,Isobath_shell,1.155118082,103.8962877,32.5,32.5
39,Isobaths,Isobath_shell,1.155099994,103.8962877,32.5,32.5
39,Isobaths,Isobath_shell,1.155099994,103.8963416,32.5,32.5
39,Isobaths,Isobath_shell,1.155081907,103.8963416,32.5,32.5
39,Isobaths,Isobath_shell,1.155081907,103.8963775,32.5,32.5
39,Isobaths,Isobath_shell,1.15506382,103.8963775,32.5,32.5
39,Isobaths,Isobath_shell,1.15506382,103.8964314,32.5,32.5
39,Isobaths,Isobath_shell,1.155045732,103.8964314,32.5,32.5
39,Isobaths,Isobath_shell,1.155045732,103.8964674,32.5,32.5
39,Isobaths,Isobath_shell,1.155027645,103.8964674,32.5,32.5
39,Isobaths,Isobath_shell,1.155027645,103.896683,32.5,32.5
39,Isobaths,Isobath_shell,1.155045732,103.896683,32.5,32.5
39,Isobaths,Isobath_shell,1.15506382,103.896701,32.5,32.5
39,Isobaths,Isobath_shell,1.155081907,103.896719,32.5,32.5
39,Isobaths,Isobath_shell,1.155099994,103.896719,32.5,32.5
39,Isobaths,Isobath_shell,1.155118082,103.8967369,32.5,32.5
39,Isobaths,Isobath_shell,1.155136169,103.8967549,32.5,32.5
39,Isobaths,Isobath_shell,1.155154256,103.8967549,32.5,32.5
39,Isobaths,Isobath_shell,1.155172344,103.8967729,32.5,32.5
39,Isobaths,Isobath_shell,1.155190431,103.8967908,32.5,32.5
39,Isobaths,Isobath_shell,1.155190431,103.8968088,32.5,32.5
39,Isobaths,Isobath_shell,1.155175731,103.8968268,32.5,32.5
39,Isobaths,Isobath_shell,1.155154256,103.8968712,32.5,32.5
39,Isobaths,Isobath_shell,1.155128092,103.8968987,32.5,32.5
39,Isobaths,Isobath_shell,1.154896568,103.8970424,32.5,32.5
39,Isobaths,Isobath_shell,1.154827609,103.8970963,32.5,32.5
39,Isobaths,Isobath_shell,1.154668073,103.8972401,32.5,32.5
39,Isobaths,Isobath_shell,1.154637526,103.897276,32.5,32.5
39,Isobaths,Isobath_shell,1.154596186,103.8973659,32.5,32.5
39,Isobaths,Isobath_shell,1.154561052,103.8974198,32.5,32.5
39,Isobaths,Isobath_shell,1.154539287,103.8974417,32.5,32.5
39,Isobaths,Isobath_shell,1.154503113,103.8974487,32.5,32.5
39,Isobaths,Isobath_shell,1.154448851,103.8974432,32.5,32.5
39,Isobaths,Isobath_shell,1.154412676,103.8974199,32.5,32.5
39,Isobaths,Isobath_shell,1.154394589,103.8973902,32.5,32.5
39,Isobaths,Isobath_shell,1.154376502,103.8973785,32.5,32.5
39,Isobaths,Isobath_shell,1.154342098,103.8973299,32.5,32.5
39,Isobaths,Isobath_shell,1.154304428,103.897294,32.5,32.5
39,Isobaths,Isobath_shell,1.154270902,103.8972401,32.5,32.5
39,Isobaths,Isobath_shell,1.154240815,103.8972042,32.5,32.5
39,Isobaths,Isobath_shell,1.15422705,103.8971682,32.5,32.5
39,Isobaths,Isobath_shell,1.154222102,103.8971323,32.5,32.5
39,Isobaths,Isobath_shell,1.154225136,103.8970604,32.5,32.5
39,Isobaths,Isobath_shell,1.154220539,103.8969526,32.5,32.5
40,Isobaths,Isobath_hole,1.154990905,103.8964674,32.5,32.5
40,Isobaths,Isobath_hole,1.154991231,103.8965033,32.5,32.5
40,Isobaths,Isobath_hole,1.154991912,103.8965033,32.5,32.5
40,Isobaths,Isobath_hole,1.154991912,103.8964674,32.5,32.5
40,Isobaths,Isobath_hole,1.15499147,103.8964669,32.5,32.5
40,Isobaths,Isobath_hole,1.154990905,103.8964674,32.5,32.5
41,Isobaths,Isobath_shell,1.150306856,103.9038128,32.5,32.5
41,Isobaths,Isobath_shell,1.150306856,103.9037812,32.5,32.5
41,Isobaths,Isobath_shell,1.150324943,103.9037812,32.5,32.5
41,Isobaths,Isobath_shell,1.150324943,103.9037452,32.5,32.5
41,Isobaths,Isobath_shell,1.15034303,103.9037452,32.5,32.5
41,Isobaths,Isobath_shell,1.15034303,103.9036913,32.5,32.5
41,Isobaths,Isobath_shell,1.150361117,103.9036913,32.5,32.5
41,Isobaths,Isobath_shell,1.150361117,103.9036554,32.5,32.5
41,Isobaths,Isobath_shell,1.150379205,103.9036554,32.5,32.5
41,Isobaths,Isobath_shell,1.150379205,103.9036194,32.5,32.5
41,Isobaths,Isobath_shell,1.150397292,103.9036194,32.5,32.5
41,Isobaths,Isobath_shell,1.150397292,103.9035655,32.5,32.5
41,Isobaths,Isobath_shell,1.150415379,103.9035655,32.5,32.5
41,Isobaths,Isobath_shell,1.150415379,103.9035475,32.5,32.5
41,Isobaths,Isobath_shell,1.150433467,103.9035646,32.5,32.5
41,Isobaths,Isobath_shell,1.150438598,103.9035835,32.5,32.5
41,Isobaths,Isobath_shell,1.150505816,103.9036131,32.5,32.5
41,Isobaths,Isobath_shell,1.150596253,103.9035862,32.5,32.5
41,Isobaths,Isobath_shell,1.150632427,103.9035887,32.5,32.5
41,Isobaths,Isobath_shell,1.150759038,103.903689,32.5,32.5
41,Isobaths,Isobath_shell,1.150837311,103.9037093,32.5,32.5
41,Isobaths,Isobath_shell,1.151319745,103.9038099,32.5,32.5
41,Isobaths,Isobath_shell,1.151645317,103.9038382,32.5,32.5
41,Isobaths,Isobath_shell,1.151703621,103.903889,32.5,32.5
41,Isobaths,Isobath_shell,1.151732272,103.9039249,32.5,32.5
41,Isobaths,Isobath_shell,1.151740227,103.9039429,32.5,32.5
41,Isobaths,Isobath_shell,1.151754267,103.9040327,32.5,32.5
41,Isobaths,Isobath_shell,1.151756239,103.9041046,32.5,32.5
41,Isobaths,Isobath_shell,1.151776211,103.9042124,32.5,32.5
41,Isobaths,Isobath_shell,1.151785736,103.9042843,32.5,32.5
41,Isobaths,Isobath_shell,1.151795458,103.9043203,32.5,32.5
41,Isobaths,Isobath_shell,1.151832007,103.9043742,32.5,32.5
41,Isobaths,Isobath_shell,1.151898539,103.904446,32.5,32.5
41,Isobaths,Isobath_shell,1.151952801,103.9044828,32.5,32.5
41,Isobaths,Isobath_shell,1.151988976,103.9044862,32.5,32.5
41,Isobaths,Isobath_shell,1.152061325,103.9044439,32.5,32.5
41,Isobaths,Isobath_shell,1.152115587,103.9044291,32.5,32.5
41,Isobaths,Isobath_shell,1.152242198,103.9044385,32.5,32.5
41,Isobaths,Isobath_shell,1.152332635,103.904425,32.5,32.5
41,Isobaths,Isobath_shell,1.152386897,103.9044257,32.5,32.5
41,Isobaths,Isobath_shell,1.152459246,103.9044408,32.5,32.5
41,Isobaths,Isobath_shell,1.152513508,103.9044607,32.5,32.5
41,Isobaths,Isobath_shell,1.152549683,103.9044867,32.5,32.5
41,Isobaths,Isobath_shell,1.152640119,103.9045707,32.5,32.5
41,Isobaths,Isobath_shell,1.152676294,103.9045902,32.5,32.5
41,Isobaths,Isobath_shell,1.152874416,103.9046257,32.5,32.5
41,Isobaths,Isobath_shell,1.153164651,103.9046632,32.5,32.5
41,Isobaths,Isobath_shell,1.153200826,103.9046406,32.5,32.5
41,Isobaths,Isobath_shell,1.153224058,103.9046078,32.5,32.5
41,Isobaths,Isobath_shell,1.153279679,103.904464,32.5,32.5
41,Isobaths,Isobath_shell,1.153304863,103.9043742,32.5,32.5
41,Isobaths,Isobath_shell,1.153302496,103.9041406,32.5,32.5
41,Isobaths,Isobath_shell,1.153296329,103.9040507,32.5,32.5
41,Isobaths,Isobath_shell,1.153287581,103.9039968,32.5,32.5
41,Isobaths,Isobath_shell,1.153237262,103.9037991,32.5,32.5
41,Isobaths,Isobath_shell,1.153200826,103.903746,32.5,32.5
41,Isobaths,Isobath_shell,1.153105918,103.9036554,32.5,32.5
41,Isobaths,Isobath_shell,1.153035757,103.9035475,32.5,32.5
41,Isobaths,Isobath_shell,1.153019501,103.9035116,32.5,32.5
41,Isobaths,Isobath_shell,1.153003346,103.9034577,32.5,32.5
41,Isobaths,Isobath_shell,1.152972466,103.9033139,32.5,32.5
41,Isobaths,Isobath_shell,1.152969885,103.9031881,32.5,32.5
41,Isobaths,Isobath_shell,1.152960949,103.9031163,32.5,32.5
41,Isobaths,Isobath_shell,1.15291928,103.9029725,32.5,32.5
41,Isobaths,Isobath_shell,1.152905277,103.9029366,32.5,32.5
41,Isobaths,Isobath_shell,1.152735911,103.9026311,32.5,32.5
41,Isobaths,Isobath_shell,1.152689735,103.9025053,32.5,32.5
41,Isobaths,Isobath_shell,1.152670205,103.9024334,32.5,32.5
41,Isobaths,Isobath_shell,1.152634098,103.9021998,32.5,32.5
41,Isobaths,Isobath_shell,1.152575193,103.9019482,32.5,32.5
41,Isobaths,Isobath_shell,1.15257588,103.9019303,32.5,32.5
41,Isobaths,Isobath_shell,1.152581028,103.9019123,32.5,32.5
41,Isobaths,Isobath_shell,1.15262732,103.9018224,32.5,32.5
41,Isobaths,Isobath_shell,1.152639774,103.9017865,32.5,32.5
41,Isobaths,Isobath_shell,1.152652155,103.9017146,32.5,32.5
41,Isobaths,Isobath_shell,1.152672826,103.9016248,32.5,32.5
41,Isobaths,Isobath_shell,1.15268535,103.9015169,32.5,32.5
41,Isobaths,Isobath_shell,1.152704356,103.9014091,32.5,32.5
41,Isobaths,Isobath_shell,1.152723389,103.9012654,32.5,32.5
41,Isobaths,Isobath_shell,1.152769983,103.9010857,32.5,32.5
41,Isobaths,Isobath_shell,1.152809281,103.900888,32.5,32.5
41,Isobaths,Isobath_shell,1.152796764,103.9008161,32.5,32.5
41,Isobaths,Isobath_shell,1.152789006,103.9007981,32.5,32.5
41,Isobaths,Isobath_shell,1.152729346,103.9007263,32.5,32.5
41,Isobaths,Isobath_shell,1.152705003,103.9006724,32.5,32.5
41,Isobaths,Isobath_shell,1.152708391,103.9006544,32.5,32.5
41,Isobaths,Isobath_shell,1.152760035,103.9005466,32.5,32.5
41,Isobaths,Isobath_shell,1.152771351,103.9004927,32.5,32.5
41,Isobaths,Isobath_shell,1.152771515,103.9004567,32.5,32.5
41,Isobaths,Isobath_shell,1.15276264,103.9003848,32.5,32.5
41,Isobaths,Isobath_shell,1.152754523,103.900277,32.5,32.5
41,Isobaths,Isobath_shell,1.152709246,103.9000973,32.5,32.5
41,Isobaths,Isobath_shell,1.152701577,103.9000254,32.5,32.5
41,Isobaths,Isobath_shell,1.152697421,103.8999176,32.5,32.5
41,Isobaths,Isobath_shell,1.152685559,103.8998817,32.5,32.5
41,Isobaths,Isobath_shell,1.152662991,103.8998457,32.5,32.5
41,Isobaths,Isobath_shell,1.152650026,103.8998278,32.5,32.5
41,Isobaths,Isobath_shell,1.152622032,103.8998062,32.5,32.5
41,Isobaths,Isobath_shell,1.15256777,103.8997789,32.5,32.5
41,Isobaths,Isobath_shell,1.152531595,103.8997705,32.5,32.5
41,Isobaths,Isobath_shell,1.152133674,103.899766,32.5,32.5
41,Isobaths,Isobath_shell,1.152079413,103.8997578,32.5,32.5
41,Isobaths,Isobath_shell,1.152043238,103.8997408,32.5,32.5
41,Isobaths,Isobath_shell,1.152007063,103.899703,32.5,32.5
41,Isobaths,Isobath_shell,1.15199436,103.8996481,32.5,32.5
41,Isobaths,Isobath_shell,1.151994309,103.8996301,32.5,32.5
41,Isobaths,Isobath_shell,1.152040161,103.8995223,32.5,32.5
41,Isobaths,Isobath_shell,1.152042027,103.8994863,32.5,32.5
41,Isobaths,Isobath_shell,1.152029291,103.8994145,32.5,32.5
41,Isobaths,Isobath_shell,1.152009315,103.8993605,32.5,32.5
41,Isobaths,Isobath_shell,1.151989795,103.8993246,32.5,32.5
41,Isobaths,Isobath_shell,1.151902954,103.8992168,32.5,32.5
41,Isobaths,Isobath_shell,1.151862365,103.8991823,32.5,32.5
41,Isobaths,Isobath_shell,1.15182619,103.8991656,32.5,32.5
41,Isobaths,Isobath_shell,1.151681492,103.8991504,32.5,32.5
41,Isobaths,Isobath_shell,1.151609142,103.8991342,32.5,32.5
41,Isobaths,Isobath_shell,1.151446356,103.8990365,32.5,32.5
41,Isobaths,Isobath_shell,1.151319745,103.8989827,32.5,32.5
41,Isobaths,Isobath_shell,1.151301658,103.8989827,32.5,32.5
41,Isobaths,Isobath_shell,1.151265483,103.8990083,32.5,32.5
41,Isobaths,Isobath_shell,1.151225894,103.899073,32.5,32.5
41,Isobaths,Isobath_shell,1.151193134,103.899163,32.5,32.5
41,Isobaths,Isobath_shell,1.151144123,103.8993426,32.5,32.5
41,Isobaths,Isobath_shell,1.151119396,103.8994504,32.5,32.5
41,Isobaths,Isobath_shell,1.151107917,103.8995402,32.5,32.5
41,Isobaths,Isobath_shell,1.151107971,103.8995762,32.5,32.5
41,Isobaths,Isobath_shell,1.151111471,103.8995942,32.5,32.5
41,Isobaths,Isobath_shell,1.15113183,103.8996481,32.5,32.5
41,Isobaths,Isobath_shell,1.151159871,103.899684,32.5,32.5
41,Isobaths,Isobath_shell,1.151247396,103.8997394,32.5,32.5
41,Isobaths,Isobath_shell,1.15162723,103.8998713,32.5,32.5
41,Isobaths,Isobath_shell,1.151870579,103.8999356,32.5,32.5
41,Isobaths,Isobath_shell,1.151898539,103.8999478,32.5,32.5
41,Isobaths,Isobath_shell,1.15192569,103.8999715,32.5,32.5
41,Isobaths,Isobath_shell,1.151942108,103.9000075,32.5,32.5
41,Isobaths,Isobath_shell,1.151955208,103.9000614,32.5,32.5
41,Isobaths,Isobath_shell,1.151953907,103.9001153,32.5,32.5
41,Isobaths,Isobath_shell,1.151941469,103.9001872,32.5,32.5
41,Isobaths,Isobath_shell,1.151916627,103.9002382,32.5,32.5
41,Isobaths,Isobath_shell,1.151880452,103.900274,32.5,32.5
41,Isobaths,Isobath_shell,1.151844277,103.9002987,32.5,32.5
41,Isobaths,Isobath_shell,1.151698545,103.9003669,32.5,32.5
41,Isobaths,Isobath_shell,1.151622613,103.9004208,32.5,32.5
41,Isobaths,Isobath_shell,1.151605843,103.9004387,32.5,32.5
41,Isobaths,Isobath_shell,1.151589967,103.9004747,32.5,32.5
41,Isobaths,Isobath_shell,1.151596061,103.9005286,32.5,32.5
41,Isobaths,Isobath_shell,1.151652749,103.9007083,32.5,32.5
41,Isobaths,Isobath_shell,1.151673655,103.9007442,32.5,32.5
41,Isobaths,Isobath_shell,1.151717666,103.9007878,32.5,32.5
41,Isobaths,Isobath_shell,1.151771928,103.9008125,32.5,32.5
41,Isobaths,Isobath_shell,1.15182619,103.9008183,32.5,32.5
41,Isobaths,Isobath_shell,1.152007063,103.9007773,32.5,32.5
41,Isobaths,Isobath_shell,1.152061325,103.9007838,32.5,32.5
41,Isobaths,Isobath_shell,1.1520975,103.9008083,32.5,32.5
41,Isobaths,Isobath_shell,1.152133674,103.9008568,32.5,32.5
41,Isobaths,Isobath_shell,1.152156957,103.900906,32.5,32.5
41,Isobaths,Isobath_shell,1.152158766,103.9009239,32.5,32.5
41,Isobaths,Isobath_shell,1.152156498,103.9009419,32.5,32.5
41,Isobaths,Isobath_shell,1.152146671,103.9009599,32.5,32.5
41,Isobaths,Isobath_shell,1.152126921,103.9009778,32.5,32.5
41,Isobaths,Isobath_shell,1.152079413,103.9010018,32.5,32.5
41,Isobaths,Isobath_shell,1.152025151,103.9010153,32.5,32.5
41,Isobaths,Isobath_shell,1.151898539,103.9010282,32.5,32.5
41,Isobaths,Isobath_shell,1.151862365,103.9010396,32.5,32.5
41,Isobaths,Isobath_shell,1.15182619,103.901064,32.5,32.5
41,Isobaths,Isobath_shell,1.15178,103.9011216,32.5,32.5
41,Isobaths,Isobath_shell,1.151717666,103.9011728,32.5,32.5
41,Isobaths,Isobath_shell,1.151663404,103.9012086,32.5,32.5
41,Isobaths,Isobath_shell,1.151609142,103.901223,32.5,32.5
41,Isobaths,Isobath_shell,1.151572968,103.9012159,32.5,32.5
41,Isobaths,Isobath_shell,1.151537292,103.9011935,32.5,32.5
41,Isobaths,Isobath_shell,1.151349622,103.9010138,32.5,32.5
41,Isobaths,Isobath_shell,1.151302732,103.9009778,32.5,32.5
41,Isobaths,Isobath_shell,1.151229309,103.9009373,32.5,32.5
41,Isobaths,Isobath_shell,1.151175047,103.9009308,32.5,32.5
41,Isobaths,Isobath_shell,1.151138872,103.9009453,32.5,32.5
41,Isobaths,Isobath_shell,1.151105693,103.9009778,32.5,32.5
41,Isobaths,Isobath_shell,1.151063881,103.9010497,32.5,32.5
41,Isobaths,Isobath_shell,1.150939912,103.9012333,32.5,32.5
41,Isobaths,Isobath_shell,1.150903737,103.9012597,32.5,32.5
41,Isobaths,Isobath_shell,1.150831388,103.9012691,32.5,32.5
41,Isobaths,Isobath_shell,1.1508133,103.9012641,32.5,32.5
41,Isobaths,Isobath_shell,1.150795213,103.9012436,32.5,32.5
41,Isobaths,Isobath_shell,1.150783689,103.9012115,32.5,32.5
41,Isobaths,Isobath_shell,1.150777051,103.9011755,32.5,32.5
41,Isobaths,Isobath_shell,1.150770852,103.9010497,32.5,32.5
41,Isobaths,Isobath_shell,1.15078002,103.900906,32.5,32.5
41,Isobaths,Isobath_shell,1.150770931,103.900888,32.5,32.5
41,Isobaths,Isobath_shell,1.150779088,103.9007622,32.5,32.5
41,Isobaths,Isobath_shell,1.150768026,103.9007442,32.5,32.5
41,Isobaths,Isobath_shell,1.150769807,103.9006544,32.5,32.5
41,Isobaths,Isobath_shell,1.150759038,103.9006431,32.5,32.5
41,Isobaths,Isobath_shell,1.150740951,103.9006431,32.5,32.5
41,Isobaths,Isobath_shell,1.150740951,103.9005106,32.5,32.5
41,Isobaths,Isobath_shell,1.150759038,103.9005106,32.5,32.5
41,Isobaths,Isobath_shell,1.150759038,103.9003489,32.5,32.5
41,Isobaths,Isobath_shell,1.150777126,103.9003489,32.5,32.5
41,Isobaths,Isobath_shell,1.150777126,103.9002051,32.5,32.5
41,Isobaths,Isobath_shell,1.150795213,103.9002051,32.5,32.5
41,Isobaths,Isobath_shell,1.150795213,103.9000973,32.5,32.5
41,Isobaths,Isobath_shell,1.1508133,103.9000988,32.5,32.5
41,Isobaths,Isobath_shell,1.15088565,103.9000902,32.5,32.5
41,Isobaths,Isobath_shell,1.150903737,103.9000938,32.5,32.5
41,Isobaths,Isobath_shell,1.150921824,103.9000867,32.5,32.5
41,Isobaths,Isobath_shell,1.150960212,103.9000614,32.5,32.5
41,Isobaths,Isobath_shell,1.15099461,103.9000254,32.5,32.5
41,Isobaths,Isobath_shell,1.151002129,103.8999715,32.5,32.5
41,Isobaths,Isobath_shell,1.150998299,103.8999356,32.5,32.5
41,Isobaths,Isobath_shell,1.150939912,103.8998284,32.5,32.5
41,Isobaths,Isobath_shell,1.150908646,103.8997918,32.5,32.5
41,Isobaths,Isobath_shell,1.150901699,103.8997739,32.5,32.5
41,Isobaths,Isobath_shell,1.150910395,103.899702,32.5,32.5
41,Isobaths,Isobath_shell,1.150923629,103.8996481,32.5,32.5
41,Isobaths,Isobath_shell,1.150913444,103.8996301,32.5,32.5
41,Isobaths,Isobath_shell,1.150929135,103.8995942,32.5,32.5
41,Isobaths,Isobath_shell,1.150922657,103.8995762,32.5,32.5
41,Isobaths,Isobath_shell,1.150944532,103.8995402,32.5,32.5
41,Isobaths,Isobath_shell,1.150940125,103.8995223,32.5,32.5
41,Isobaths,Isobath_shell,1.150975837,103.8994684,32.5,32.5
41,Isobaths,Isobath_shell,1.150971458,103.8994504,32.5,32.5
41,Isobaths,Isobath_shell,1.150994174,103.8994178,32.5,32.5
41,Isobaths,Isobath_shell,1.150992449,103.8993965,32.5,32.5
41,Isobaths,Isobath_shell,1.151012261,103.8993671,32.5,32.5
41,Isobaths,Isobath_shell,1.151210517,103.8988394,32.5,32.5
41,Isobaths,Isobath_shell,1.151247396,103.8987742,32.5,32.5
41,Isobaths,Isobath_shell,1.151283571,103.8987395,32.5,32.5
41,Isobaths,Isobath_shell,1.151319745,103.8987289,32.5,32.5
41,Isobaths,Isobath_shell,1.151771928,103.8988059,32.5,32.5
41,Isobaths,Isobath_shell,1.152044485,103.8988394,32.5,32.5
41,Isobaths,Isobath_shell,1.152352876,103.8989293,32.5,32.5
41,Isobaths,Isobath_shell,1.152513508,103.8990039,32.5,32.5
41,Isobaths,Isobath_shell,1.15256777,103.8990174,32.5,32.5
41,Isobaths,Isobath_shell,1.152603945,103.8990137,32.5,32.5
41,Isobaths,Isobath_shell,1.152666938,103.8989832,32.5,32.5
41,Isobaths,Isobath_shell,1.152850534,103.8989293,32.5,32.5
41,Isobaths,Isobath_shell,1.152861003,103.8989113,32.5,32.5
41,Isobaths,Isobath_shell,1.152853457,103.8988933,32.5,32.5
41,Isobaths,Isobath_shell,1.15285093,103.8988574,32.5,32.5
41,Isobaths,Isobath_shell,1.152854583,103.8988394,32.5,32.5
41,Isobaths,Isobath_shell,1.152876702,103.8988035,32.5,32.5
41,Isobaths,Isobath_shell,1.152947604,103.8987156,32.5,32.5
41,Isobaths,Isobath_shell,1.15296696,103.8986777,32.5,32.5
41,Isobaths,Isobath_shell,1.152974223,103.8986238,32.5,32.5
41,Isobaths,Isobath_shell,1.152972858,103.8986058,32.5,32.5
41,Isobaths,Isobath_shell,1.152960223,103.8985699,32.5,32.5
41,Isobaths,Isobath_shell,1.152928855,103.8985339,32.5,32.5
41,Isobaths,Isobath_shell,1.152874264,103.898498,32.5,32.5
41,Isobaths,Isobath_shell,1.152641959,103.8984081,32.5,32.5
41,Isobaths,Isobath_shell,1.152576139,103.8983722,32.5,32.5
41,Isobaths,Isobath_shell,1.152493913,103.8983003,32.5,32.5
41,Isobaths,Isobath_shell,1.152487023,103.8982824,32.5,32.5
41,Isobaths,Isobath_shell,1.15249069,103.8982464,32.5,32.5
41,Isobaths,Isobath_shell,1.152483676,103.8982105,32.5,32.5
41,Isobaths,Isobath_shell,1.152483911,103.8981925,32.5,32.5
41,Isobaths,Isobath_shell,1.152496117,103.8981745,32.5,32.5
41,Isobaths,Isobath_shell,1.152549683,103.8981288,32.5,32.5
41,Isobaths,Isobath_shell,1.152622032,103.8980398,32.5,32.5
41,Isobaths,Isobath_shell,1.152692623,103.897869,32.5,32.5
41,Isobaths,Isobath_shell,1.152748643,103.8978074,32.5,32.5
41,Isobaths,Isobath_shell,1.152841152,103.8976893,32.5,32.5
41,Isobaths,Isobath_shell,1.152883021,103.8976534,32.5,32.5
41,Isobaths,Isobath_shell,1.152911429,103.8976381,32.5,32.5
41,Isobaths,Isobath_shell,1.153001866,103.8976025,32.5,32.5
41,Isobaths,Isobath_shell,1.153056128,103.8975949,32.5,32.5
41,Isobaths,Isobath_shell,1.153128477,103.8976079,32.5,32.5
41,Isobaths,Isobath_shell,1.153472136,103.8977325,32.5,32.5
41,Isobaths,Isobath_shell,1.153544485,103.8977392,32.5,32.5
41,Isobaths,Isobath_shell,1.153761533,103.8977277,32.5,32.5
41,Isobaths,Isobath_shell,1.153820101,103.8977073,32.5,32.5
41,Isobaths,Isobath_shell,1.153851969,103.8976657,32.5,32.5
41,Isobaths,Isobath_shell,1.153864078,103.8976354,32.5,32.5
41,Isobaths,Isobath_shell,1.153870394,103.8975815,32.5,32.5
41,Isobaths,Isobath_shell,1.153896967,103.8974737,32.5,32.5
41,Isobaths,Isobath_shell,1.153944098,103.8973839,32.5,32.5
41,Isobaths,Isobath_shell,1.153978581,103.8973712,32.5,32.5
41,Isobaths,Isobath_shell,1.154032843,103.8973685,32.5,32.5
41,Isobaths,Isobath_shell,1.154270389,103.8974018,32.5,32.5
41,Isobaths,Isobath_shell,1.154297047,103.8974378,32.5,32.5
41,Isobaths,Isobath_shell,1.15430186,103.8974557,32.5,32.5
41,Isobaths,Isobath_shell,1.154296061,103.8974737,32.5,32.5
41,Isobaths,Isobath_shell,1.154251498,103.8975276,32.5,32.5
41,Isobaths,Isobath_shell,1.154188354,103.8976534,32.5,32.5
41,Isobaths,Isobath_shell,1.154143515,103.8977073,32.5,32.5
41,Isobaths,Isobath_shell,1.154056395,103.8977792,32.5,32.5
41,Isobaths,Isobath_shell,1.154006825,103.8978331,32.5,32.5
41,Isobaths,Isobath_shell,1.153964758,103.897869,32.5,32.5
41,Isobaths,Isobath_shell,1.153794473,103.8979948,32.5,32.5
41,Isobaths,Isobath_shell,1.15377962,103.8980249,32.5,32.5
41,Isobaths,Isobath_shell,1.153770405,103.8981027,32.5,32.5
41,Isobaths,Isobath_shell,1.153760188,103.8981386,32.5,32.5
41,Isobaths,Isobath_shell,1.153698818,103.8982464,32.5,32.5
41,Isobaths,Isobath_shell,1.153665665,103.8983363,32.5,32.5
41,Isobaths,Isobath_shell,1.153608469,103.8984621,32.5,32.5
41,Isobaths,Isobath_shell,1.15359684,103.89848,32.5,32.5
41,Isobaths,Isobath_shell,1.15358066,103.8985276,32.5,32.5
41,Isobaths,Isobath_shell,1.153563059,103.8985519,32.5,32.5
41,Isobaths,Isobath_shell,1.153490223,103.8985961,32.5,32.5
41,Isobaths,Isobath_shell,1.15330935,103.898622,32.5,32.5
41,Isobaths,Isobath_shell,1.153255088,103.8986365,32.5,32.5
41,Isobaths,Isobath_shell,1.15321121,103.8986597,32.5,32.5
41,Isobaths,Isobath_shell,1.153182739,103.8986897,32.5,32.5
41,Isobaths,Isobath_shell,1.153156543,103.8987496,32.5,32.5
41,Isobaths,Isobath_shell,1.153154172,103.8987675,32.5,32.5
41,Isobaths,Isobath_shell,1.153122833,103.8988214,32.5,32.5
41,Isobaths,Isobath_shell,1.153107996,103.8988574,32.5,32.5
41,Isobaths,Isobath_shell,1.153073584,103.8989113,32.5,32.5
41,Isobaths,Isobath_shell,1.153074215,103.8989293,32.5,32.5
41,Isobaths,Isobath_shell,1.153081711,103.8989472,32.5,32.5
41,Isobaths,Isobath_shell,1.153149214,103.8990371,32.5,32.5
41,Isobaths,Isobath_shell,1.153160666,103.899073,32.5,32.5
41,Isobaths,Isobath_shell,1.153153043,103.8991449,32.5,32.5
41,Isobaths,Isobath_shell,1.15313033,103.8992527,32.5,32.5
41,Isobaths,Isobath_shell,1.153082086,103.8993785,32.5,32.5
41,Isobaths,Isobath_shell,1.153061307,103.8994684,32.5,32.5
41,Isobaths,Isobath_shell,1.15303804,103.8995393,32.5,32.5
41,Isobaths,Isobath_shell,1.153019953,103.899577,32.5,32.5
41,Isobaths,Isobath_shell,1.152969072,103.8996481,32.5,32.5
41,Isobaths,Isobath_shell,1.1529545,103.899702,32.5,32.5
41,Isobaths,Isobath_shell,1.152948185,103.8998278,32.5,32.5
41,Isobaths,Isobath_shell,1.152951892,103.8999356,32.5,32.5
41,Isobaths,Isobath_shell,1.152948502,103.9000434,32.5,32.5
41,Isobaths,Isobath_shell,1.152962407,103.9002231,32.5,32.5
41,Isobaths,Isobath_shell,1.152974582,103.9003669,32.5,32.5
41,Isobaths,Isobath_shell,1.153002893,103.9005106,32.5,32.5
41,Isobaths,Isobath_shell,1.153019193,103.9006364,32.5,32.5
41,Isobaths,Isobath_shell,1.15303401,103.9007083,32.5,32.5
41,Isobaths,Isobath_shell,1.153040811,103.9007622,32.5,32.5
41,Isobaths,Isobath_shell,1.153039915,103.9007981,32.5,32.5
41,Isobaths,Isobath_shell,1.153026331,103.900906,32.5,32.5
41,Isobaths,Isobath_shell,1.153015951,103.9009599,32.5,32.5
41,Isobaths,Isobath_shell,1.152941639,103.9011216,32.5,32.5
41,Isobaths,Isobath_shell,1.152917813,103.9011935,32.5,32.5
41,Isobaths,Isobath_shell,1.152857167,103.9013501,32.5,32.5
41,Isobaths,Isobath_shell,1.152823505,103.901463,32.5,32.5
41,Isobaths,Isobath_shell,1.15279115,103.9016248,32.5,32.5
41,Isobaths,Isobath_shell,1.15275892,103.9017506,32.5,32.5
41,Isobaths,Isobath_shell,1.152748389,103.9018224,32.5,32.5
41,Isobaths,Isobath_shell,1.152717303,103.9019482,32.5,32.5
41,Isobaths,Isobath_shell,1.152715329,103.9019662,32.5,32.5
41,Isobaths,Isobath_shell,1.152725097,103.902074,32.5,32.5
41,Isobaths,Isobath_shell,1.152766731,103.902303,32.5,32.5
41,Isobaths,Isobath_shell,1.152790411,103.9023795,32.5,32.5
41,Isobaths,Isobath_shell,1.15288421,103.9025772,32.5,32.5
41,Isobaths,Isobath_shell,1.152941304,103.9027209,32.5,32.5
41,Isobaths,Isobath_shell,1.153022895,103.9028827,32.5,32.5
41,Isobaths,Isobath_shell,1.153052806,103.9029545,32.5,32.5
41,Isobaths,Isobath_shell,1.153068936,103.9030264,32.5,32.5
41,Isobaths,Isobath_shell,1.153109329,103.9031522,32.5,32.5
41,Isobaths,Isobath_shell,1.153116129,103.9032061,32.5,32.5
41,Isobaths,Isobath_shell,1.153116341,103.903296,32.5,32.5
41,Isobaths,Isobath_shell,1.153123275,103.9033319,32.5,32.5
41,Isobaths,Isobath_shell,1.15314215,103.9033858,32.5,32.5
41,Isobaths,Isobath_shell,1.153182739,103.9034398,32.5,32.5
41,Isobaths,Isobath_shell,1.153319191,103.9035835,32.5,32.5
41,Isobaths,Isobath_shell,1.153391915,103.9036913,32.5,32.5
41,Isobaths,Isobath_shell,1.153411757,103.9037452,32.5,32.5
41,Isobaths,Isobath_shell,1.153418226,103.9037812,32.5,32.5
41,Isobaths,Isobath_shell,1.153414164,103.9038351,32.5,32.5
41,Isobaths,Isobath_shell,1.15341542,103.903889,32.5,32.5
41,Isobaths,Isobath_shell,1.153441213,103.9040327,32.5,32.5
41,Isobaths,Isobath_shell,1.153450925,103.9041226,32.5,32.5
41,Isobaths,Isobath_shell,1.153451941,103.9042843,32.5,32.5
41,Isobaths,Isobath_shell,1.153448633,103.9043562,32.5,32.5
41,Isobaths,Isobath_shell,1.153446149,103.9043742,32.5,32.5
41,Isobaths,Isobath_shell,1.153402213,103.9045179,32.5,32.5
41,Isobaths,Isobath_shell,1.153393413,103.9046437,32.5,32.5
41,Isobaths,Isobath_shell,1.153383058,103.9047336,32.5,32.5
41,Isobaths,Isobath_shell,1.153366088,103.9048054,32.5,32.5
41,Isobaths,Isobath_shell,1.153346055,103.9048414,32.5,32.5
41,Isobaths,Isobath_shell,1.153327162,103.9048594,32.5,32.5
41,Isobaths,Isobath_shell,1.153291263,103.9048816,32.5,32.5
41,Isobaths,Isobath_shell,1.153255088,103.9048933,32.5,32.5
41,Isobaths,Isobath_shell,1.153164651,103.9048962,32.5,32.5
41,Isobaths,Isobath_shell,1.153074215,103.9048682,32.5,32.5
41,Isobaths,Isobath_shell,1.153034984,103.9048414,32.5,32.5
41,Isobaths,Isobath_shell,1.153019953,103.9048221,32.5,32.5
41,Isobaths,Isobath_shell,1.15299544,103.9047695,32.5,32.5
41,Isobaths,Isobath_shell,1.152965691,103.904745,32.5,32.5
41,Isobaths,Isobath_shell,1.15289775,103.9047156,32.5,32.5
41,Isobaths,Isobath_shell,1.152658207,103.904651,32.5,32.5
41,Isobaths,Isobath_shell,1.152603945,103.9046184,32.5,32.5
41,Isobaths,Isobath_shell,1.152513508,103.9045373,32.5,32.5
41,Isobaths,Isobath_shell,1.152459246,103.9045195,32.5,32.5
41,Isobaths,Isobath_shell,1.152423072,103.9045208,32.5,32.5
41,Isobaths,Isobath_shell,1.15236881,103.9045477,32.5,32.5
41,Isobaths,Isobath_shell,1.152332635,103.9045812,32.5,32.5
41,Isobaths,Isobath_shell,1.15228277,103.9046437,32.5,32.5
41,Isobaths,Isobath_shell,1.152206024,103.9046993,32.5,32.5
41,Isobaths,Isobath_shell,1.152169849,103.9047103,32.5,32.5
41,Isobaths,Isobath_shell,1.152115587,103.9047132,32.5,32.5
41,Isobaths,Isobath_shell,1.152007063,103.9047064,32.5,32.5
41,Isobaths,Isobath_shell,1.151753655,103.9046437,32.5,32.5
41,Isobaths,Isobath_shell,1.151699579,103.9046266,32.5,32.5
41,Isobaths,Isobath_shell,1.151669079,103.9046078,32.5,32.5
41,Isobaths,Isobath_shell,1.151562457,103.904482,32.5,32.5
41,Isobaths,Isobath_shell,1.151392094,103.9043644,32.5,32.5
41,Isobaths,Isobath_shell,1.151370378,103.9043382,32.5,32.5
41,Isobaths,Isobath_shell,1.151324815,103.9042663,32.5,32.5
41,Isobaths,Isobath_shell,1.151283571,103.904217,32.5,32.5
41,Isobaths,Isobath_shell,1.151104482,103.9041226,32.5,32.5
41,Isobaths,Isobath_shell,1.151086693,103.9040866,32.5,32.5
41,Isobaths,Isobath_shell,1.151121207,103.9040148,32.5,32.5
41,Isobaths,Isobath_shell,1.151124347,103.9039968,32.5,32.5
41,Isobaths,Isobath_shell,1.15109089,103.9039429,32.5,32.5
41,Isobaths,Isobath_shell,1.150939912,103.9038839,32.5,32.5
41,Isobaths,Isobath_shell,1.150740951,103.9038259,32.5,32.5
41,Isobaths,Isobath_shell,1.150668602,103.9037926,32.5,32.5
41,Isobaths,Isobath_shell,1.15061434,103.9037767,32.5,32.5
41,Isobaths,Isobath_shell,1.150578165,103.9037818,32.5,32.5
41,Isobaths,Isobath_shell,1.150415379,103.903845,32.5,32.5
41,Isobaths,Isobath_shell,1.150379205,103.9038434,32.5,32.5
41,Isobaths,Isobath_shell,1.15034303,103.903827,32.5,32.5
41,Isobaths,Isobath_shell,1.150336101,103.9038171,32.5,32.5
41,Isobaths,Isobath_shell,1.150306856,103.9038128,32.5,32.5
42,Isobaths,Isobath_hole,1.150824903,103.9010138,32.5,32.5
42,Isobaths,Isobath_hole,1.150828571,103.9010677,32.5,32.5
42,Isobaths,Isobath_hole,1.150849475,103.9011208,32.5,32.5
42,Isobaths,Isobath_hole,1.150867562,103.9011282,32.5,32.5
42,Isobaths,Isobath_hole,1.150903737,103.901109,32.5,32.5
42,Isobaths,Isobath_hole,1.150959504,103.9010497,32.5,32.5
42,Isobaths,Isobath_hole,1.150987946,103.9009958,32.5,32.5
42,Isobaths,Isobath_hole,1.151008111,103.9009239,32.5,32.5
42,Isobaths,Isobath_hole,1.151019413,103.9008521,32.5,32.5
42,Isobaths,Isobath_hole,1.151010572,103.9007981,32.5,32.5
42,Isobaths,Isobath_hole,1.150979768,103.9007263,32.5,32.5
42,Isobaths,Isobath_hole,1.150994174,103.9007039,32.5,32.5
42,Isobaths,Isobath_hole,1.151030348,103.9006874,32.5,32.5
42,Isobaths,Isobath_hole,1.15108461,103.9006801,32.5,32.5
42,Isobaths,Isobath_hole,1.151120785,103.9006793,32.5,32.5
42,Isobaths,Isobath_hole,1.151283571,103.9007015,32.5,32.5
42,Isobaths,Isobath_hole,1.151337833,103.9006999,32.5,32.5
42,Isobaths,Isobath_hole,1.151363927,103.9006903,32.5,32.5
42,Isobaths,Isobath_hole,1.151371706,103.9006724,32.5,32.5
42,Isobaths,Isobath_hole,1.151360572,103.9006005,32.5,32.5
42,Isobaths,Isobath_hole,1.151313502,103.9004747,32.5,32.5
42,Isobaths,Isobath_hole,1.151297106,103.9004028,32.5,32.5
42,Isobaths,Isobath_hole,1.151283571,103.9003783,32.5,32.5
42,Isobaths,Isobath_hole,1.151252156,103.9003669,32.5,32.5
42,Isobaths,Isobath_hole,1.151211221,103.9003716,32.5,32.5
42,Isobaths,Isobath_hole,1.151066523,103.9004137,32.5,32.5
42,Isobaths,Isobath_hole,1.150998332,103.9004567,32.5,32.5
42,Isobaths,Isobath_hole,1.150921824,103.9004858,32.5,32.5
42,Isobaths,Isobath_hole,1.150903737,103.9005165,32.5,32.5
42,Isobaths,Isobath_hole,1.150884042,103.9005825,32.5,32.5
42,Isobaths,Isobath_hole,1.150879951,103.9006544,32.5,32.5
42,Isobaths,Isobath_hole,1.150849475,103.9007991,32.5,32.5
42,Isobaths,Isobath_hole,1.150827271,103.9009599,32.5,32.5
42,Isobaths,Isobath_hole,1.150824903,103.9010138,32.5,32.5
43,Isobaths,Isobath_shell,1.150415379,103.9035475,37.5,37.5
43,Isobaths,Isobath_shell,1.150415379,103.9035296,37.5,37.5
43,Isobaths,Isobath_shell,1.150433467,103.9035296,37.5,37.5
43,Isobaths,Isobath_shell,1.150433467,103.9034936,37.5,37.5
43,Isobaths,Isobath_shell,1.150451554,103.9034936,37.5,37.5
43,Isobaths,Isobath_shell,1.150451554,103.9034397,37.5,37.5
43,Isobaths,Isobath_shell,1.150469641,103.9034397,37.5,37.5
43,Isobaths,Isobath_shell,1.150469641,103.9034038,37.5,37.5
43,Isobaths,Isobath_shell,1.150487729,103.9034038,37.5,37.5
43,Isobaths,Isobath_shell,1.150487729,103.9033678,37.5,37.5
43,Isobaths,Isobath_shell,1.150505816,103.9033678,37.5,37.5
43,Isobaths,Isobath_shell,1.150505816,103.9033319,37.5,37.5
43,Isobaths,Isobath_shell,1.150523903,103.9033319,37.5,37.5
43,Isobaths,Isobath_shell,1.150523903,103.9033139,37.5,37.5
43,Isobaths,Isobath_shell,1.150541991,103.9033303,37.5,37.5
43,Isobaths,Isobath_shell,1.150551097,103.9033499,37.5,37.5
43,Isobaths,Isobath_shell,1.150632427,103.9033906,37.5,37.5
43,Isobaths,Isobath_shell,1.150668602,103.9034168,37.5,37.5
43,Isobaths,Isobath_shell,1.150777126,103.9035367,37.5,37.5
43,Isobaths,Isobath_shell,1.150897479,103.9036015,37.5,37.5
43,Isobaths,Isobath_shell,1.151012261,103.9036392,37.5,37.5
43,Isobaths,Isobath_shell,1.151066523,103.9036474,37.5,37.5
43,Isobaths,Isobath_shell,1.151138872,103.9036469,37.5,37.5
43,Isobaths,Isobath_shell,1.151283571,103.9036341,37.5,37.5
43,Isobaths,Isobath_shell,1.151446356,103.9036073,37.5,37.5
43,Isobaths,Isobath_shell,1.15162723,103.90361,37.5,37.5
43,Isobaths,Isobath_shell,1.151663404,103.9036229,37.5,37.5
43,Isobaths,Isobath_shell,1.151706124,103.9036554,37.5,37.5
43,Isobaths,Isobath_shell,1.151767463,103.9037272,37.5,37.5
43,Isobaths,Isobath_shell,1.151790015,103.9037452,37.5,37.5
43,Isobaths,Isobath_shell,1.151916627,103.9037953,37.5,37.5
43,Isobaths,Isobath_shell,1.15197035,103.9038351,37.5,37.5
43,Isobaths,Isobath_shell,1.151980484,103.903853,37.5,37.5
43,Isobaths,Isobath_shell,1.151983101,103.903871,37.5,37.5
43,Isobaths,Isobath_shell,1.151945437,103.9039788,37.5,37.5
43,Isobaths,Isobath_shell,1.151943169,103.9040148,37.5,37.5
43,Isobaths,Isobath_shell,1.151979502,103.9041765,37.5,37.5
43,Isobaths,Isobath_shell,1.152006989,103.9042304,37.5,37.5
43,Isobaths,Isobath_shell,1.152032784,103.9042663,37.5,37.5
43,Isobaths,Isobath_shell,1.152075458,103.9043023,37.5,37.5
43,Isobaths,Isobath_shell,1.152115944,103.9043203,37.5,37.5
43,Isobaths,Isobath_shell,1.152206024,103.9043399,37.5,37.5
43,Isobaths,Isobath_shell,1.152332635,103.9043308,37.5,37.5
43,Isobaths,Isobath_shell,1.152495421,103.9043718,37.5,37.5
43,Isobaths,Isobath_shell,1.15256777,103.9044045,37.5,37.5
43,Isobaths,Isobath_shell,1.152658207,103.9044777,37.5,37.5
43,Isobaths,Isobath_shell,1.152694381,103.904488,37.5,37.5
43,Isobaths,Isobath_shell,1.152757539,103.904464,37.5,37.5
43,Isobaths,Isobath_shell,1.152983778,103.9043275,37.5,37.5
43,Isobaths,Isobath_shell,1.153056371,103.9042663,37.5,37.5
43,Isobaths,Isobath_shell,1.153070035,103.9042484,37.5,37.5
43,Isobaths,Isobath_shell,1.153079539,103.9042124,37.5,37.5
43,Isobaths,Isobath_shell,1.153074139,103.9041585,37.5,37.5
43,Isobaths,Isobath_shell,1.153045583,103.9040866,37.5,37.5
43,Isobaths,Isobath_shell,1.153029687,103.9040148,37.5,37.5
43,Isobaths,Isobath_shell,1.153012201,103.9039609,37.5,37.5
43,Isobaths,Isobath_shell,1.152967225,103.903871,37.5,37.5
43,Isobaths,Isobath_shell,1.152954679,103.9038351,37.5,37.5
43,Isobaths,Isobath_shell,1.152879681,103.9036913,37.5,37.5
43,Isobaths,Isobath_shell,1.152824998,103.9035475,37.5,37.5
43,Isobaths,Isobath_shell,1.152816294,103.9034936,37.5,37.5
43,Isobaths,Isobath_shell,1.152826913,103.9033858,37.5,37.5
43,Isobaths,Isobath_shell,1.15282534,103.9032061,37.5,37.5
43,Isobaths,Isobath_shell,1.152815678,103.9031163,37.5,37.5
43,Isobaths,Isobath_shell,1.152799991,103.9030444,37.5,37.5
43,Isobaths,Isobath_shell,1.152780098,103.9029725,37.5,37.5
43,Isobaths,Isobath_shell,1.152763518,103.9029366,37.5,37.5
43,Isobaths,Isobath_shell,1.152730556,103.9028851,37.5,37.5
43,Isobaths,Isobath_shell,1.152640119,103.9027706,37.5,37.5
43,Isobaths,Isobath_shell,1.152591417,103.902685,37.5,37.5
43,Isobaths,Isobath_shell,1.152577207,103.902649,37.5,37.5
43,Isobaths,Isobath_shell,1.15256948,103.9026131,37.5,37.5
43,Isobaths,Isobath_shell,1.152566772,103.9025412,37.5,37.5
43,Isobaths,Isobath_shell,1.152554198,103.9024514,37.5,37.5
43,Isobaths,Isobath_shell,1.152550939,103.9023615,37.5,37.5
43,Isobaths,Isobath_shell,1.152538761,103.9022717,37.5,37.5
43,Isobaths,Isobath_shell,1.152512419,103.9021639,37.5,37.5
43,Isobaths,Isobath_shell,1.152462199,103.9020021,37.5,37.5
43,Isobaths,Isobath_shell,1.152434489,103.9019303,37.5,37.5
43,Isobaths,Isobath_shell,1.152432236,103.9019123,37.5,37.5
43,Isobaths,Isobath_shell,1.152435927,103.9018943,37.5,37.5
43,Isobaths,Isobath_shell,1.152446141,103.9018763,37.5,37.5
43,Isobaths,Isobath_shell,1.152507001,103.9018045,37.5,37.5
43,Isobaths,Isobath_shell,1.15252748,103.9017685,37.5,37.5
43,Isobaths,Isobath_shell,1.152553991,103.9016427,37.5,37.5
43,Isobaths,Isobath_shell,1.152560259,103.9015709,37.5,37.5
43,Isobaths,Isobath_shell,1.152562297,103.901463,37.5,37.5
43,Isobaths,Isobath_shell,1.152572386,103.9013912,37.5,37.5
43,Isobaths,Isobath_shell,1.152576492,103.9013193,37.5,37.5
43,Isobaths,Isobath_shell,1.152573992,103.9012294,37.5,37.5
43,Isobaths,Isobath_shell,1.152619479,103.9010677,37.5,37.5
43,Isobaths,Isobath_shell,1.152643003,103.9009239,37.5,37.5
43,Isobaths,Isobath_shell,1.152644649,103.900888,37.5,37.5
43,Isobaths,Isobath_shell,1.152640184,103.90087,37.5,37.5
43,Isobaths,Isobath_shell,1.152622032,103.9008423,37.5,37.5
43,Isobaths,Isobath_shell,1.152588309,103.9008161,37.5,37.5
43,Isobaths,Isobath_shell,1.152549683,103.9008059,37.5,37.5
43,Isobaths,Isobath_shell,1.152513508,103.9008057,37.5,37.5
43,Isobaths,Isobath_shell,1.152459246,103.90082,37.5,37.5
43,Isobaths,Isobath_shell,1.152423072,103.9008454,37.5,37.5
43,Isobaths,Isobath_shell,1.152409737,103.90087,37.5,37.5
43,Isobaths,Isobath_shell,1.15239609,103.9009778,37.5,37.5
43,Isobaths,Isobath_shell,1.152387108,103.9009958,37.5,37.5
43,Isobaths,Isobath_shell,1.152332635,103.901045,37.5,37.5
43,Isobaths,Isobath_shell,1.152278373,103.9010731,37.5,37.5
43,Isobaths,Isobath_shell,1.152206024,103.9010947,37.5,37.5
43,Isobaths,Isobath_shell,1.152007063,103.9011125,37.5,37.5
43,Isobaths,Isobath_shell,1.151952801,103.9011306,37.5,37.5
43,Isobaths,Isobath_shell,1.151889827,103.9011935,37.5,37.5
43,Isobaths,Isobath_shell,1.151821213,103.9013013,37.5,37.5
43,Isobaths,Isobath_shell,1.151712257,103.9014451,37.5,37.5
43,Isobaths,Isobath_shell,1.151707157,103.901463,37.5,37.5
43,Isobaths,Isobath_shell,1.151707385,103.9015169,37.5,37.5
43,Isobaths,Isobath_shell,1.151691895,103.9015888,37.5,37.5
43,Isobaths,Isobath_shell,1.151672887,103.9016248,37.5,37.5
43,Isobaths,Isobath_shell,1.151645317,103.9016519,37.5,37.5
43,Isobaths,Isobath_shell,1.15159176,103.9016966,37.5,37.5
43,Isobaths,Isobath_shell,1.151536793,103.9017244,37.5,37.5
43,Isobaths,Isobath_shell,1.151329874,103.9017865,37.5,37.5
43,Isobaths,Isobath_shell,1.151211221,103.9018144,37.5,37.5
43,Isobaths,Isobath_shell,1.151120785,103.901819,37.5,37.5
43,Isobaths,Isobath_shell,1.151030348,103.9017917,37.5,37.5
43,Isobaths,Isobath_shell,1.150966314,103.9017506,37.5,37.5
43,Isobaths,Isobath_shell,1.150953219,103.9017326,37.5,37.5
43,Isobaths,Isobath_shell,1.150939123,103.9016787,37.5,37.5
43,Isobaths,Isobath_shell,1.150941165,103.9016607,37.5,37.5
43,Isobaths,Isobath_shell,1.150957999,103.901635,37.5,37.5
43,Isobaths,Isobath_shell,1.150981808,103.9016068,37.5,37.5
43,Isobaths,Isobath_shell,1.151006725,103.9015888,37.5,37.5
43,Isobaths,Isobath_shell,1.1511726,103.9015349,37.5,37.5
43,Isobaths,Isobath_shell,1.151203648,103.901481,37.5,37.5
43,Isobaths,Isobath_shell,1.151229309,103.9014487,37.5,37.5
43,Isobaths,Isobath_shell,1.151302778,103.9013912,37.5,37.5
43,Isobaths,Isobath_shell,1.151319745,103.9013682,37.5,37.5
43,Isobaths,Isobath_shell,1.15132582,103.9013552,37.5,37.5
43,Isobaths,Isobath_shell,1.151325817,103.9013372,37.5,37.5
43,Isobaths,Isobath_shell,1.151313787,103.9013013,37.5,37.5
43,Isobaths,Isobath_shell,1.151194845,103.9011396,37.5,37.5
43,Isobaths,Isobath_shell,1.151175047,103.9011306,37.5,37.5
43,Isobaths,Isobath_shell,1.151156959,103.9011341,37.5,37.5
43,Isobaths,Isobath_shell,1.151120785,103.9011596,37.5,37.5
43,Isobaths,Isobath_shell,1.15108461,103.9012071,37.5,37.5
43,Isobaths,Isobath_shell,1.151044802,103.9013013,37.5,37.5
43,Isobaths,Isobath_shell,1.151023171,103.9013372,37.5,37.5
43,Isobaths,Isobath_shell,1.150994174,103.9013583,37.5,37.5
43,Isobaths,Isobath_shell,1.150957999,103.9013707,37.5,37.5
43,Isobaths,Isobath_shell,1.150903737,103.9013774,37.5,37.5
43,Isobaths,Isobath_shell,1.150777126,103.9013736,37.5,37.5
43,Isobaths,Isobath_shell,1.150710302,103.9013193,37.5,37.5
43,Isobaths,Isobath_shell,1.150702644,103.9013013,37.5,37.5
43,Isobaths,Isobath_shell,1.150699635,103.9012474,37.5,37.5
43,Isobaths,Isobath_shell,1.150686689,103.9012349,37.5,37.5
43,Isobaths,Isobath_shell,1.150668602,103.9012349,37.5,37.5
43,Isobaths,Isobath_shell,1.150668602,103.9011036,37.5,37.5
43,Isobaths,Isobath_shell,1.150686689,103.9011036,37.5,37.5
43,Isobaths,Isobath_shell,1.150686689,103.9009419,37.5,37.5
43,Isobaths,Isobath_shell,1.150704776,103.9009419,37.5,37.5
43,Isobaths,Isobath_shell,1.150704776,103.9007981,37.5,37.5
43,Isobaths,Isobath_shell,1.150722864,103.9007981,37.5,37.5
43,Isobaths,Isobath_shell,1.150722864,103.9006544,37.5,37.5
43,Isobaths,Isobath_shell,1.150740951,103.9006544,37.5,37.5
43,Isobaths,Isobath_shell,1.150740951,103.9006431,37.5,37.5
43,Isobaths,Isobath_shell,1.150759038,103.9006431,37.5,37.5
43,Isobaths,Isobath_shell,1.150769807,103.9006544,37.5,37.5
43,Isobaths,Isobath_shell,1.150768026,103.9007442,37.5,37.5
43,Isobaths,Isobath_shell,1.150779088,103.9007622,37.5,37.5
43,Isobaths,Isobath_shell,1.150770931,103.900888,37.5,37.5
43,Isobaths,Isobath_shell,1.15078002,103.900906,37.5,37.5
43,Isobaths,Isobath_shell,1.150770852,103.9010497,37.5,37.5
43,Isobaths,Isobath_shell,1.150777051,103.9011755,37.5,37.5
43,Isobaths,Isobath_shell,1.150783689,103.9012115,37.5,37.5
43,Isobaths,Isobath_shell,1.150795213,103.9012436,37.5,37.5
43,Isobaths,Isobath_shell,1.1508133,103.9012641,37.5,37.5
43,Isobaths,Isobath_shell,1.150831388,103.9012691,37.5,37.5
43,Isobaths,Isobath_shell,1.150903737,103.9012597,37.5,37.5
43,Isobaths,Isobath_shell,1.150939912,103.9012333,37.5,37.5
43,Isobaths,Isobath_shell,1.151063881,103.9010497,37.5,37.5
43,Isobaths,Isobath_shell,1.151105693,103.9009778,37.5,37.5
43,Isobaths,Isobath_shell,1.151138872,103.9009453,37.5,37.5
43,Isobaths,Isobath_shell,1.151175047,103.9009308,37.5,37.5
43,Isobaths,Isobath_shell,1.151229309,103.9009373,37.5,37.5
43,Isobaths,Isobath_shell,1.151302732,103.9009778,37.5,37.5
43,Isobaths,Isobath_shell,1.151349622,103.9010138,37.5,37.5
43,Isobaths,Isobath_shell,1.151537292,103.9011935,37.5,37.5
43,Isobaths,Isobath_shell,1.151572968,103.9012159,37.5,37.5
43,Isobaths,Isobath_shell,1.151609142,103.901223,37.5,37.5
43,Isobaths,Isobath_shell,1.151663404,103.9012086,37.5,37.5
43,Isobaths,Isobath_shell,1.151717666,103.9011728,37.5,37.5
43,Isobaths,Isobath_shell,1.15178,103.9011216,37.5,37.5
43,Isobaths,Isobath_shell,1.15182619,103.901064,37.5,37.5
43,Isobaths,Isobath_shell,1.151862365,103.9010396,37.5,37.5
43,Isobaths,Isobath_shell,1.151898539,103.9010282,37.5,37.5
43,Isobaths,Isobath_shell,1.152025151,103.9010153,37.5,37.5
43,Isobaths,Isobath_shell,1.152079413,103.9010018,37.5,37.5
43,Isobaths,Isobath_shell,1.152126921,103.9009778,37.5,37.5
43,Isobaths,Isobath_shell,1.152146671,103.9009599,37.5,37.5
43,Isobaths,Isobath_shell,1.152156498,103.9009419,37.5,37.5
43,Isobaths,Isobath_shell,1.152158766,103.9009239,37.5,37.5
43,Isobaths,Isobath_shell,1.152156957,103.900906,37.5,37.5
43,Isobaths,Isobath_shell,1.152133674,103.9008568,37.5,37.5
43,Isobaths,Isobath_shell,1.1520975,103.9008083,37.5,37.5
43,Isobaths,Isobath_shell,1.152061325,103.9007838,37.5,37.5
43,Isobaths,Isobath_shell,1.152007063,103.9007773,37.5,37.5
43,Isobaths,Isobath_shell,1.15182619,103.9008183,37.5,37.5
43,Isobaths,Isobath_shell,1.151771928,103.9008125,37.5,37.5
43,Isobaths,Isobath_shell,1.151717666,103.9007878,37.5,37.5
43,Isobaths,Isobath_shell,1.151673655,103.9007442,37.5,37.5
43,Isobaths,Isobath_shell,1.151652749,103.9007083,37.5,37.5
43,Isobaths,Isobath_shell,1.151596061,103.9005286,37.5,37.5
43,Isobaths,Isobath_shell,1.151589967,103.9004747,37.5,37.5
43,Isobaths,Isobath_shell,1.151605843,103.9004387,37.5,37.5
43,Isobaths,Isobath_shell,1.151622613,103.9004208,37.5,37.5
43,Isobaths,Isobath_shell,1.151698545,103.9003669,37.5,37.5
43,Isobaths,Isobath_shell,1.151844277,103.9002987,37.5,37.5
43,Isobaths,Isobath_shell,1.151880452,103.900274,37.5,37.5
43,Isobaths,Isobath_shell,1.151916627,103.9002382,37.5,37.5
43,Isobaths,Isobath_shell,1.151941469,103.9001872,37.5,37.5
43,Isobaths,Isobath_shell,1.151953907,103.9001153,37.5,37.5
43,Isobaths,Isobath_shell,1.151955208,103.9000614,37.5,37.5
43,Isobaths,Isobath_shell,1.151942108,103.9000075,37.5,37.5
43,Isobaths,Isobath_shell,1.15192569,103.8999715,37.5,37.5
43,Isobaths,Isobath_shell,1.151898539,103.8999478,37.5,37.5
43,Isobaths,Isobath_shell,1.151870579,103.8999356,37.5,37.5
43,Isobaths,Isobath_shell,1.15162723,103.8998713,37.5,37.5
43,Isobaths,Isobath_shell,1.151247396,103.8997394,37.5,37.5
43,Isobaths,Isobath_shell,1.151159871,103.899684,37.5,37.5
43,Isobaths,Isobath_shell,1.15113183,103.8996481,37.5,37.5
43,Isobaths,Isobath_shell,1.151111471,103.8995942,37.5,37.5
43,Isobaths,Isobath_shell,1.151107971,103.8995762,37.5,37.5
43,Isobaths,Isobath_shell,1.151107917,103.8995402,37.5,37.5
43,Isobaths,Isobath_shell,1.151119396,103.8994504,37.5,37.5
43,Isobaths,Isobath_shell,1.151144123,103.8993426,37.5,37.5
43,Isobaths,Isobath_shell,1.151193134,103.899163,37.5,37.5
43,Isobaths,Isobath_shell,1.151225894,103.899073,37.5,37.5
43,Isobaths,Isobath_shell,1.151265483,103.8990083,37.5,37.5
43,Isobaths,Isobath_shell,1.151301658,103.8989827,37.5,37.5
43,Isobaths,Isobath_shell,1.151319745,103.8989827,37.5,37.5
43,Isobaths,Isobath_shell,1.151446356,103.8990365,37.5,37.5
43,Isobaths,Isobath_shell,1.151609142,103.8991342,37.5,37.5
43,Isobaths,Isobath_shell,1.151681492,103.8991504,37.5,37.5
43,Isobaths,Isobath_shell,1.15182619,103.8991656,37.5,37.5
43,Isobaths,Isobath_shell,1.151862365,103.8991823,37.5,37.5
43,Isobaths,Isobath_shell,1.151902954,103.8992168,37.5,37.5
43,Isobaths,Isobath_shell,1.151989795,103.8993246,37.5,37.5
43,Isobaths,Isobath_shell,1.152009315,103.8993605,37.5,37.5
43,Isobaths,Isobath_shell,1.152029291,103.8994145,37.5,37.5
43,Isobaths,Isobath_shell,1.152042027,103.8994863,37.5,37.5
43,Isobaths,Isobath_shell,1.152040161,103.8995223,37.5,37.5
43,Isobaths,Isobath_shell,1.151994309,103.8996301,37.5,37.5
43,Isobaths,Isobath_shell,1.15199436,103.8996481,37.5,37.5
43,Isobaths,Isobath_shell,1.152007063,103.899703,37.5,37.5
43,Isobaths,Isobath_shell,1.152043238,103.8997408,37.5,37.5
43,Isobaths,Isobath_shell,1.152079413,103.8997578,37.5,37.5
43,Isobaths,Isobath_shell,1.152133674,103.899766,37.5,37.5
43,Isobaths,Isobath_shell,1.152531595,103.8997705,37.5,37.5
43,Isobaths,Isobath_shell,1.15256777,103.8997789,37.5,37.5
43,Isobaths,Isobath_shell,1.152622032,103.8998062,37.5,37.5
43,Isobaths,Isobath_shell,1.152650026,103.8998278,37.5,37.5
43,Isobaths,Isobath_shell,1.152662991,103.8998457,37.5,37.5
43,Isobaths,Isobath_shell,1.152685559,103.8998817,37.5,37.5
43,Isobaths,Isobath_shell,1.152697421,103.8999176,37.5,37.5
43,Isobaths,Isobath_shell,1.152701577,103.9000254,37.5,37.5
43,Isobaths,Isobath_shell,1.152709246,103.9000973,37.5,37.5
43,Isobaths,Isobath_shell,1.152754523,103.900277,37.5,37.5
43,Isobaths,Isobath_shell,1.15276264,103.9003848,37.5,37.5
43,Isobaths,Isobath_shell,1.152771515,103.9004567,37.5,37.5
43,Isobaths,Isobath_shell,1.152771351,103.9004927,37.5,37.5
43,Isobaths,Isobath_shell,1.152760035,103.9005466,37.5,37.5
43,Isobaths,Isobath_shell,1.152708391,103.9006544,37.5,37.5
43,Isobaths,Isobath_shell,1.152705003,103.9006724,37.5,37.5
43,Isobaths,Isobath_shell,1.152729346,103.9007263,37.5,37.5
43,Isobaths,Isobath_shell,1.152789006,103.9007981,37.5,37.5
43,Isobaths,Isobath_shell,1.152796764,103.9008161,37.5,37.5
43,Isobaths,Isobath_shell,1.152809281,103.900888,37.5,37.5
43,Isobaths,Isobath_shell,1.152769983,103.9010857,37.5,37.5
43,Isobaths,Isobath_shell,1.152723389,103.9012654,37.5,37.5
43,Isobaths,Isobath_shell,1.152704356,103.9014091,37.5,37.5
43,Isobaths,Isobath_shell,1.15268535,103.9015169,37.5,37.5
43,Isobaths,Isobath_shell,1.152672826,103.9016248,37.5,37.5
43,Isobaths,Isobath_shell,1.152652155,103.9017146,37.5,37.5
43,Isobaths,Isobath_shell,1.152639774,103.9017865,37.5,37.5
43,Isobaths,Isobath_shell,1.15262732,103.9018224,37.5,37.5
43,Isobaths,Isobath_shell,1.152581028,103.9019123,37.5,37.5
43,Isobaths,Isobath_shell,1.15257588,103.9019303,37.5,37.5
43,Isobaths,Isobath_shell,1.152575193,103.9019482,37.5,37.5
43,Isobaths,Isobath_shell,1.152634098,103.9021998,37.5,37.5
43,Isobaths,Isobath_shell,1.152670205,103.9024334,37.5,37.5
43,Isobaths,Isobath_shell,1.152689735,103.9025053,37.5,37.5
43,Isobaths,Isobath_shell,1.152735911,103.9026311,37.5,37.5
43,Isobaths,Isobath_shell,1.152905277,103.9029366,37.5,37.5
43,Isobaths,Isobath_shell,1.15291928,103.9029725,37.5,37.5
43,Isobaths,Isobath_shell,1.152960949,103.9031163,37.5,37.5
43,Isobaths,Isobath_shell,1.152969885,103.9031881,37.5,37.5
43,Isobaths,Isobath_shell,1.152972466,103.9033139,37.5,37.5
43,Isobaths,Isobath_shell,1.153003346,103.9034577,37.5,37.5
43,Isobaths,Isobath_shell,1.153019501,103.9035116,37.5,37.5
43,Isobaths,Isobath_shell,1.153035757,103.9035475,37.5,37.5
43,Isobaths,Isobath_shell,1.153105918,103.9036554,37.5,37.5
43,Isobaths,Isobath_shell,1.153200826,103.903746,37.5,37.5
43,Isobaths,Isobath_shell,1.153237262,103.9037991,37.5,37.5
43,Isobaths,Isobath_shell,1.153287581,103.9039968,37.5,37.5
43,Isobaths,Isobath_shell,1.153296329,103.9040507,37.5,37.5
43,Isobaths,Isobath_shell,1.153302496,103.9041406,37.5,37.5
43,Isobaths,Isobath_shell,1.153304863,103.9043742,37.5,37.5
43,Isobaths,Isobath_shell,1.153279679,103.904464,37.5,37.5
43,Isobaths,Isobath_shell,1.153224058,103.9046078,37.5,37.5
43,Isobaths,Isobath_shell,1.153200826,103.9046406,37.5,37.5
43,Isobaths,Isobath_shell,1.153164651,103.9046632,37.5,37.5
43,Isobaths,Isobath_shell,1.152874416,103.9046257,37.5,37.5
43,Isobaths,Isobath_shell,1.152676294,103.9045902,37.5,37.5
43,Isobaths,Isobath_shell,1.152640119,103.9045707,37.5,37.5
43,Isobaths,Isobath_shell,1.152549683,103.9044867,37.5,37.5
43,Isobaths,Isobath_shell,1.152513508,103.9044607,37.5,37.5
43,Isobaths,Isobath_shell,1.152459246,103.9044408,37.5,37.5
43,Isobaths,Isobath_shell,1.152386897,103.9044257,37.5,37.5
43,Isobaths,Isobath_shell,1.152332635,103.904425,37.5,37.5
43,Isobaths,Isobath_shell,1.152242198,103.9044385,37.5,37.5
43,Isobaths,Isobath_shell,1.152115587,103.9044291,37.5,37.5
43,Isobaths,Isobath_shell,1.152061325,103.9044439,37.5,37.5
43,Isobaths,Isobath_shell,1.151988976,103.9044862,37.5,37.5
43,Isobaths,Isobath_shell,1.151952801,103.9044828,37.5,37.5
43,Isobaths,Isobath_shell,1.151898539,103.904446,37.5,37.5
43,Isobaths,Isobath_shell,1.151832007,103.9043742,37.5,37.5
43,Isobaths,Isobath_shell,1.151795458,103.9043203,37.5,37.5
43,Isobaths,Isobath_shell,1.151785736,103.9042843,37.5,37.5
43,Isobaths,Isobath_shell,1.151776211,103.9042124,37.5,37.5
43,Isobaths,Isobath_shell,1.151756239,103.9041046,37.5,37.5
43,Isobaths,Isobath_shell,1.151754267,103.9040327,37.5,37.5
43,Isobaths,Isobath_shell,1.151740227,103.9039429,37.5,37.5
43,Isobaths,Isobath_shell,1.151732272,103.9039249,37.5,37.5
43,Isobaths,Isobath_shell,1.151703621,103.903889,37.5,37.5
43,Isobaths,Isobath_shell,1.151645317,103.9038382,37.5,37.5
43,Isobaths,Isobath_shell,1.151319745,103.9038099,37.5,37.5
43,Isobaths,Isobath_shell,1.150837311,103.9037093,37.5,37.5
43,Isobaths,Isobath_shell,1.150759038,103.903689,37.5,37.5
43,Isobaths,Isobath_shell,1.150632427,103.9035887,37.5,37.5
43,Isobaths,Isobath_shell,1.150596253,103.9035862,37.5,37.5
43,Isobaths,Isobath_shell,1.150505816,103.9036131,37.5,37.5
43,Isobaths,Isobath_shell,1.150438598,103.9035835,37.5,37.5
43,Isobaths,Isobath_shell,1.150433467,103.9035646,37.5,37.5
43,Isobaths,Isobath_shell,1.150415379,103.9035475,37.5,37.5
44,Isobaths,Isobath_hole,1.152013695,103.9004567,37.5,37.5
44,Isobaths,Isobath_hole,1.152025151,103.9004738,37.5,37.5
44,Isobaths,Isobath_hole,1.152115587,103.9004825,37.5,37.5
44,Isobaths,Isobath_hole,1.152495421,103.9004685,37.5,37.5
44,Isobaths,Isobath_hole,1.152513508,103.9004604,37.5,37.5
44,Isobaths,Isobath_hole,1.152531595,103.9004412,37.5,37.5
44,Isobaths,Isobath_hole,1.152545308,103.9003848,37.5,37.5
44,Isobaths,Isobath_hole,1.152544927,103.9003309,37.5,37.5
44,Isobaths,Isobath_hole,1.152513508,103.9002426,37.5,37.5
44,Isobaths,Isobath_hole,1.152477802,103.9001692,37.5,37.5
44,Isobaths,Isobath_hole,1.152441159,103.9001349,37.5,37.5
44,Isobaths,Isobath_hole,1.152293129,103.9000434,37.5,37.5
44,Isobaths,Isobath_hole,1.152224111,103.9000237,37.5,37.5
44,Isobaths,Isobath_hole,1.152133674,103.9000148,37.5,37.5
44,Isobaths,Isobath_hole,1.152106303,103.9000254,37.5,37.5
44,Isobaths,Isobath_hole,1.152088482,103.9000434,37.5,37.5
44,Isobaths,Isobath_hole,1.152072214,103.9000973,37.5,37.5
44,Isobaths,Isobath_hole,1.152040095,103.9003489,37.5,37.5
44,Isobaths,Isobath_hole,1.152013695,103.9004567,37.5,37.5
45,Isobaths,Isobath_shell,1.154990905,103.8964674,37.5,37.5
45,Isobaths,Isobath_shell,1.15499147,103.8964669,37.5,37.5
45,Isobaths,Isobath_shell,1.154991912,103.8964674,37.5,37.5
45,Isobaths,Isobath_shell,1.154991912,103.8965033,37.5,37.5
45,Isobaths,Isobath_shell,1.154991231,103.8965033,37.5,37.5
45,Isobaths,Isobath_shell,1.154990905,103.8964674,37.5,37.5
46,Isobaths,Isobath_shell,1.150469641,103.9023256,37.5,37.5
46,Isobaths,Isobath_shell,1.150469641,103.9021818,37.5,37.5
46,Isobaths,Isobath_shell,1.150487729,103.9021818,37.5,37.5
46,Isobaths,Isobath_shell,1.150487729,103.902074,37.5,37.5
46,Isobaths,Isobath_shell,1.150505816,103.902074,37.5,37.5
46,Isobaths,Isobath_shell,1.150505816,103.9020201,37.5,37.5
46,Isobaths,Isobath_shell,1.150523903,103.9020201,37.5,37.5
46,Isobaths,Isobath_shell,1.150523903,103.9020021,37.5,37.5
46,Isobaths,Isobath_shell,1.150541991,103.9020153,37.5,37.5
46,Isobaths,Isobath_shell,1.150560078,103.9020354,37.5,37.5
46,Isobaths,Isobath_shell,1.150578165,103.902045,37.5,37.5
46,Isobaths,Isobath_shell,1.150601169,103.902074,37.5,37.5
46,Isobaths,Isobath_shell,1.150652249,103.9021639,37.5,37.5
46,Isobaths,Isobath_shell,1.150665206,103.9022178,37.5,37.5
46,Isobaths,Isobath_shell,1.150673955,103.9023076,37.5,37.5
46,Isobaths,Isobath_shell,1.150690438,103.9023795,37.5,37.5
46,Isobaths,Isobath_shell,1.150712441,103.9024514,37.5,37.5
46,Isobaths,Isobath_shell,1.150726929,103.9025233,37.5,37.5
46,Isobaths,Isobath_shell,1.150728372,103.9025412,37.5,37.5
46,Isobaths,Isobath_shell,1.150724384,103.9025772,37.5,37.5
46,Isobaths,Isobath_shell,1.150708754,103.9026311,37.5,37.5
46,Isobaths,Isobath_shell,1.1506792,103.902685,37.5,37.5
46,Isobaths,Isobath_shell,1.150650515,103.9027251,37.5,37.5
46,Isobaths,Isobath_shell,1.15061434,103.9027435,37.5,37.5
46,Isobaths,Isobath_shell,1.150610896,103.9027569,37.5,37.5
46,Isobaths,Isobath_shell,1.150596253,103.9027689,37.5,37.5
46,Isobaths,Isobath_shell,1.150578165,103.9027689,37.5,37.5
46,Isobaths,Isobath_shell,1.150578165,103.9027389,37.5,37.5
46,Isobaths,Isobath_shell,1.150560078,103.9027209,37.5,37.5
46,Isobaths,Isobath_shell,1.150560078,103.9026854,37.5,37.5
46,Isobaths,Isobath_shell,1.15057873,103.902685,37.5,37.5
46,Isobaths,Isobath_shell,1.150580475,103.902649,37.5,37.5
46,Isobaths,Isobath_shell,1.150602899,103.9026131,37.5,37.5
46,Isobaths,Isobath_shell,1.150609676,103.9025951,37.5,37.5
46,Isobaths,Isobath_shell,1.150613429,103.9025772,37.5,37.5
46,Isobaths,Isobath_shell,1.150612873,103.9025592,37.5,37.5
46,Isobaths,Isobath_shell,1.150602446,103.9025233,37.5,37.5
46,Isobaths,Isobath_shell,1.150578165,103.9024894,37.5,37.5
46,Isobaths,Isobath_shell,1.150541991,103.9024525,37.5,37.5
46,Isobaths,Isobath_shell,1.150523903,103.9024614,37.5,37.5
46,Isobaths,Isobath_shell,1.150505816,103.9024514,37.5,37.5
46,Isobaths,Isobath_shell,1.150505816,103.9024334,37.5,37.5
46,Isobaths,Isobath_shell,1.150487729,103.9024154,37.5,37.5
46,Isobaths,Isobath_shell,1.150487729,103.9023436,37.5,37.5
46,Isobaths,Isobath_shell,1.150469641,103.9023256,37.5,37.5
47,Isobaths,Isobath_shell,1.150523903,103.9020021,42.5,42.5
47,Isobaths,Isobath_shell,1.150523903,103.9019482,42.5,42.5
47,Isobaths,Isobath_shell,1.150541991,103.9019482,42.5,42.5
47,Isobaths,Isobath_shell,1.150541991,103.9018763,42.5,42.5
47,Isobaths,Isobath_shell,1.150560078,103.9018763,42.5,42.5
47,Isobaths,Isobath_shell,1.150560078,103.9018584,42.5,42.5
47,Isobaths,Isobath_shell,1.150578165,103.9018593,42.5,42.5
47,Isobaths,Isobath_shell,1.150596253,103.9018616,42.5,42.5
47,Isobaths,Isobath_shell,1.150611537,103.9018763,42.5,42.5
47,Isobaths,Isobath_shell,1.150624811,103.9018943,42.5,42.5
47,Isobaths,Isobath_shell,1.150650515,103.9019499,42.5,42.5
47,Isobaths,Isobath_shell,1.150740951,103.9020285,42.5,42.5
47,Isobaths,Isobath_shell,1.150838542,103.9021279,42.5,42.5
47,Isobaths,Isobath_shell,1.150864055,103.9021639,42.5,42.5
47,Isobaths,Isobath_shell,1.150868736,103.9021818,42.5,42.5
47,Isobaths,Isobath_shell,1.150866171,103.9022178,42.5,42.5
47,Isobaths,Isobath_shell,1.150846086,103.9023076,42.5,42.5
47,Isobaths,Isobath_shell,1.150844763,103.9023615,42.5,42.5
47,Isobaths,Isobath_shell,1.150850116,103.9024334,42.5,42.5
47,Isobaths,Isobath_shell,1.150846106,103.9024873,42.5,42.5
47,Isobaths,Isobath_shell,1.150846314,103.9025233,42.5,42.5
47,Isobaths,Isobath_shell,1.150822098,103.9026311,42.5,42.5
47,Isobaths,Isobath_shell,1.150802797,103.902685,42.5,42.5
47,Isobaths,Isobath_shell,1.150794069,103.9027209,42.5,42.5
47,Isobaths,Isobath_shell,1.150784925,103.9027389,42.5,42.5
47,Isobaths,Isobath_shell,1.15076646,103.9027569,42.5,42.5
47,Isobaths,Isobath_shell,1.150686689,103.9028131,42.5,42.5
47,Isobaths,Isobath_shell,1.150668602,103.9028462,42.5,42.5
47,Isobaths,Isobath_shell,1.150650969,103.9028647,42.5,42.5
47,Isobaths,Isobath_shell,1.150647918,103.9028827,42.5,42.5
47,Isobaths,Isobath_shell,1.150637363,103.9029006,42.5,42.5
47,Isobaths,Isobath_shell,1.150637901,103.9029186,42.5,42.5
47,Isobaths,Isobath_shell,1.150632427,103.9029248,42.5,42.5
47,Isobaths,Isobath_shell,1.15061434,103.9029248,42.5,42.5
47,Isobaths,Isobath_shell,1.15061434,103.9029006,42.5,42.5
47,Isobaths,Isobath_shell,1.150596253,103.9028827,42.5,42.5
47,Isobaths,Isobath_shell,1.150596253,103.9028287,42.5,42.5
47,Isobaths,Isobath_shell,1.150578165,103.9028108,42.5,42.5
47,Isobaths,Isobath_shell,1.150578165,103.9027689,42.5,42.5
47,Isobaths,Isobath_shell,1.150596253,103.9027689,42.5,42.5
47,Isobaths,Isobath_shell,1.150610896,103.9027569,42.5,42.5
47,Isobaths,Isobath_shell,1.15061434,103.9027435,42.5,42.5
47,Isobaths,Isobath_shell,1.150650515,103.9027251,42.5,42.5
47,Isobaths,Isobath_shell,1.1506792,103.902685,42.5,42.5
47,Isobaths,Isobath_shell,1.150708754,103.9026311,42.5,42.5
47,Isobaths,Isobath_shell,1.150724384,103.9025772,42.5,42.5
47,Isobaths,Isobath_shell,1.150728372,103.9025412,42.5,42.5
47,Isobaths,Isobath_shell,1.150726929,103.9025233,42.5,42.5
47,Isobaths,Isobath_shell,1.150712441,103.9024514,42.5,42.5
47,Isobaths,Isobath_shell,1.150690438,103.9023795,42.5,42.5
47,Isobaths,Isobath_shell,1.150673955,103.9023076,42.5,42.5
47,Isobaths,Isobath_shell,1.150665206,103.9022178,42.5,42.5
47,Isobaths,Isobath_shell,1.150652249,103.9021639,42.5,42.5
47,Isobaths,Isobath_shell,1.150601169,103.902074,42.5,42.5
47,Isobaths,Isobath_shell,1.150578165,103.902045,42.5,42.5
47,Isobaths,Isobath_shell,1.150560078,103.9020354,42.5,42.5
47,Isobaths,Isobath_shell,1.150541991,103.9020153,42.5,42.5
47,Isobaths,Isobath_shell,1.150523903,103.9020021,42.5,42.5
48,Isobaths,Isobath_shell,1.152013695,103.9004567,42.5,42.5
48,Isobaths,Isobath_shell,1.152040095,103.9003489,42.5,42.5
48,Isobaths,Isobath_shell,1.152072214,103.9000973,42.5,42.5
48,Isobaths,Isobath_shell,1.152088482,103.9000434,42.5,42.5
48,Isobaths,Isobath_shell,1.152106303,103.9000254,42.5,42.5
48,Isobaths,Isobath_shell,1.152133674,103.9000148,42.5,42.5
48,Isobaths,Isobath_shell,1.152224111,103.9000237,42.5,42.5
48,Isobaths,Isobath_shell,1.152293129,103.9000434,42.5,42.5
48,Isobaths,Isobath_shell,1.152441159,103.9001349,42.5,42.5
48,Isobaths,Isobath_shell,1.152477802,103.9001692,42.5,42.5
48,Isobaths,Isobath_shell,1.152513508,103.9002426,42.5,42.5
48,Isobaths,Isobath_shell,1.152544927,103.9003309,42.5,42.5
48,Isobaths,Isobath_shell,1.152545308,103.9003848,42.5,42.5
48,Isobaths,Isobath_shell,1.152531595,103.9004412,42.5,42.5
48,Isobaths,Isobath_shell,1.152513508,103.9004604,42.5,42.5
48,Isobaths,Isobath_shell,1.152495421,103.9004685,42.5,42.5
48,Isobaths,Isobath_shell,1.152115587,103.9004825,42.5,42.5
48,Isobaths,Isobath_shell,1.152025151,103.9004738,42.5,42.5
48,Isobaths,Isobath_shell,1.152013695,103.9004567,42.5,42.5
49,Isobaths,Isobath_shell,1.150523903,103.9033139,42.5,42.5
49,Isobaths,Isobath_shell,1.150523903,103.903278,42.5,42.5
49,Isobaths,Isobath_shell,1.150541991,103.903278,42.5,42.5
49,Isobaths,Isobath_shell,1.150541991,103.9032421,42.5,42.5
49,Isobaths,Isobath_shell,1.150560078,103.9032421,42.5,42.5
49,Isobaths,Isobath_shell,1.150560078,103.9032061,42.5,42.5
49,Isobaths,Isobath_shell,1.150578165,103.9032061,42.5,42.5
49,Isobaths,Isobath_shell,1.150578165,103.9031522,42.5,42.5
49,Isobaths,Isobath_shell,1.150596253,103.9031522,42.5,42.5
49,Isobaths,Isobath_shell,1.150596253,103.9031163,42.5,42.5
49,Isobaths,Isobath_shell,1.15061434,103.9031163,42.5,42.5
49,Isobaths,Isobath_shell,1.15061434,103.9030803,42.5,42.5
49,Isobaths,Isobath_shell,1.150632427,103.9030803,42.5,42.5
49,Isobaths,Isobath_shell,1.150632427,103.9030624,42.5,42.5
49,Isobaths,Isobath_shell,1.150650515,103.9030786,42.5,42.5
49,Isobaths,Isobath_shell,1.150654281,103.9030803,42.5,42.5
49,Isobaths,Isobath_shell,1.150656325,103.9030983,42.5,42.5
49,Isobaths,Isobath_shell,1.150677976,103.9031163,42.5,42.5
49,Isobaths,Isobath_shell,1.150704776,103.9031806,42.5,42.5
49,Isobaths,Isobath_shell,1.150828252,103.9033499,42.5,42.5
49,Isobaths,Isobath_shell,1.150996879,103.9034757,42.5,42.5
49,Isobaths,Isobath_shell,1.151055845,103.9035116,42.5,42.5
49,Isobaths,Isobath_shell,1.151102697,103.9035246,42.5,42.5
49,Isobaths,Isobath_shell,1.151138872,103.9035257,42.5,42.5
49,Isobaths,Isobath_shell,1.151428269,103.9034872,42.5,42.5
49,Isobaths,Isobath_shell,1.151753841,103.9034983,42.5,42.5
49,Isobaths,Isobath_shell,1.151785493,103.9035116,42.5,42.5
49,Isobaths,Isobath_shell,1.1518451,103.9035655,42.5,42.5
49,Isobaths,Isobath_shell,1.151902702,103.9036015,42.5,42.5
49,Isobaths,Isobath_shell,1.152187936,103.9037377,42.5,42.5
49,Isobaths,Isobath_shell,1.152230827,103.9037812,42.5,42.5
49,Isobaths,Isobath_shell,1.152245146,103.9038171,42.5,42.5
49,Isobaths,Isobath_shell,1.152234827,103.903853,42.5,42.5
49,Isobaths,Isobath_shell,1.152203618,103.9039069,42.5,42.5
49,Isobaths,Isobath_shell,1.1521374,103.9039968,42.5,42.5
49,Isobaths,Isobath_shell,1.15212535,103.9040327,42.5,42.5
49,Isobaths,Isobath_shell,1.152127976,103.9040866,42.5,42.5
49,Isobaths,Isobath_shell,1.152157246,103.9041945,42.5,42.5
49,Isobaths,Isobath_shell,1.152174932,103.9042124,42.5,42.5
49,Isobaths,Isobath_shell,1.152206024,103.9042217,42.5,42.5
49,Isobaths,Isobath_shell,1.15229646,103.9042177,42.5,42.5
49,Isobaths,Isobath_shell,1.152505549,103.9042484,42.5,42.5
49,Isobaths,Isobath_shell,1.152565759,103.9042484,42.5,42.5
49,Isobaths,Isobath_shell,1.152603945,103.9042382,42.5,42.5
49,Isobaths,Isobath_shell,1.152636714,103.9042124,42.5,42.5
49,Isobaths,Isobath_shell,1.152651519,103.9041765,42.5,42.5
49,Isobaths,Isobath_shell,1.152653095,103.9041406,42.5,42.5
49,Isobaths,Isobath_shell,1.15261702,103.9040327,42.5,42.5
49,Isobaths,Isobath_shell,1.152609215,103.9039429,42.5,42.5
49,Isobaths,Isobath_shell,1.152603034,103.9039249,42.5,42.5
49,Isobaths,Isobath_shell,1.152582208,103.903889,42.5,42.5
49,Isobaths,Isobath_shell,1.152524196,103.9038351,42.5,42.5
49,Isobaths,Isobath_shell,1.15251434,103.9038171,42.5,42.5
49,Isobaths,Isobath_shell,1.152519869,103.9037991,42.5,42.5
49,Isobaths,Isobath_shell,1.152583151,103.9037272,42.5,42.5
49,Isobaths,Isobath_shell,1.152610216,103.9036733,42.5,42.5
49,Isobaths,Isobath_shell,1.152614287,103.9034757,42.5,42.5
49,Isobaths,Isobath_shell,1.152665882,103.9033319,42.5,42.5
49,Isobaths,Isobath_shell,1.152673778,103.9032421,42.5,42.5
49,Isobaths,Isobath_shell,1.152667798,103.9031881,42.5,42.5
49,Isobaths,Isobath_shell,1.152653651,103.9031342,42.5,42.5
49,Isobaths,Isobath_shell,1.15259318,103.9029905,42.5,42.5
49,Isobaths,Isobath_shell,1.152552155,103.9029186,42.5,42.5
49,Isobaths,Isobath_shell,1.152487833,103.9028467,42.5,42.5
49,Isobaths,Isobath_shell,1.152464355,103.9028108,42.5,42.5
49,Isobaths,Isobath_shell,1.152431857,103.9027389,42.5,42.5
49,Isobaths,Isobath_shell,1.152401323,103.902649,42.5,42.5
49,Isobaths,Isobath_shell,1.152394226,103.9026131,42.5,42.5
49,Isobaths,Isobath_shell,1.152395593,103.9025772,42.5,42.5
49,Isobaths,Isobath_shell,1.152412532,103.9025053,42.5,42.5
49,Isobaths,Isobath_shell,1.152431914,103.9023795,42.5,42.5
49,Isobaths,Isobath_shell,1.152435069,103.9023256,42.5,42.5
49,Isobaths,Isobath_shell,1.152430197,103.9022717,42.5,42.5
49,Isobaths,Isobath_shell,1.152396366,103.9021639,42.5,42.5
49,Isobaths,Isobath_shell,1.152343603,103.902056,42.5,42.5
49,Isobaths,Isobath_shell,1.152330443,103.9020381,42.5,42.5
49,Isobaths,Isobath_shell,1.152248202,103.9019662,42.5,42.5
49,Isobaths,Isobath_shell,1.152147364,103.9018943,42.5,42.5
49,Isobaths,Isobath_shell,1.152116044,103.9018584,42.5,42.5
49,Isobaths,Isobath_shell,1.152135794,103.9018224,42.5,42.5
49,Isobaths,Isobath_shell,1.152169639,103.9018045,42.5,42.5
49,Isobaths,Isobath_shell,1.152224111,103.9017937,42.5,42.5
49,Isobaths,Isobath_shell,1.152332635,103.9017899,42.5,42.5
49,Isobaths,Isobath_shell,1.152386897,103.9017696,42.5,42.5
49,Isobaths,Isobath_shell,1.152404984,103.9017516,42.5,42.5
49,Isobaths,Isobath_shell,1.152417924,103.9017146,42.5,42.5
49,Isobaths,Isobath_shell,1.152432977,103.9016248,42.5,42.5
49,Isobaths,Isobath_shell,1.152430552,103.9015888,42.5,42.5
49,Isobaths,Isobath_shell,1.152423072,103.9015568,42.5,42.5
49,Isobaths,Isobath_shell,1.152404984,103.9015252,42.5,42.5
49,Isobaths,Isobath_shell,1.152386897,103.9015123,42.5,42.5
49,Isobaths,Isobath_shell,1.152350722,103.9015124,42.5,42.5
49,Isobaths,Isobath_shell,1.152187936,103.9015585,42.5,42.5
49,Isobaths,Isobath_shell,1.151934714,103.9016142,42.5,42.5
49,Isobaths,Isobath_shell,1.151898725,103.9016427,42.5,42.5
49,Isobaths,Isobath_shell,1.15182703,103.9017326,42.5,42.5
49,Isobaths,Isobath_shell,1.151790015,103.9017704,42.5,42.5
49,Isobaths,Isobath_shell,1.151735753,103.9018077,42.5,42.5
49,Isobaths,Isobath_shell,1.151663404,103.9018359,42.5,42.5
49,Isobaths,Isobath_shell,1.151482531,103.9018763,42.5,42.5
49,Isobaths,Isobath_shell,1.151102697,103.9019219,42.5,42.5
49,Isobaths,Isobath_shell,1.15088565,103.9019056,42.5,42.5
49,Isobaths,Isobath_shell,1.150777126,103.9018821,42.5,42.5
49,Isobaths,Isobath_shell,1.150727978,103.9018584,42.5,42.5
49,Isobaths,Isobath_shell,1.15071727,103.9018404,42.5,42.5
49,Isobaths,Isobath_shell,1.150718684,103.9018224,42.5,42.5
49,Isobaths,Isobath_shell,1.150728953,103.9017865,42.5,42.5
49,Isobaths,Isobath_shell,1.150730697,103.9017506,42.5,42.5
49,Isobaths,Isobath_shell,1.150742888,103.9016966,42.5,42.5
49,Isobaths,Isobath_shell,1.15073195,103.9016427,42.5,42.5
49,Isobaths,Isobath_shell,1.150704776,103.9015771,42.5,42.5
49,Isobaths,Isobath_shell,1.150668602,103.9015527,42.5,42.5
49,Isobaths,Isobath_shell,1.150650515,103.9015306,42.5,42.5
49,Isobaths,Isobath_shell,1.150632427,103.9015306,42.5,42.5
49,Isobaths,Isobath_shell,1.150632427,103.9013912,42.5,42.5
49,Isobaths,Isobath_shell,1.150650515,103.9013912,42.5,42.5
49,Isobaths,Isobath_shell,1.150650515,103.9012474,42.5,42.5
49,Isobaths,Isobath_shell,1.150668602,103.9012474,42.5,42.5
49,Isobaths,Isobath_shell,1.150668602,103.9012349,42.5,42.5
49,Isobaths,Isobath_shell,1.150686689,103.9012349,42.5,42.5
49,Isobaths,Isobath_shell,1.150699635,103.9012474,42.5,42.5
49,Isobaths,Isobath_shell,1.150702644,103.9013013,42.5,42.5
49,Isobaths,Isobath_shell,1.150710302,103.9013193,42.5,42.5
49,Isobaths,Isobath_shell,1.150777126,103.9013736,42.5,42.5
49,Isobaths,Isobath_shell,1.150903737,103.9013774,42.5,42.5
49,Isobaths,Isobath_shell,1.150957999,103.9013707,42.5,42.5
49,Isobaths,Isobath_shell,1.150994174,103.9013583,42.5,42.5
49,Isobaths,Isobath_shell,1.151023171,103.9013372,42.5,42.5
49,Isobaths,Isobath_shell,1.151044802,103.9013013,42.5,42.5
49,Isobaths,Isobath_shell,1.15108461,103.9012071,42.5,42.5
49,Isobaths,Isobath_shell,1.151120785,103.9011596,42.5,42.5
49,Isobaths,Isobath_shell,1.151156959,103.9011341,42.5,42.5
49,Isobaths,Isobath_shell,1.151175047,103.9011306,42.5,42.5
49,Isobaths,Isobath_shell,1.151194845,103.9011396,42.5,42.5
49,Isobaths,Isobath_shell,1.151313787,103.9013013,42.5,42.5
49,Isobaths,Isobath_shell,1.151325817,103.9013372,42.5,42.5
49,Isobaths,Isobath_shell,1.15132582,103.9013552,42.5,42.5
49,Isobaths,Isobath_shell,1.151319745,103.9013682,42.5,42.5
49,Isobaths,Isobath_shell,1.151302778,103.9013912,42.5,42.5
49,Isobaths,Isobath_shell,1.151229309,103.9014487,42.5,42.5
49,Isobaths,Isobath_shell,1.151203648,103.901481,42.5,42.5
49,Isobaths,Isobath_shell,1.1511726,103.9015349,42.5,42.5
49,Isobaths,Isobath_shell,1.151006725,103.9015888,42.5,42.5
49,Isobaths,Isobath_shell,1.150981808,103.9016068,42.5,42.5
49,Isobaths,Isobath_shell,1.150957999,103.901635,42.5,42.5
49,Isobaths,Isobath_shell,1.150941165,103.9016607,42.5,42.5
49,Isobaths,Isobath_shell,1.150939123,103.9016787,42.5,42.5
49,Isobaths,Isobath_shell,1.150953219,103.9017326,42.5,42.5
49,Isobaths,Isobath_shell,1.150966314,103.9017506,42.5,42.5
49,Isobaths,Isobath_shell,1.151030348,103.9017917,42.5,42.5
49,Isobaths,Isobath_shell,1.151120785,103.901819,42.5,42.5
49,Isobaths,Isobath_shell,1.151211221,103.9018144,42.5,42.5
49,Isobaths,Isobath_shell,1.151329874,103.9017865,42.5,42.5
49,Isobaths,Isobath_shell,1.151536793,103.9017244,42.5,42.5
49,Isobaths,Isobath_shell,1.15159176,103.9016966,42.5,42.5
49,Isobaths,Isobath_shell,1.151645317,103.9016519,42.5,42.5
49,Isobaths,Isobath_shell,1.151672887,103.9016248,42.5,42.5
49,Isobaths,Isobath_shell,1.151691895,103.9015888,42.5,42.5
49,Isobaths,Isobath_shell,1.151707385,103.9015169,42.5,42.5
49,Isobaths,Isobath_shell,1.151707157,103.901463,42.5,42.5
49,Isobaths,Isobath_shell,1.151712257,103.9014451,42.5,42.5
49,Isobaths,Isobath_shell,1.151821213,103.9013013,42.5,42.5
49,Isobaths,Isobath_shell,1.151889827,103.9011935,42.5,42.5
49,Isobaths,Isobath_shell,1.151952801,103.9011306,42.5,42.5
49,Isobaths,Isobath_shell,1.152007063,103.9011125,42.5,42.5
49,Isobaths,Isobath_shell,1.152206024,103.9010947,42.5,42.5
49,Isobaths,Isobath_shell,1.152278373,103.9010731,42.5,42.5
49,Isobaths,Isobath_shell,1.152332635,103.901045,42.5,42.5
49,Isobaths,Isobath_shell,1.152387108,103.9009958,42.5,42.5
49,Isobaths,Isobath_shell,1.15239609,103.9009778,42.5,42.5
49,Isobaths,Isobath_shell,1.152409737,103.90087,42.5,42.5
49,Isobaths,Isobath_shell,1.152423072,103.9008454,42.5,42.5
49,Isobaths,Isobath_shell,1.152459246,103.90082,42.5,42.5
49,Isobaths,Isobath_shell,1.152513508,103.9008057,42.5,42.5
49,Isobaths,Isobath_shell,1.152549683,103.9008059,42.5,42.5
49,Isobaths,Isobath_shell,1.152588309,103.9008161,42.5,42.5
49,Isobaths,Isobath_shell,1.152622032,103.9008423,42.5,42.5
49,Isobaths,Isobath_shell,1.152640184,103.90087,42.5,42.5
49,Isobaths,Isobath_shell,1.152644649,103.900888,42.5,42.5
49,Isobaths,Isobath_shell,1.152643003,103.9009239,42.5,42.5
49,Isobaths,Isobath_shell,1.152619479,103.9010677,42.5,42.5
49,Isobaths,Isobath_shell,1.152573992,103.9012294,42.5,42.5
49,Isobaths,Isobath_shell,1.152576492,103.9013193,42.5,42.5
49,Isobaths,Isobath_shell,1.152572386,103.9013912,42.5,42.5
49,Isobaths,Isobath_shell,1.152562297,103.901463,42.5,42.5
49,Isobaths,Isobath_shell,1.152560259,103.9015709,42.5,42.5
49,Isobaths,Isobath_shell,1.152553991,103.9016427,42.5,42.5
49,Isobaths,Isobath_shell,1.15252748,103.9017685,42.5,42.5
49,Isobaths,Isobath_shell,1.152507001,103.9018045,42.5,42.5
49,Isobaths,Isobath_shell,1.152446141,103.9018763,42.5,42.5
49,Isobaths,Isobath_shell,1.152435927,103.9018943,42.5,42.5
49,Isobaths,Isobath_shell,1.152432236,103.9019123,42.5,42.5
49,Isobaths,Isobath_shell,1.152434489,103.9019303,42.5,42.5
49,Isobaths,Isobath_shell,1.152462199,103.9020021,42.5,42.5
49,Isobaths,Isobath_shell,1.152512419,103.9021639,42.5,42.5
49,Isobaths,Isobath_shell,1.152538761,103.9022717,42.5,42.5
49,Isobaths,Isobath_shell,1.152550939,103.9023615,42.5,42.5
49,Isobaths,Isobath_shell,1.152554198,103.9024514,42.5,42.5
49,Isobaths,Isobath_shell,1.152566772,103.9025412,42.5,42.5
49,Isobaths,Isobath_shell,1.15256948,103.9026131,42.5,42.5
49,Isobaths,Isobath_shell,1.152577207,103.902649,42.5,42.5
49,Isobaths,Isobath_shell,1.152591417,103.902685,42.5,42.5
49,Isobaths,Isobath_shell,1.152640119,103.9027706,42.5,42.5
49,Isobaths,Isobath_shell,1.152730556,103.9028851,42.5,42.5
49,Isobaths,Isobath_shell,1.152763518,103.9029366,42.5,42.5
49,Isobaths,Isobath_shell,1.152780098,103.9029725,42.5,42.5
49,Isobaths,Isobath_shell,1.152799991,103.9030444,42.5,42.5
49,Isobaths,Isobath_shell,1.152815678,103.9031163,42.5,42.5
49,Isobaths,Isobath_shell,1.15282534,103.9032061,42.5,42.5
49,Isobaths,Isobath_shell,1.152826913,103.9033858,42.5,42.5
49,Isobaths,Isobath_shell,1.152816294,103.9034936,42.5,42.5
49,Isobaths,Isobath_shell,1.152824998,103.9035475,42.5,42.5
49,Isobaths,Isobath_shell,1.152879681,103.9036913,42.5,42.5
49,Isobaths,Isobath_shell,1.152954679,103.9038351,42.5,42.5
49,Isobaths,Isobath_shell,1.152967225,103.903871,42.5,42.5
49,Isobaths,Isobath_shell,1.153012201,103.9039609,42.5,42.5
49,Isobaths,Isobath_shell,1.153029687,103.9040148,42.5,42.5
49,Isobaths,Isobath_shell,1.153045583,103.9040866,42.5,42.5
49,Isobaths,Isobath_shell,1.153074139,103.9041585,42.5,42.5
49,Isobaths,Isobath_shell,1.153079539,103.9042124,42.5,42.5
49,Isobaths,Isobath_shell,1.153070035,103.9042484,42.5,42.5
49,Isobaths,Isobath_shell,1.153056371,103.9042663,42.5,42.5
49,Isobaths,Isobath_shell,1.152983778,103.9043275,42.5,42.5
49,Isobaths,Isobath_shell,1.152757539,103.904464,42.5,42.5
49,Isobaths,Isobath_shell,1.152694381,103.904488,42.5,42.5
49,Isobaths,Isobath_shell,1.152658207,103.9044777,42.5,42.5
49,Isobaths,Isobath_shell,1.15256777,103.9044045,42.5,42.5
49,Isobaths,Isobath_shell,1.152495421,103.9043718,42.5,42.5
49,Isobaths,Isobath_shell,1.152332635,103.9043308,42.5,42.5
49,Isobaths,Isobath_shell,1.152206024,103.9043399,42.5,42.5
49,Isobaths,Isobath_shell,1.152115944,103.9043203,42.5,42.5
49,Isobaths,Isobath_shell,1.152075458,103.9043023,42.5,42.5
49,Isobaths,Isobath_shell,1.152032784,103.9042663,42.5,42.5
49,Isobaths,Isobath_shell,1.152006989,103.9042304,42.5,42.5
49,Isobaths,Isobath_shell,1.151979502,103.9041765,42.5,42.5
49,Isobaths,Isobath_shell,1.151943169,103.9040148,42.5,42.5
49,Isobaths,Isobath_shell,1.151945437,103.9039788,42.5,42.5
49,Isobaths,Isobath_shell,1.151983101,103.903871,42.5,42.5
49,Isobaths,Isobath_shell,1.151980484,103.903853,42.5,42.5
49,Isobaths,Isobath_shell,1.15197035,103.9038351,42.5,42.5
49,Isobaths,Isobath_shell,1.151916627,103.9037953,42.5,42.5
49,Isobaths,Isobath_shell,1.151790015,103.9037452,42.5,42.5
49,Isobaths,Isobath_shell,1.151767463,103.9037272,42.5,42.5
49,Isobaths,Isobath_shell,1.151706124,103.9036554,42.5,42.5
49,Isobaths,Isobath_shell,1.151663404,103.9036229,42.5,42.5
49,Isobaths,Isobath_shell,1.15162723,103.90361,42.5,42.5
49,Isobaths,Isobath_shell,1.151446356,103.9036073,42.5,42.5
49,Isobaths,Isobath_shell,1.151283571,103.9036341,42.5,42.5
49,Isobaths,Isobath_shell,1.151138872,103.9036469,42.5,42.5
49,Isobaths,Isobath_shell,1.151066523,103.9036474,42.5,42.5
49,Isobaths,Isobath_shell,1.151012261,103.9036392,42.5,42.5
49,Isobaths,Isobath_shell,1.150897479,103.9036015,42.5,42.5
49,Isobaths,Isobath_shell,1.150777126,103.9035367,42.5,42.5
49,Isobaths,Isobath_shell,1.150668602,103.9034168,42.5,42.5
49,Isobaths,Isobath_shell,1.150632427,103.9033906,42.5,42.5
49,Isobaths,Isobath_shell,1.150551097,103.9033499,42.5,42.5
49,Isobaths,Isobath_shell,1.150541991,103.9033303,42.5,42.5
49,Isobaths,Isobath_shell,1.150523903,103.9033139,42.5,42.5
50,Isobaths,Isobath_shell,1.150560078,103.9018584,47.5,47.5
50,Isobaths,Isobath_shell,1.150560078,103.9018224,47.5,47.5
50,Isobaths,Isobath_shell,1.150578165,103.9018224,47.5,47.5
50,Isobaths,Isobath_shell,1.150578165,103.9017506,47.5,47.5
50,Isobaths,Isobath_shell,1.150596253,103.9017506,47.5,47.5
50,Isobaths,Isobath_shell,1.150596253,103.9016787,47.5,47.5
50,Isobaths,Isobath_shell,1.15061434,103.9016787,47.5,47.5
50,Isobaths,Isobath_shell,1.15061434,103.9015349,47.5,47.5
50,Isobaths,Isobath_shell,1.150632427,103.9015349,47.5,47.5
50,Isobaths,Isobath_shell,1.150632427,103.9015306,47.5,47.5
50,Isobaths,Isobath_shell,1.150650515,103.9015306,47.5,47.5
50,Isobaths,Isobath_shell,1.150668602,103.9015527,47.5,47.5
50,Isobaths,Isobath_shell,1.150704776,103.9015771,47.5,47.5
50,Isobaths,Isobath_shell,1.15073195,103.9016427,47.5,47.5
50,Isobaths,Isobath_shell,1.150742888,103.9016966,47.5,47.5
50,Isobaths,Isobath_shell,1.150730697,103.9017506,47.5,47.5
50,Isobaths,Isobath_shell,1.150728953,103.9017865,47.5,47.5
50,Isobaths,Isobath_shell,1.150718684,103.9018224,47.5,47.5
50,Isobaths,Isobath_shell,1.15071727,103.9018404,47.5,47.5
50,Isobaths,Isobath_shell,1.150727978,103.9018584,47.5,47.5
50,Isobaths,Isobath_shell,1.150777126,103.9018821,47.5,47.5
50,Isobaths,Isobath_shell,1.15088565,103.9019056,47.5,47.5
50,Isobaths,Isobath_shell,1.151102697,103.9019219,47.5,47.5
50,Isobaths,Isobath_shell,1.151482531,103.9018763,47.5,47.5
50,Isobaths,Isobath_shell,1.151663404,103.9018359,47.5,47.5
50,Isobaths,Isobath_shell,1.151735753,103.9018077,47.5,47.5
50,Isobaths,Isobath_shell,1.151790015,103.9017704,47.5,47.5
50,Isobaths,Isobath_shell,1.15182703,103.9017326,47.5,47.5
50,Isobaths,Isobath_shell,1.151898725,103.9016427,47.5,47.5
50,Isobaths,Isobath_shell,1.151934714,103.9016142,47.5,47.5
50,Isobaths,Isobath_shell,1.152187936,103.9015585,47.5,47.5
50,Isobaths,Isobath_shell,1.152350722,103.9015124,47.5,47.5
50,Isobaths,Isobath_shell,1.152386897,103.9015123,47.5,47.5
50,Isobaths,Isobath_shell,1.152404984,103.9015252,47.5,47.5
50,Isobaths,Isobath_shell,1.152423072,103.9015568,47.5,47.5
50,Isobaths,Isobath_shell,1.152430552,103.9015888,47.5,47.5
50,Isobaths,Isobath_shell,1.152432977,103.9016248,47.5,47.5
50,Isobaths,Isobath_shell,1.152417924,103.9017146,47.5,47.5
50,Isobaths,Isobath_shell,1.152404984,103.9017516,47.5,47.5
50,Isobaths,Isobath_shell,1.152386897,103.9017696,47.5,47.5
50,Isobaths,Isobath_shell,1.152332635,103.9017899,47.5,47.5
50,Isobaths,Isobath_shell,1.152224111,103.9017937,47.5,47.5
50,Isobaths,Isobath_shell,1.152169639,103.9018045,47.5,47.5
50,Isobaths,Isobath_shell,1.152135794,103.9018224,47.5,47.5
50,Isobaths,Isobath_shell,1.152116044,103.9018584,47.5,47.5
50,Isobaths,Isobath_shell,1.152147364,103.9018943,47.5,47.5
50,Isobaths,Isobath_shell,1.152248202,103.9019662,47.5,47.5
50,Isobaths,Isobath_shell,1.152330443,103.9020381,47.5,47.5
50,Isobaths,Isobath_shell,1.152343603,103.902056,47.5,47.5
50,Isobaths,Isobath_shell,1.152396366,103.9021639,47.5,47.5
50,Isobaths,Isobath_shell,1.152430197,103.9022717,47.5,47.5
50,Isobaths,Isobath_shell,1.152435069,103.9023256,47.5,47.5
50,Isobaths,Isobath_shell,1.152431914,103.9023795,47.5,47.5
50,Isobaths,Isobath_shell,1.152412532,103.9025053,47.5,47.5
50,Isobaths,Isobath_shell,1.152395593,103.9025772,47.5,47.5
50,Isobaths,Isobath_shell,1.152394226,103.9026131,47.5,47.5
50,Isobaths,Isobath_shell,1.152401323,103.902649,47.5,47.5
50,Isobaths,Isobath_shell,1.152431857,103.9027389,47.5,47.5
50,Isobaths,Isobath_shell,1.152464355,103.9028108,47.5,47.5
50,Isobaths,Isobath_shell,1.152487833,103.9028467,47.5,47.5
50,Isobaths,Isobath_shell,1.152552155,103.9029186,47.5,47.5
50,Isobaths,Isobath_shell,1.15259318,103.9029905,47.5,47.5
50,Isobaths,Isobath_shell,1.152653651,103.9031342,47.5,47.5
50,Isobaths,Isobath_shell,1.152667798,103.9031881,47.5,47.5
50,Isobaths,Isobath_shell,1.152673778,103.9032421,47.5,47.5
50,Isobaths,Isobath_shell,1.152665882,103.9033319,47.5,47.5
50,Isobaths,Isobath_shell,1.152614287,103.9034757,47.5,47.5
50,Isobaths,Isobath_shell,1.152610216,103.9036733,47.5,47.5
50,Isobaths,Isobath_shell,1.152583151,103.9037272,47.5,47.5
50,Isobaths,Isobath_shell,1.152519869,103.9037991,47.5,47.5
50,Isobaths,Isobath_shell,1.15251434,103.9038171,47.5,47.5
50,Isobaths,Isobath_shell,1.152524196,103.9038351,47.5,47.5
50,Isobaths,Isobath_shell,1.152582208,103.903889,47.5,47.5
50,Isobaths,Isobath_shell,1.152603034,103.9039249,47.5,47.5
50,Isobaths,Isobath_shell,1.152609215,103.9039429,47.5,47.5
50,Isobaths,Isobath_shell,1.15261702,103.9040327,47.5,47.5
50,Isobaths,Isobath_shell,1.152653095,103.9041406,47.5,47.5
50,Isobaths,Isobath_shell,1.152651519,103.9041765,47.5,47.5
50,Isobaths,Isobath_shell,1.152636714,103.9042124,47.5,47.5
50,Isobaths,Isobath_shell,1.152603945,103.9042382,47.5,47.5
50,Isobaths,Isobath_shell,1.152565759,103.9042484,47.5,47.5
50,Isobaths,Isobath_shell,1.152505549,103.9042484,47.5,47.5
50,Isobaths,Isobath_shell,1.15229646,103.9042177,47.5,47.5
50,Isobaths,Isobath_shell,1.152206024,103.9042217,47.5,47.5
50,Isobaths,Isobath_shell,1.152174932,103.9042124,47.5,47.5
50,Isobaths,Isobath_shell,1.152157246,103.9041945,47.5,47.5
50,Isobaths,Isobath_shell,1.152127976,103.9040866,47.5,47.5
50,Isobaths,Isobath_shell,1.15212535,103.9040327,47.5,47.5
50,Isobaths,Isobath_shell,1.1521374,103.9039968,47.5,47.5
50,Isobaths,Isobath_shell,1.152203618,103.9039069,47.5,47.5
50,Isobaths,Isobath_shell,1.152234827,103.903853,47.5,47.5
50,Isobaths,Isobath_shell,1.152245146,103.9038171,47.5,47.5
50,Isobaths,Isobath_shell,1.152230827,103.9037812,47.5,47.5
50,Isobaths,Isobath_shell,1.152187936,103.9037377,47.5,47.5
50,Isobaths,Isobath_shell,1.151902702,103.9036015,47.5,47.5
50,Isobaths,Isobath_shell,1.1518451,103.9035655,47.5,47.5
50,Isobaths,Isobath_shell,1.151785493,103.9035116,47.5,47.5
50,Isobaths,Isobath_shell,1.151753841,103.9034983,47.5,47.5
50,Isobaths,Isobath_shell,1.151428269,103.9034872,47.5,47.5
50,Isobaths,Isobath_shell,1.151138872,103.9035257,47.5,47.5
50,Isobaths,Isobath_shell,1.151102697,103.9035246,47.5,47.5
50,Isobaths,Isobath_shell,1.151055845,103.9035116,47.5,47.5
50,Isobaths,Isobath_shell,1.150996879,103.9034757,47.5,47.5
50,Isobaths,Isobath_shell,1.150828252,103.9033499,47.5,47.5
50,Isobaths,Isobath_shell,1.150704776,103.9031806,47.5,47.5
50,Isobaths,Isobath_shell,1.150677976,103.9031163,47.5,47.5
50,Isobaths,Isobath_shell,1.150656325,103.9030983,47.5,47.5
50,Isobaths,Isobath_shell,1.150654281,103.9030803,47.5,47.5
50,Isobaths,Isobath_shell,1.150650515,103.9030786,47.5,47.5
50,Isobaths,Isobath_shell,1.150632427,103.9030624,47.5,47.5
50,Isobaths,Isobath_shell,1.150632427,103.9029725,47.5,47.5
50,Isobaths,Isobath_shell,1.15061434,103.9029545,47.5,47.5
50,Isobaths,Isobath_shell,1.15061434,103.9029248,47.5,47.5
50,Isobaths,Isobath_shell,1.150632427,103.9029248,47.5,47.5
50,Isobaths,Isobath_shell,1.150637901,103.9029186,47.5,47.5
50,Isobaths,Isobath_shell,1.150637363,103.9029006,47.5,47.5
50,Isobaths,Isobath_shell,1.150647918,103.9028827,47.5,47.5
50,Isobaths,Isobath_shell,1.150650969,103.9028647,47.5,47.5
50,Isobaths,Isobath_shell,1.150668602,103.9028462,47.5,47.5
50,Isobaths,Isobath_shell,1.150686689,103.9028131,47.5,47.5
50,Isobaths,Isobath_shell,1.15076646,103.9027569,47.5,47.5
50,Isobaths,Isobath_shell,1.150784925,103.9027389,47.5,47.5
50,Isobaths,Isobath_shell,1.150794069,103.9027209,47.5,47.5
50,Isobaths,Isobath_shell,1.150802797,103.902685,47.5,47.5
50,Isobaths,Isobath_shell,1.150822098,103.9026311,47.5,47.5
50,Isobaths,Isobath_shell,1.150846314,103.9025233,47.5,47.5
50,Isobaths,Isobath_shell,1.150846106,103.9024873,47.5,47.5
50,Isobaths,Isobath_shell,1.150850116,103.9024334,47.5,47.5
50,Isobaths,Isobath_shell,1.150844763,103.9023615,47.5,47.5
50,Isobaths,Isobath_shell,1.150846086,103.9023076,47.5,47.5
50,Isobaths,Isobath_shell,1.150866171,103.9022178,47.5,47.5
50,Isobaths,Isobath_shell,1.150868736,103.9021818,47.5,47.5
50,Isobaths,Isobath_shell,1.150864055,103.9021639,47.5,47.5
50,Isobaths,Isobath_shell,1.150838542,103.9021279,47.5,47.5
50,Isobaths,Isobath_shell,1.150740951,103.9020285,47.5,47.5
50,Isobaths,Isobath_shell,1.150650515,103.9019499,47.5,47.5
50,Isobaths,Isobath_shell,1.150624811,103.9018943,47.5,47.5
50,Isobaths,Isobath_shell,1.150611537,103.9018763,47.5,47.5
50,Isobaths,Isobath_shell,1.150596253,103.9018616,47.5,47.5
50,Isobaths,Isobath_shell,1.150578165,103.9018593,47.5,47.5
50,Isobaths,Isobath_shell,1.150560078,103.9018584,47.5,47.5
51,Isobaths,Isobath_hole,1.150864918,103.9030264,47.5,47.5
51,Isobaths,Isobath_hole,1.150875635,103.9030624,47.5,47.5
51,Isobaths,Isobath_hole,1.150921824,103.9031163,47.5,47.5
51,Isobaths,Isobath_hole,1.150957999,103.9031374,47.5,47.5
51,Isobaths,Isobath_hole,1.150994174,103.9031443,47.5,47.5
51,Isobaths,Isobath_hole,1.151048435,103.9031209,47.5,47.5
51,Isobaths,Isobath_hole,1.1510736,103.9030983,47.5,47.5
51,Isobaths,Isobath_hole,1.151082933,103.9030803,47.5,47.5
51,Isobaths,Isobath_hole,1.151114906,103.9030084,47.5,47.5
51,Isobaths,Isobath_hole,1.151131447,103.9029545,47.5,47.5
51,Isobaths,Isobath_hole,1.151156959,103.9029117,47.5,47.5
51,Isobaths,Isobath_hole,1.151211221,103.9028489,47.5,47.5
51,Isobaths,Isobath_hole,1.151247396,103.902827,47.5,47.5
51,Isobaths,Isobath_hole,1.151265483,103.9028377,47.5,47.5
51,Isobaths,Isobath_hole,1.151274346,103.9028827,47.5,47.5
51,Isobaths,Isobath_hole,1.151267407,103.9030264,47.5,47.5
51,Isobaths,Isobath_hole,1.151250973,103.9031163,47.5,47.5
51,Isobaths,Isobath_hole,1.151254694,103.9031522,47.5,47.5
51,Isobaths,Isobath_hole,1.151267438,103.9031702,47.5,47.5
51,Isobaths,Isobath_hole,1.151301658,103.9031847,47.5,47.5
51,Isobaths,Isobath_hole,1.151392094,103.9031812,47.5,47.5
51,Isobaths,Isobath_hole,1.151572968,103.9031501,47.5,47.5
51,Isobaths,Isobath_hole,1.151808103,103.9030989,47.5,47.5
51,Isobaths,Isobath_hole,1.15182619,103.9031026,47.5,47.5
51,Isobaths,Isobath_hole,1.151844663,103.9031163,47.5,47.5
51,Isobaths,Isobath_hole,1.151835811,103.9031342,47.5,47.5
51,Isobaths,Isobath_hole,1.151841866,103.9031522,47.5,47.5
51,Isobaths,Isobath_hole,1.151934714,103.9032014,47.5,47.5
51,Isobaths,Isobath_hole,1.151963454,103.9032241,47.5,47.5
51,Isobaths,Isobath_hole,1.152079413,103.9033595,47.5,47.5
51,Isobaths,Isobath_hole,1.152260286,103.9035108,47.5,47.5
51,Isobaths,Isobath_hole,1.15229646,103.9035308,47.5,47.5
51,Isobaths,Isobath_hole,1.152314548,103.9035334,47.5,47.5
51,Isobaths,Isobath_hole,1.152350722,103.9035189,47.5,47.5
51,Isobaths,Isobath_hole,1.152423542,103.9034038,47.5,47.5
51,Isobaths,Isobath_hole,1.152453527,103.9033139,47.5,47.5
51,Isobaths,Isobath_hole,1.152453201,103.90326,47.5,47.5
51,Isobaths,Isobath_hole,1.152433735,103.9032061,47.5,47.5
51,Isobaths,Isobath_hole,1.15236915,103.9031163,47.5,47.5
51,Isobaths,Isobath_hole,1.152350224,103.9030803,47.5,47.5
51,Isobaths,Isobath_hole,1.152347202,103.9030624,47.5,47.5
51,Isobaths,Isobath_hole,1.152351907,103.9029725,47.5,47.5
51,Isobaths,Isobath_hole,1.15233872,103.9029186,47.5,47.5
51,Isobaths,Isobath_hole,1.152250416,103.9027928,47.5,47.5
51,Isobaths,Isobath_hole,1.152224111,103.9027371,47.5,47.5
51,Isobaths,Isobath_hole,1.152213651,103.902685,47.5,47.5
51,Isobaths,Isobath_hole,1.152204977,103.9025772,47.5,47.5
51,Isobaths,Isobath_hole,1.152211094,103.9024334,47.5,47.5
51,Isobaths,Isobath_hole,1.152199933,103.9023615,47.5,47.5
51,Isobaths,Isobath_hole,1.152185196,103.9023256,47.5,47.5
51,Isobaths,Isobath_hole,1.152162341,103.9022896,47.5,47.5
51,Isobaths,Isobath_hole,1.152161147,103.9022717,47.5,47.5
51,Isobaths,Isobath_hole,1.152051873,103.9021818,47.5,47.5
51,Isobaths,Isobath_hole,1.152001938,103.9021279,47.5,47.5
51,Isobaths,Isobath_hole,1.151934714,103.9020366,47.5,47.5
51,Isobaths,Isobath_hole,1.151898539,103.9020103,47.5,47.5
51,Isobaths,Isobath_hole,1.151862365,103.9019983,47.5,47.5
51,Isobaths,Isobath_hole,1.151808103,103.9020043,47.5,47.5
51,Isobaths,Isobath_hole,1.151525283,103.9021459,47.5,47.5
51,Isobaths,Isobath_hole,1.151514879,103.9021639,47.5,47.5
51,Isobaths,Isobath_hole,1.151515032,103.9021818,47.5,47.5
51,Isobaths,Isobath_hole,1.151503521,103.9021998,47.5,47.5
51,Isobaths,Isobath_hole,1.151428269,103.902243,47.5,47.5
51,Isobaths,Isobath_hole,1.151319745,103.9022811,47.5,47.5
51,Isobaths,Isobath_hole,1.151283571,103.9022874,47.5,47.5
51,Isobaths,Isobath_hole,1.151175047,103.9022782,47.5,47.5
51,Isobaths,Isobath_hole,1.151138872,103.9022639,47.5,47.5
51,Isobaths,Isobath_hole,1.151120785,103.9022643,47.5,47.5
51,Isobaths,Isobath_hole,1.15108461,103.9022807,47.5,47.5
51,Isobaths,Isobath_hole,1.151030348,103.90232,47.5,47.5
51,Isobaths,Isobath_hole,1.151012261,103.9023474,47.5,47.5
51,Isobaths,Isobath_hole,1.151000418,103.9023795,47.5,47.5
51,Isobaths,Isobath_hole,1.150947191,103.9025951,47.5,47.5
51,Isobaths,Isobath_hole,1.150939584,103.902667,47.5,47.5
51,Isobaths,Isobath_hole,1.150944135,103.9027389,47.5,47.5
51,Isobaths,Isobath_hole,1.15094017,103.9027928,47.5,47.5
51,Isobaths,Isobath_hole,1.150950944,103.9029006,47.5,47.5
51,Isobaths,Isobath_hole,1.150931622,103.9029366,47.5,47.5
51,Isobaths,Isobath_hole,1.150867562,103.903,47.5,47.5
51,Isobaths,Isobath_hole,1.150864918,103.9030264,47.5,47.5
52,Isobaths,Isobath_shell,1.150864918,103.9030264,52.5,52.5
52,Isobaths,Isobath_shell,1.150867562,103.903,52.5,52.5
52,Isobaths,Isobath_shell,1.150931622,103.9029366,52.5,52.5
52,Isobaths,Isobath_shell,1.150950944,103.9029006,52.5,52.5
52,Isobaths,Isobath_shell,1.15094017,103.9027928,52.5,52.5
52,Isobaths,Isobath_shell,1.150944135,103.9027389,52.5,52.5
52,Isobaths,Isobath_shell,1.150939584,103.902667,52.5,52.5
52,Isobaths,Isobath_shell,1.150947191,103.9025951,52.5,52.5
52,Isobaths,Isobath_shell,1.151000418,103.9023795,52.5,52.5
52,Isobaths,Isobath_shell,1.151012261,103.9023474,52.5,52.5
52,Isobaths,Isobath_shell,1.151030348,103.90232,52.5,52.5
52,Isobaths,Isobath_shell,1.15108461,103.9022807,52.5,52.5
52,Isobaths,Isobath_shell,1.151120785,103.9022643,52.5,52.5
52,Isobaths,Isobath_shell,1.151138872,103.9022639,52.5,52.5
52,Isobaths,Isobath_shell,1.151175047,103.9022782,52.5,52.5
52,Isobaths,Isobath_shell,1.151283571,103.9022874,52.5,52.5
52,Isobaths,Isobath_shell,1.151319745,103.9022811,52.5,52.5
52,Isobaths,Isobath_shell,1.151428269,103.902243,52.5,52.5
52,Isobaths,Isobath_shell,1.151503521,103.9021998,52.5,52.5
52,Isobaths,Isobath_shell,1.151515032,103.9021818,52.5,52.5
52,Isobaths,Isobath_shell,1.151514879,103.9021639,52.5,52.5
52,Isobaths,Isobath_shell,1.151525283,103.9021459,52.5,52.5
52,Isobaths,Isobath_shell,1.151808103,103.9020043,52.5,52.5
52,Isobaths,Isobath_shell,1.151862365,103.9019983,52.5,52.5
52,Isobaths,Isobath_shell,1.151898539,103.9020103,52.5,52.5
52,Isobaths,Isobath_shell,1.151934714,103.9020366,52.5,52.5
52,Isobaths,Isobath_shell,1.152001938,103.9021279,52.5,52.5
52,Isobaths,Isobath_shell,1.152051873,103.9021818,52.5,52.5
52,Isobaths,Isobath_shell,1.152161147,103.9022717,52.5,52.5
52,Isobaths,Isobath_shell,1.152162341,103.9022896,52.5,52.5
52,Isobaths,Isobath_shell,1.152185196,103.9023256,52.5,52.5
52,Isobaths,Isobath_shell,1.152199933,103.9023615,52.5,52.5
52,Isobaths,Isobath_shell,1.152211094,103.9024334,52.5,52.5
52,Isobaths,Isobath_shell,1.152204977,103.9025772,52.5,52.5
52,Isobaths,Isobath_shell,1.152213651,103.902685,52.5,52.5
52,Isobaths,Isobath_shell,1.152224111,103.9027371,52.5,52.5
52,Isobaths,Isobath_shell,1.152250416,103.9027928,52.5,52.5
52,Isobaths,Isobath_shell,1.15233872,103.9029186,52.5,52.5
52,Isobaths,Isobath_shell,1.152351907,103.9029725,52.5,52.5
52,Isobaths,Isobath_shell,1.152347202,103.9030624,52.5,52.5
52,Isobaths,Isobath_shell,1.152350224,103.9030803,52.5,52.5
52,Isobaths,Isobath_shell,1.15236915,103.9031163,52.5,52.5
52,Isobaths,Isobath_shell,1.152433735,103.9032061,52.5,52.5
52,Isobaths,Isobath_shell,1.152453201,103.90326,52.5,52.5
52,Isobaths,Isobath_shell,1.152453527,103.9033139,52.5,52.5
52,Isobaths,Isobath_shell,1.152423542,103.9034038,52.5,52.5
52,Isobaths,Isobath_shell,1.152350722,103.9035189,52.5,52.5
52,Isobaths,Isobath_shell,1.152314548,103.9035334,52.5,52.5
52,Isobaths,Isobath_shell,1.15229646,103.9035308,52.5,52.5
52,Isobaths,Isobath_shell,1.152260286,103.9035108,52.5,52.5
52,Isobaths,Isobath_shell,1.152079413,103.9033595,52.5,52.5
52,Isobaths,Isobath_shell,1.151963454,103.9032241,52.5,52.5
52,Isobaths,Isobath_shell,1.151934714,103.9032014,52.5,52.5
52,Isobaths,Isobath_shell,1.151841866,103.9031522,52.5,52.5
52,Isobaths,Isobath_shell,1.151835811,103.9031342,52.5,52.5
52,Isobaths,Isobath_shell,1.151844663,103.9031163,52.5,52.5
52,Isobaths,Isobath_shell,1.15182619,103.9031026,52.5,52.5
52,Isobaths,Isobath_shell,1.151808103,103.9030989,52.5,52.5
52,Isobaths,Isobath_shell,1.151572968,103.9031501,52.5,52.5
52,Isobaths,Isobath_shell,1.151392094,103.9031812,52.5,52.5
52,Isobaths,Isobath_shell,1.151301658,103.9031847,52.5,52.5
52,Isobaths,Isobath_shell,1.151267438,103.9031702,52.5,52.5
52,Isobaths,Isobath_shell,1.151254694,103.9031522,52.5,52.5
52,Isobaths,Isobath_shell,1.151250973,103.9031163,52.5,52.5
52,Isobaths,Isobath_shell,1.151267407,103.9030264,52.5,52.5
52,Isobaths,Isobath_shell,1.151274346,103.9028827,52.5,52.5
52,Isobaths,Isobath_shell,1.151265483,103.9028377,52.5,52.5
52,Isobaths,Isobath_shell,1.151247396,103.902827,52.5,52.5
52,Isobaths,Isobath_shell,1.151211221,103.9028489,52.5,52.5
52,Isobaths,Isobath_shell,1.151156959,103.9029117,52.5,52.5
52,Isobaths,Isobath_shell,1.151131447,103.9029545,52.5,52.5
52,Isobaths,Isobath_shell,1.151114906,103.9030084,52.5,52.5
52,Isobaths,Isobath_shell,1.151082933,103.9030803,52.5,52.5
52,Isobaths,Isobath_shell,1.1510736,103.9030983,52.5,52.5
52,Isobaths,Isobath_shell,1.151048435,103.9031209,52.5,52.5
52,Isobaths,Isobath_shell,1.150994174,103.9031443,52.5,52.5
52,Isobaths,Isobath_shell,1.150957999,103.9031374,52.5,52.5
52,Isobaths,Isobath_shell,1.150921824,103.9031163,52.5,52.5
52,Isobaths,Isobath_shell,1.150875635,103.9030624,52.5,52.5
52,Isobaths,Isobath_shell,1.150864918,103.9030264,52.5,52.5
