ComponentId,Layer,Type,Latitude,Longitude,Value1,Value2
0,"Isobaths",Isobath_shell,-7.7440457,108.999478108,0.00,1.00
0,"Isobaths",Isobath_shell,-7.7440457,108.999356477,0.00,1.00
0,"Isobaths",Isobath_shell,-7.744020858,108.999351195,0.00,1.00
0,"Isobaths",Isobath_shell,-7.744009532,108.999316032,0.00,1.00
0,"Isobaths",Isobath_shell,-7.74395528,108.999267794,0.00,1.00
0,"Isobaths",Isobath_shell,-7.743814887,108.998988584,0.00,1.00
0,"Isobaths",Isobath_shell,-7.743774439,108.998936122,0.00,1.00
0,"Isobaths",Isobath_shell,-7.743711351,108.998869018,0.00,1.00
0,"Isobaths",Isobath_shell,-7.743932173,108.999336199,0.00,1.00
0,"Isobaths",Isobath_shell,-7.743915322,108.999350017,0.00,1.00
0,"Isobaths",Isobath_shell,-7.74397009,108.999471191,0.00,1.00
0,"Isobaths",Isobath_shell,-7.743993261,108.999453121,0.00,1.00
0,"Isobaths",Isobath_shell,-7.74400906,108.999483946,0.00,1.00
0,"Isobaths",Isobath_shell,-7.743967984,108.999496701,0.00,1.00
0,"Isobaths",Isobath_shell,-7.743904789,108.99935108,0.00,1.00
0,"Isobaths",Isobath_shell,-7.743808945,108.999399975,0.00,1.00
0,"Isobaths",Isobath_shell,-7.74371626,108.999201207,0.00,1.00
0,"Isobaths",Isobath_shell,-7.743641481,108.999211836,0.00,1.00
0,"Isobaths",Isobath_shell,-7.743550902,108.999222465,0.00,1.00
0,"Isobaths",Isobath_shell,-7.743341308,108.999318129,0.00,1.00
0,"Isobaths",Isobath_shell,-7.743654265,109.000180149,0.00,1.00
0,"Isobaths",Isobath_shell,-7.743833727,109.000180149,0.00,1.00
0,"Isobaths",Isobath_shell,-7.743846775,109.000167067,0.00,1.00
0,"Isobaths",Isobath_shell,-7.743846775,109.000112676,0.00,1.00
0,"Isobaths",Isobath_shell,-7.743864859,109.000094545,0.00,1.00
0,"Isobaths",Isobath_shell,-7.743864859,109.000058284,0.00,1.00
0,"Isobaths",Isobath_shell,-7.743882944,109.000040154,0.00,1.00
0,"Isobaths",Isobath_shell,-7.743882944,108.999985762,0.00,1.00
0,"Isobaths",Isobath_shell,-7.743901028,108.999967632,0.00,1.00
0,"Isobaths",Isobath_shell,-7.743901028,108.999931371,0.00,1.00
0,"Isobaths",Isobath_shell,-7.743919112,108.99991324,0.00,1.00
0,"Isobaths",Isobath_shell,-7.743919112,108.999858849,0.00,1.00
0,"Isobaths",Isobath_shell,-7.743937196,108.999840718,0.00,1.00
0,"Isobaths",Isobath_shell,-7.743937196,108.999804457,0.00,1.00
0,"Isobaths",Isobath_shell,-7.74395528,108.999786327,0.00,1.00
0,"Isobaths",Isobath_shell,-7.74395528,108.999731935,0.00,1.00
0,"Isobaths",Isobath_shell,-7.743973364,108.999713805,0.00,1.00
0,"Isobaths",Isobath_shell,-7.743973364,108.999677544,0.00,1.00
0,"Isobaths",Isobath_shell,-7.743991448,108.999659413,0.00,1.00
0,"Isobaths",Isobath_shell,-7.743991448,108.999605022,0.00,1.00
0,"Isobaths",Isobath_shell,-7.744009532,108.999586891,0.00,1.00
0,"Isobaths",Isobath_shell,-7.744009532,108.99955063,0.00,1.00
0,"Isobaths",Isobath_shell,-7.744027616,108.9995325,0.00,1.00
0,"Isobaths",Isobath_shell,-7.744027616,108.999496239,0.00,1.00
1,"Isobaths",Isobath_shell,-7.743640385,108.999037176,0.00,1.00
1,"Isobaths",Isobath_shell,-7.743548712,108.998839216,0.00,1.00
1,"Isobaths",Isobath_shell,-7.743635667,108.99879908,0.00,1.00
1,"Isobaths",Isobath_shell,-7.743601219,108.998732442,0.00,1.00
1,"Isobaths",Isobath_shell,-7.743593598,108.998730511,0.00,1.00
1,"Isobaths",Isobath_shell,-7.743575514,108.998736512,0.00,1.00
1,"Isobaths",Isobath_shell,-7.743521262,108.998786626,0.00,1.00
1,"Isobaths",Isobath_shell,-7.743467009,108.998819058,0.00,1.00
1,"Isobaths",Isobath_shell,-7.743340421,108.998851464,0.00,1.00
1,"Isobaths",Isobath_shell,-7.743231916,108.998865806,0.00,1.00
1,"Isobaths",Isobath_shell,-7.74315958,108.998846315,0.00,1.00
1,"Isobaths",Isobath_shell,-7.743111698,108.998807279,0.00,1.00
1,"Isobaths",Isobath_shell,-7.743071504,108.998752888,0.00,1.00
1,"Isobaths",Isobath_shell,-7.743016535,108.998625974,0.00,1.00
1,"Isobaths",Isobath_shell,-7.74299459,108.998589713,0.00,1.00
1,"Isobaths",Isobath_shell,-7.742855067,108.998426539,0.00,1.00
1,"Isobaths",Isobath_shell,-7.742743646,108.998315196,0.00,1.00
1,"Isobaths",Isobath_shell,-7.742736058,108.998304662,0.00,1.00
1,"Isobaths",Isobath_shell,-7.742736058,108.998383523,0.00,1.00
1,"Isobaths",Isobath_shell,-7.742755445,108.99840541,0.00,1.00
1,"Isobaths",Isobath_shell,-7.743182334,108.999028828,0.00,1.00
1,"Isobaths",Isobath_shell,-7.743282778,108.999226497,0.00,1.00
1,"Isobaths",Isobath_shell,-7.743508941,108.9991467,0.00,1.00
1,"Isobaths",Isobath_shell,-7.743530512,108.999136496,0.00,1.00
2,"Isobaths",Isobath_shell,-7.742781316,109.000180149,0.00,1.00
2,"Isobaths",Isobath_shell,-7.742736058,108.999563538,0.00,1.00
2,"Isobaths",Isobath_shell,-7.742736058,109.000180149,0.00,1.00
3,"Isobaths",Isobath_shell,-7.744856232,108.99290534,0.00,1.00
3,"Isobaths",Isobath_shell,-7.744856232,108.992843708,0.00,1.00
3,"Isobaths",Isobath_shell,-7.744836947,108.992769101,0.00,1.00
3,"Isobaths",Isobath_shell,-7.744836947,108.992765857,0.00,1.00
3,"Isobaths",Isobath_shell,-7.744804805,108.992723688,0.00,1.00
3,"Isobaths",Isobath_shell,-7.744775877,108.992678275,0.00,1.00
3,"Isobaths",Isobath_shell,-7.744705165,108.992626374,0.00,1.00
3,"Isobaths",Isobath_shell,-7.744653738,108.992606911,0.00,1.00
3,"Isobaths",Isobath_shell,-7.744595882,108.992600424,0.00,1.00
3,"Isobaths",Isobath_shell,-7.744541241,108.992613399,0.00,1.00
3,"Isobaths",Isobath_shell,-7.744483385,108.992655568,0.00,1.00
3,"Isobaths",Isobath_shell,-7.744374103,108.992752882,0.00,1.00
3,"Isobaths",Isobath_shell,-7.744332318,108.992808026,0.00,1.00
3,"Isobaths",Isobath_shell,-7.744284105,108.99287939,0.00,1.00
3,"Isobaths",Isobath_shell,-7.744229463,108.992827489,0.00,1.00
3,"Isobaths",Isobath_shell,-7.744271248,108.992782076,0.00,1.00
3,"Isobaths",Isobath_shell,-7.744158751,108.992694494,0.00,1.00
3,"Isobaths",Isobath_shell,-7.744088039,108.99269125,0.00,1.00
3,"Isobaths",Isobath_shell,-7.743969113,108.992756127,0.00,1.00
3,"Isobaths",Isobath_shell,-7.743901615,108.992778833,0.00,1.00
3,"Isobaths",Isobath_shell,-7.743840545,108.992778833,0.00,1.00
3,"Isobaths",Isobath_shell,-7.743798761,108.992717201,0.00,1.00
3,"Isobaths",Isobath_shell,-7.74376019,108.992610157,0.00,1.00
3,"Isobaths",Isobath_shell,-7.74372162,108.992486893,0.00,1.00
3,"Isobaths",Isobath_shell,-7.743676621,108.992412286,0.00,1.00
3,"Isobaths",Isobath_shell,-7.74362198,108.992357142,0.00,1.00
3,"Isobaths",Isobath_shell,-7.743541625,108.99232146,0.00,1.00
3,"Isobaths",Isobath_shell,-7.743413057,108.992318217,0.00,1.00
3,"Isobaths",Isobath_shell,-7.743155921,108.992318217,0.00,1.00
3,"Isobaths",Isobath_shell,-7.743030567,108.992311729,0.00,1.00
3,"Isobaths",Isobath_shell,-7.742964533,108.99227235,0.00,1.00
3,"Isobaths",Isobath_shell,-7.742924487,108.99227235,0.00,1.00
3,"Isobaths",Isobath_shell,-7.742924487,108.992298428,0.00,1.00
3,"Isobaths",Isobath_shell,-7.742942571,108.992298428,0.00,1.00
3,"Isobaths",Isobath_shell,-7.742942571,108.992334689,0.00,1.00
3,"Isobaths",Isobath_shell,-7.742960655,108.992334689,0.00,1.00
3,"Isobaths",Isobath_shell,-7.742960655,108.992352819,0.00,1.00
3,"Isobaths",Isobath_shell,-7.742996823,108.992352819,0.00,1.00
3,"Isobaths",Isobath_shell,-7.742996823,108.99237095,0.00,1.00
3,"Isobaths",Isobath_shell,-7.743014907,108.99237095,0.00,1.00
3,"Isobaths",Isobath_shell,-7.743014907,108.99238908,0.00,1.00
3,"Isobaths",Isobath_shell,-7.743051075,108.99238908,0.00,1.00
3,"Isobaths",Isobath_shell,-7.743051075,108.992407211,0.00,1.00
3,"Isobaths",Isobath_shell,-7.743087244,108.992407211,0.00,1.00
3,"Isobaths",Isobath_shell,-7.743087244,108.992425341,0.00,1.00
3,"Isobaths",Isobath_shell,-7.743123412,108.992425341,0.00,1.00
3,"Isobaths",Isobath_shell,-7.743123412,108.992443472,0.00,1.00
3,"Isobaths",Isobath_shell,-7.74315958,108.992443472,0.00,1.00
3,"Isobaths",Isobath_shell,-7.74315958,108.992461602,0.00,1.00
3,"Isobaths",Isobath_shell,-7.743177664,108.992461602,0.00,1.00
3,"Isobaths",Isobath_shell,-7.743177664,108.992479733,0.00,1.00
3,"Isobaths",Isobath_shell,-7.743213832,108.992479733,0.00,1.00
3,"Isobaths",Isobath_shell,-7.743213832,108.992497863,0.00,1.00
3,"Isobaths",Isobath_shell,-7.74325,108.992497863,0.00,1.00
3,"Isobaths",Isobath_shell,-7.74325,108.992515994,0.00,1.00
3,"Isobaths",Isobath_shell,-7.743286169,108.992515994,0.00,1.00
3,"Isobaths",Isobath_shell,-7.743286169,108.992534124,0.00,1.00
3,"Isobaths",Isobath_shell,-7.743322337,108.992534124,0.00,1.00
3,"Isobaths",Isobath_shell,-7.743322337,108.992552255,0.00,1.00
3,"Isobaths",Isobath_shell,-7.743340421,108.992552255,0.00,1.00
3,"Isobaths",Isobath_shell,-7.743340421,108.992570385,0.00,1.00
3,"Isobaths",Isobath_shell,-7.743376589,108.992570385,0.00,1.00
3,"Isobaths",Isobath_shell,-7.743376589,108.992588516,0.00,1.00
3,"Isobaths",Isobath_shell,-7.743412757,108.992588516,0.00,1.00
3,"Isobaths",Isobath_shell,-7.743412757,108.992606647,0.00,1.00
3,"Isobaths",Isobath_shell,-7.743448925,108.992606647,0.00,1.00
3,"Isobaths",Isobath_shell,-7.743448925,108.992624777,0.00,1.00
3,"Isobaths",Isobath_shell,-7.743485094,108.992624777,0.00,1.00
3,"Isobaths",Isobath_shell,-7.743485094,108.992642908,0.00,1.00
3,"Isobaths",Isobath_shell,-7.743503178,108.992642908,0.00,1.00
3,"Isobaths",Isobath_shell,-7.743503178,108.992661038,0.00,1.00
3,"Isobaths",Isobath_shell,-7.743539346,108.992661038,0.00,1.00
3,"Isobaths",Isobath_shell,-7.743539346,108.992679169,0.00,1.00
3,"Isobaths",Isobath_shell,-7.743575514,108.992679169,0.00,1.00
3,"Isobaths",Isobath_shell,-7.743575514,108.992697299,0.00,1.00
3,"Isobaths",Isobath_shell,-7.743611682,108.992697299,0.00,1.00
3,"Isobaths",Isobath_shell,-7.743611682,108.99271543,0.00,1.00
3,"Isobaths",Isobath_shell,-7.74364785,108.99271543,0.00,1.00
3,"Isobaths",Isobath_shell,-7.74364785,108.99273356,0.00,1.00
3,"Isobaths",Isobath_shell,-7.743665934,108.99273356,0.00,1.00
3,"Isobaths",Isobath_shell,-7.743665934,108.992751691,0.00,1.00
3,"Isobaths",Isobath_shell,-7.743702103,108.992751691,0.00,1.00
3,"Isobaths",Isobath_shell,-7.743702103,108.992769821,0.00,1.00
3,"Isobaths",Isobath_shell,-7.743738271,108.992769821,0.00,1.00
3,"Isobaths",Isobath_shell,-7.743738271,108.992787952,0.00,1.00
3,"Isobaths",Isobath_shell,-7.743774439,108.992787952,0.00,1.00
3,"Isobaths",Isobath_shell,-7.743774439,108.992806082,0.00,1.00
3,"Isobaths",Isobath_shell,-7.743810607,108.992806082,0.00,1.00
3,"Isobaths",Isobath_shell,-7.743810607,108.992824213,0.00,1.00
3,"Isobaths",Isobath_shell,-7.743828691,108.992824213,0.00,1.00
3,"Isobaths",Isobath_shell,-7.743828691,108.992860474,0.00,1.00
3,"Isobaths",Isobath_shell,-7.743846775,108.992860474,0.00,1.00
3,"Isobaths",Isobath_shell,-7.743864859,108.992874233,0.00,1.00
3,"Isobaths",Isobath_shell,-7.743901028,108.99287101,0.00,1.00
3,"Isobaths",Isobath_shell,-7.743991448,108.99289172,0.00,1.00
3,"Isobaths",Isobath_shell,-7.744533971,108.993277582,0.00,1.00
3,"Isobaths",Isobath_shell,-7.744606307,108.993320226,0.00,1.00
3,"Isobaths",Isobath_shell,-7.744610139,108.993321694,0.00,1.00
3,"Isobaths",Isobath_shell,-7.744616633,108.993305311,0.00,1.00
3,"Isobaths",Isobath_shell,-7.744746641,108.993360118,0.00,1.00
3,"Isobaths",Isobath_shell,-7.744789428,108.993253826,0.00,1.00
3,"Isobaths",Isobath_shell,-7.744759806,108.993194036,0.00,1.00
3,"Isobaths",Isobath_shell,-7.744769449,108.993132405,0.00,1.00
3,"Isobaths",Isobath_shell,-7.744804805,108.99305131,0.00,1.00
3,"Isobaths",Isobath_shell,-7.744849804,108.992970215,0.00,1.00
4,"Isobaths",Isobath_shell,-7.746150825,108.992281864,0.00,1.00
4,"Isobaths",Isobath_shell,-7.746150825,108.99227235,0.00,1.00
4,"Isobaths",Isobath_shell,-7.743444129,108.99227235,0.00,1.00
4,"Isobaths",Isobath_shell,-7.745242425,108.992305911,0.00,1.00
5,"Isobaths",Isobath_shell,-7.745489539,108.993435855,0.00,1.00
5,"Isobaths",Isobath_shell,-7.745480276,108.993415289,0.00,1.00
5,"Isobaths",Isobath_shell,-7.745464205,108.993327706,0.00,1.00
5,"Isobaths",Isobath_shell,-7.745467419,108.993230393,0.00,1.00
5,"Isobaths",Isobath_shell,-7.745441705,108.993139566,0.00,1.00
5,"Isobaths",Isobath_shell,-7.745412777,108.993084422,0.00,1.00
5,"Isobaths",Isobath_shell,-7.74538385,108.993051984,0.00,1.00
5,"Isobaths",Isobath_shell,-7.745287424,108.99299684,0.00,1.00
5,"Isobaths",Isobath_shell,-7.745203854,108.99297089,0.00,1.00
5,"Isobaths",Isobath_shell,-7.745136356,108.993000084,0.00,1.00
5,"Isobaths",Isobath_shell,-7.745097786,108.993045497,0.00,1.00
5,"Isobaths",Isobath_shell,-7.745072072,108.993107129,0.00,1.00
5,"Isobaths",Isobath_shell,-7.745036716,108.993181736,0.00,1.00
5,"Isobaths",Isobath_shell,-7.745014217,108.993227149,0.00,1.00
5,"Isobaths",Isobath_shell,-7.744978861,108.993266074,0.00,1.00
5,"Isobaths",Isobath_shell,-7.74494029,108.993288781,0.00,1.00
5,"Isobaths",Isobath_shell,-7.744894751,108.993297007,0.00,1.00
5,"Isobaths",Isobath_shell,-7.744843735,108.993272095,0.00,1.00
5,"Isobaths",Isobath_shell,-7.744809176,108.993358457,0.00,1.00
5,"Isobaths",Isobath_shell,-7.744855255,108.993371744,0.00,1.00
5,"Isobaths",Isobath_shell,-7.744846109,108.993391359,0.00,1.00
5,"Isobaths",Isobath_shell,-7.744895653,108.993404001,0.00,1.00
5,"Isobaths",Isobath_shell,-7.744936024,108.993386258,0.00,1.00
5,"Isobaths",Isobath_shell,-7.744977331,108.993313736,0.00,1.00
5,"Isobaths",Isobath_shell,-7.745004157,108.993286472,0.00,1.00
5,"Isobaths",Isobath_shell,-7.745040325,108.993267791,0.00,1.00
5,"Isobaths",Isobath_shell,-7.745094578,108.993255906,0.00,1.00
5,"Isobaths",Isobath_shell,-7.74514883,108.993263294,0.00,1.00
5,"Isobaths",Isobath_shell,-7.745365839,108.993320574,0.00,1.00
5,"Isobaths",Isobath_shell,-7.745420091,108.993354354,0.00,1.00
6,"Isobaths",Isobath_shell,-7.746150825,108.993783458,0.00,1.00
6,"Isobaths",Isobath_shell,-7.746150825,108.993694032,0.00,1.00
6,"Isobaths",Isobath_shell,-7.746090974,108.993661817,0.00,1.00
6,"Isobaths",Isobath_shell,-7.746023476,108.99365533,0.00,1.00
6,"Isobaths",Isobath_shell,-7.745894908,108.993629379,0.00,1.00
6,"Isobaths",Isobath_shell,-7.745839206,108.993615995,0.00,1.00
6,"Isobaths",Isobath_shell,-7.745872194,108.993658561,0.00,1.00
6,"Isobaths",Isobath_shell,-7.745926446,108.99369661,0.00,1.00
6,"Isobaths",Isobath_shell,-7.746143455,108.993777515,0.00,1.00
7,"Isobaths",Isobath_shell,-7.744881427,108.993444593,1.00,2.00
7,"Isobaths",Isobath_shell,-7.74461005,108.993321919,1.00,2.00
7,"Isobaths",Isobath_shell,-7.744610139,108.993321694,1.00,2.00
7,"Isobaths",Isobath_shell,-7.744606307,108.993320226,1.00,2.00
7,"Isobaths",Isobath_shell,-7.744533971,108.993277582,1.00,2.00
7,"Isobaths",Isobath_shell,-7.743991448,108.99289172,1.00,2.00
7,"Isobaths",Isobath_shell,-7.743901028,108.99287101,1.00,2.00
7,"Isobaths",Isobath_shell,-7.743864859,108.992874233,1.00,2.00
7,"Isobaths",Isobath_shell,-7.743846775,108.992860474,1.00,2.00
7,"Isobaths",Isobath_shell,-7.743828691,108.992860474,1.00,2.00
7,"Isobaths",Isobath_shell,-7.743828691,108.992896735,1.00,2.00
7,"Isobaths",Isobath_shell,-7.743846775,108.992896735,1.00,2.00
7,"Isobaths",Isobath_shell,-7.743846775,108.992969257,1.00,2.00
7,"Isobaths",Isobath_shell,-7.743864859,108.992969257,1.00,2.00
7,"Isobaths",Isobath_shell,-7.743864859,108.993005518,1.00,2.00
7,"Isobaths",Isobath_shell,-7.743882944,108.993005518,1.00,2.00
7,"Isobaths",Isobath_shell,-7.743901028,108.993006262,1.00,2.00
7,"Isobaths",Isobath_shell,-7.743903999,108.992987387,1.00,2.00
7,"Isobaths",Isobath_shell,-7.743919112,108.992974531,1.00,2.00
7,"Isobaths",Isobath_shell,-7.744027616,108.993005123,1.00,2.00
7,"Isobaths",Isobath_shell,-7.744552055,108.99337548,1.00,2.00
7,"Isobaths",Isobath_shell,-7.744624391,108.993406267,1.00,2.00
7,"Isobaths",Isobath_shell,-7.744859485,108.993443863,1.00,2.00
8,"Isobaths",Isobath_shell,-7.744081869,108.999151759,1.00,2.00
8,"Isobaths",Isobath_shell,-7.744081869,108.999144684,1.00,2.00
8,"Isobaths",Isobath_shell,-7.7440457,108.999144684,1.00,2.00
8,"Isobaths",Isobath_shell,-7.743976981,108.999079237,1.00,2.00
8,"Isobaths",Isobath_shell,-7.743901028,108.998932813,1.00,2.00
8,"Isobaths",Isobath_shell,-7.743864859,108.998880818,1.00,2.00
8,"Isobaths",Isobath_shell,-7.743738271,108.998783197,1.00,2.00
8,"Isobaths",Isobath_shell,-7.74364785,108.998674203,1.00,2.00
8,"Isobaths",Isobath_shell,-7.743611682,108.998642196,1.00,2.00
8,"Isobaths",Isobath_shell,-7.743599666,108.998639448,1.00,2.00
8,"Isobaths",Isobath_shell,-7.74361515,108.998665491,1.00,2.00
8,"Isobaths",Isobath_shell,-7.743711351,108.998869018,1.00,2.00
8,"Isobaths",Isobath_shell,-7.743774439,108.998936122,1.00,2.00
8,"Isobaths",Isobath_shell,-7.743814887,108.998988584,1.00,2.00
8,"Isobaths",Isobath_shell,-7.74395528,108.999267794,1.00,2.00
8,"Isobaths",Isobath_shell,-7.744009532,108.999316032,1.00,2.00
8,"Isobaths",Isobath_shell,-7.744020858,108.999351195,1.00,2.00
8,"Isobaths",Isobath_shell,-7.7440457,108.999356477,1.00,2.00
8,"Isobaths",Isobath_shell,-7.7440457,108.999333064,1.00,2.00
8,"Isobaths",Isobath_shell,-7.744063784,108.999314934,1.00,2.00
8,"Isobaths",Isobath_shell,-7.744063784,108.99916989,1.00,2.00
9,"Isobaths",Isobath_shell,-7.743601219,108.998732442,1.00,2.00
9,"Isobaths",Isobath_shell,-7.743568807,108.998669742,1.00,2.00
9,"Isobaths",Isobath_shell,-7.743568807,108.998654861,1.00,2.00
9,"Isobaths",Isobath_shell,-7.743569861,108.998652736,1.00,2.00
9,"Isobaths",Isobath_shell,-7.743581102,108.998635203,1.00,2.00
9,"Isobaths",Isobath_shell,-7.743575514,108.998633925,1.00,2.00
9,"Isobaths",Isobath_shell,-7.743539346,108.998643192,1.00,2.00
9,"Isobaths",Isobath_shell,-7.743448925,108.99871926,1.00,2.00
9,"Isobaths",Isobath_shell,-7.743358505,108.998740176,1.00,2.00
9,"Isobaths",Isobath_shell,-7.743268084,108.998737981,1.00,2.00
9,"Isobaths",Isobath_shell,-7.743231916,108.998726061,1.00,2.00
9,"Isobaths",Isobath_shell,-7.743195748,108.998702986,1.00,2.00
9,"Isobaths",Isobath_shell,-7.74315429,108.998644105,1.00,2.00
9,"Isobaths",Isobath_shell,-7.743127717,108.998535322,1.00,2.00
9,"Isobaths",Isobath_shell,-7.743111308,108.998499061,1.00,2.00
9,"Isobaths",Isobath_shell,-7.742944521,108.998335886,1.00,2.00
9,"Isobaths",Isobath_shell,-7.742868097,108.998281495,1.00,2.00
9,"Isobaths",Isobath_shell,-7.742834066,108.998249317,1.00,2.00
9,"Isobaths",Isobath_shell,-7.742802669,108.998190842,1.00,2.00
9,"Isobaths",Isobath_shell,-7.742791018,108.998136451,1.00,2.00
9,"Isobaths",Isobath_shell,-7.742792259,108.99811832,1.00,2.00
9,"Isobaths",Isobath_shell,-7.742777782,108.99810019,1.00,2.00
9,"Isobaths",Isobath_shell,-7.74276173,108.998082059,1.00,2.00
9,"Isobaths",Isobath_shell,-7.74276173,108.998063929,1.00,2.00
9,"Isobaths",Isobath_shell,-7.742743646,108.998082059,1.00,2.00
9,"Isobaths",Isobath_shell,-7.742736058,108.998089667,1.00,2.00
9,"Isobaths",Isobath_shell,-7.742736058,108.998304662,1.00,2.00
9,"Isobaths",Isobath_shell,-7.742743646,108.998315196,1.00,2.00
9,"Isobaths",Isobath_shell,-7.742855067,108.998426539,1.00,2.00
9,"Isobaths",Isobath_shell,-7.74299459,108.998589713,1.00,2.00
9,"Isobaths",Isobath_shell,-7.743016535,108.998625974,1.00,2.00
9,"Isobaths",Isobath_shell,-7.743071504,108.998752888,1.00,2.00
9,"Isobaths",Isobath_shell,-7.743111698,108.998807279,1.00,2.00
9,"Isobaths",Isobath_shell,-7.74315958,108.998846315,1.00,2.00
9,"Isobaths",Isobath_shell,-7.743231916,108.998865806,1.00,2.00
9,"Isobaths",Isobath_shell,-7.743340421,108.998851464,1.00,2.00
9,"Isobaths",Isobath_shell,-7.743467009,108.998819058,1.00,2.00
9,"Isobaths",Isobath_shell,-7.743521262,108.998786626,1.00,2.00
9,"Isobaths",Isobath_shell,-7.743575514,108.998736512,1.00,2.00
9,"Isobaths",Isobath_shell,-7.743593598,108.998730511,1.00,2.00
10,"Isobaths",Isobath_shell,-7.746150825,108.993977176,1.00,2.00
10,"Isobaths",Isobath_shell,-7.746150825,108.993783458,1.00,2.00
10,"Isobaths",Isobath_shell,-7.746143455,108.993777515,1.00,2.00
10,"Isobaths",Isobath_shell,-7.745926446,108.99369661,1.00,2.00
10,"Isobaths",Isobath_shell,-7.745872194,108.993658561,1.00,2.00
10,"Isobaths",Isobath_shell,-7.745839206,108.993615995,1.00,2.00
10,"Isobaths",Isobath_shell,-7.745759911,108.993596941,1.00,2.00
10,"Isobaths",Isobath_shell,-7.745703594,108.99358144,1.00,2.00
10,"Isobaths",Isobath_shell,-7.745745884,108.993603824,1.00,2.00
10,"Isobaths",Isobath_shell,-7.745766308,108.993621955,1.00,2.00
10,"Isobaths",Isobath_shell,-7.745788207,108.993658216,1.00,2.00
10,"Isobaths",Isobath_shell,-7.745810696,108.993712607,1.00,2.00
10,"Isobaths",Isobath_shell,-7.745820202,108.993785129,1.00,2.00
10,"Isobaths",Isobath_shell,-7.745833354,108.99380326,1.00,2.00
10,"Isobaths",Isobath_shell,-7.745999144,108.993857651,1.00,2.00
10,"Isobaths",Isobath_shell,-7.746071119,108.993889618,1.00,2.00
10,"Isobaths",Isobath_shell,-7.746129626,108.993948304,1.00,2.00
10,"Isobaths",Isobath_shell,-7.746129626,108.994002695,1.00,2.00
10,"Isobaths",Isobath_shell,-7.746143455,108.994002695,1.00,2.00
10,"Isobaths",Isobath_shell,-7.746143455,108.993984565,1.00,2.00
11,"Isobaths",Isobath_shell,-7.74562831,108.993550178,1.00,2.00
11,"Isobaths",Isobath_shell,-7.74558313,108.99351909,1.00,2.00
11,"Isobaths",Isobath_shell,-7.745512418,108.993486652,1.00,2.00
11,"Isobaths",Isobath_shell,-7.745489539,108.993435855,1.00,2.00
11,"Isobaths",Isobath_shell,-7.745420091,108.993354354,1.00,2.00
11,"Isobaths",Isobath_shell,-7.745365839,108.993320574,1.00,2.00
11,"Isobaths",Isobath_shell,-7.74514883,108.993263294,1.00,2.00
11,"Isobaths",Isobath_shell,-7.745094578,108.993255906,1.00,2.00
11,"Isobaths",Isobath_shell,-7.745040325,108.993267791,1.00,2.00
11,"Isobaths",Isobath_shell,-7.745004157,108.993286472,1.00,2.00
11,"Isobaths",Isobath_shell,-7.744977331,108.993313736,1.00,2.00
11,"Isobaths",Isobath_shell,-7.744936024,108.993386258,1.00,2.00
11,"Isobaths",Isobath_shell,-7.744895653,108.993404001,1.00,2.00
11,"Isobaths",Isobath_shell,-7.744846109,108.993391359,1.00,2.00
11,"Isobaths",Isobath_shell,-7.74484209,108.993399978,1.00,2.00
11,"Isobaths",Isobath_shell,-7.744935893,108.993441498,1.00,2.00
11,"Isobaths",Isobath_shell,-7.744934104,108.993445712,1.00,2.00
11,"Isobaths",Isobath_shell,-7.744954883,108.99344065,1.00,2.00
11,"Isobaths",Isobath_shell,-7.744981311,108.993422519,1.00,2.00
11,"Isobaths",Isobath_shell,-7.745042923,108.993349997,1.00,2.00
11,"Isobaths",Isobath_shell,-7.745076494,108.993332452,1.00,2.00
11,"Isobaths",Isobath_shell,-7.745112662,108.993327147,1.00,2.00
11,"Isobaths",Isobath_shell,-7.745257335,108.993359471,1.00,2.00
11,"Isobaths",Isobath_shell,-7.745329671,108.993382733,1.00,2.00
11,"Isobaths",Isobath_shell,-7.745367738,108.993404389,1.00,2.00
11,"Isobaths",Isobath_shell,-7.745438175,108.993472221,1.00,2.00
11,"Isobaths",Isobath_shell,-7.7454727,108.993495041,1.00,2.00
12,"Isobaths",Isobath_shell,-7.746143455,108.994002695,2.00,3.00
12,"Isobaths",Isobath_shell,-7.746129626,108.994002695,2.00,3.00
12,"Isobaths",Isobath_shell,-7.746129626,108.993948304,2.00,3.00
12,"Isobaths",Isobath_shell,-7.746071119,108.993889618,2.00,3.00
12,"Isobaths",Isobath_shell,-7.745999144,108.993857651,2.00,3.00
12,"Isobaths",Isobath_shell,-7.745833354,108.99380326,2.00,3.00
12,"Isobaths",Isobath_shell,-7.745820202,108.993785129,2.00,3.00
12,"Isobaths",Isobath_shell,-7.745810696,108.993712607,2.00,3.00
12,"Isobaths",Isobath_shell,-7.745788207,108.993658216,2.00,3.00
12,"Isobaths",Isobath_shell,-7.745766308,108.993621955,2.00,3.00
12,"Isobaths",Isobath_shell,-7.745745884,108.993603824,2.00,3.00
12,"Isobaths",Isobath_shell,-7.745703594,108.99358144,2.00,3.00
12,"Isobaths",Isobath_shell,-7.745653843,108.993567747,2.00,3.00
12,"Isobaths",Isobath_shell,-7.74562831,108.993550178,2.00,3.00
12,"Isobaths",Isobath_shell,-7.7454727,108.993495041,2.00,3.00
12,"Isobaths",Isobath_shell,-7.745438175,108.993472221,2.00,3.00
12,"Isobaths",Isobath_shell,-7.745367738,108.993404389,2.00,3.00
12,"Isobaths",Isobath_shell,-7.745329671,108.993382733,2.00,3.00
12,"Isobaths",Isobath_shell,-7.745257335,108.993359471,2.00,3.00
12,"Isobaths",Isobath_shell,-7.745112662,108.993327147,2.00,3.00
12,"Isobaths",Isobath_shell,-7.745076494,108.993332452,2.00,3.00
12,"Isobaths",Isobath_shell,-7.745042923,108.993349997,2.00,3.00
12,"Isobaths",Isobath_shell,-7.744981311,108.993422519,2.00,3.00
12,"Isobaths",Isobath_shell,-7.744954883,108.99344065,2.00,3.00
12,"Isobaths",Isobath_shell,-7.744934104,108.993445712,2.00,3.00
12,"Isobaths",Isobath_shell,-7.744926019,108.99346475,2.00,3.00
12,"Isobaths",Isobath_shell,-7.744881427,108.993444593,2.00,3.00
12,"Isobaths",Isobath_shell,-7.744859485,108.993443863,2.00,3.00
12,"Isobaths",Isobath_shell,-7.744624391,108.993406267,2.00,3.00
12,"Isobaths",Isobath_shell,-7.744552055,108.99337548,2.00,3.00
12,"Isobaths",Isobath_shell,-7.744027616,108.993005123,2.00,3.00
12,"Isobaths",Isobath_shell,-7.743919112,108.992974531,2.00,3.00
12,"Isobaths",Isobath_shell,-7.743903999,108.992987387,2.00,3.00
12,"Isobaths",Isobath_shell,-7.743901028,108.993006262,2.00,3.00
12,"Isobaths",Isobath_shell,-7.743882944,108.993005518,2.00,3.00
12,"Isobaths",Isobath_shell,-7.743864859,108.993005518,2.00,3.00
12,"Isobaths",Isobath_shell,-7.743864859,108.993023648,2.00,3.00
12,"Isobaths",Isobath_shell,-7.743882944,108.993023648,2.00,3.00
12,"Isobaths",Isobath_shell,-7.743882944,108.993059909,2.00,3.00
12,"Isobaths",Isobath_shell,-7.743901028,108.993059909,2.00,3.00
12,"Isobaths",Isobath_shell,-7.743919112,108.993075312,2.00,3.00
12,"Isobaths",Isobath_shell,-7.743991448,108.993077898,2.00,3.00
12,"Isobaths",Isobath_shell,-7.744063784,108.993100759,2.00,3.00
12,"Isobaths",Isobath_shell,-7.744552055,108.993443626,2.00,3.00
12,"Isobaths",Isobath_shell,-7.744606307,108.993468759,2.00,3.00
12,"Isobaths",Isobath_shell,-7.744696728,108.993472645,2.00,3.00
12,"Isobaths",Isobath_shell,-7.744787148,108.993465822,2.00,3.00
12,"Isobaths",Isobath_shell,-7.744895653,108.993477243,2.00,3.00
12,"Isobaths",Isobath_shell,-7.744967989,108.993474908,2.00,3.00
12,"Isobaths",Isobath_shell,-7.745004157,108.993458728,2.00,3.00
12,"Isobaths",Isobath_shell,-7.745076494,108.993390925,2.00,3.00
12,"Isobaths",Isobath_shell,-7.745130746,108.99337998,2.00,3.00
12,"Isobaths",Isobath_shell,-7.745289807,108.993422519,2.00,3.00
12,"Isobaths",Isobath_shell,-7.745329671,108.993443887,2.00,3.00
12,"Isobaths",Isobath_shell,-7.745413963,108.993513172,2.00,3.00
12,"Isobaths",Isobath_shell,-7.745510512,108.993547804,2.00,3.00
12,"Isobaths",Isobath_shell,-7.745564764,108.993557301,2.00,3.00
12,"Isobaths",Isobath_shell,-7.745673269,108.993598732,2.00,3.00
12,"Isobaths",Isobath_shell,-7.745725224,108.993640085,2.00,3.00
12,"Isobaths",Isobath_shell,-7.74574612,108.993676346,2.00,3.00
12,"Isobaths",Isobath_shell,-7.745755657,108.993712607,2.00,3.00
12,"Isobaths",Isobath_shell,-7.74574742,108.993748868,2.00,3.00
12,"Isobaths",Isobath_shell,-7.745701484,108.99380326,2.00,3.00
12,"Isobaths",Isobath_shell,-7.745693585,108.99382139,2.00,3.00
12,"Isobaths",Isobath_shell,-7.745693277,108.993839521,2.00,3.00
12,"Isobaths",Isobath_shell,-7.745702437,108.993857651,2.00,3.00
12,"Isobaths",Isobath_shell,-7.745781773,108.99391086,2.00,3.00
12,"Isobaths",Isobath_shell,-7.745926446,108.993962405,2.00,3.00
12,"Isobaths",Isobath_shell,-7.745980698,108.993989137,2.00,3.00
12,"Isobaths",Isobath_shell,-7.746053213,108.994057087,2.00,3.00
12,"Isobaths",Isobath_shell,-7.74605809,108.994111478,2.00,3.00
12,"Isobaths",Isobath_shell,-7.746071119,108.994111478,2.00,3.00
12,"Isobaths",Isobath_shell,-7.746089203,108.994093348,2.00,3.00
12,"Isobaths",Isobath_shell,-7.746089203,108.994075217,2.00,3.00
12,"Isobaths",Isobath_shell,-7.746107287,108.994057087,2.00,3.00
12,"Isobaths",Isobath_shell,-7.746107287,108.994038956,2.00,3.00
12,"Isobaths",Isobath_shell,-7.746125371,108.994020826,2.00,3.00
13,"Isobaths",Isobath_shell,-7.744099953,108.998988584,2.00,3.00
13,"Isobaths",Isobath_shell,-7.744099953,108.998956474,2.00,3.00
13,"Isobaths",Isobath_shell,-7.744063784,108.998956474,2.00,3.00
13,"Isobaths",Isobath_shell,-7.744006326,108.998916062,2.00,3.00
13,"Isobaths",Isobath_shell,-7.743919112,108.998768374,2.00,3.00
13,"Isobaths",Isobath_shell,-7.743886212,108.998734757,2.00,3.00
13,"Isobaths",Isobath_shell,-7.743864859,108.99872135,2.00,3.00
13,"Isobaths",Isobath_shell,-7.743810607,108.998730281,2.00,3.00
13,"Isobaths",Isobath_shell,-7.743756355,108.998712607,2.00,3.00
13,"Isobaths",Isobath_shell,-7.74364785,108.998612744,2.00,3.00
13,"Isobaths",Isobath_shell,-7.743611682,108.998589184,2.00,3.00
13,"Isobaths",Isobath_shell,-7.743539346,108.998584817,2.00,3.00
13,"Isobaths",Isobath_shell,-7.743448925,108.998620973,2.00,3.00
13,"Isobaths",Isobath_shell,-7.743394673,108.998628392,2.00,3.00
13,"Isobaths",Isobath_shell,-7.743322337,108.998618617,2.00,3.00
13,"Isobaths",Isobath_shell,-7.743268084,108.998594823,2.00,3.00
13,"Isobaths",Isobath_shell,-7.743248149,108.998571583,2.00,3.00
13,"Isobaths",Isobath_shell,-7.743220331,108.99848093,2.00,3.00
13,"Isobaths",Isobath_shell,-7.74320366,108.998444669,2.00,3.00
13,"Isobaths",Isobath_shell,-7.743159441,108.998372147,2.00,3.00
13,"Isobaths",Isobath_shell,-7.743085379,108.998299625,2.00,3.00
13,"Isobaths",Isobath_shell,-7.742955554,108.998227103,2.00,3.00
13,"Isobaths",Isobath_shell,-7.742908187,108.998172712,2.00,3.00
13,"Isobaths",Isobath_shell,-7.742892815,108.99811832,2.00,3.00
13,"Isobaths",Isobath_shell,-7.742897361,108.998009537,2.00,3.00
13,"Isobaths",Isobath_shell,-7.742890603,108.997991407,2.00,3.00
13,"Isobaths",Isobath_shell,-7.742893593,108.997973276,2.00,3.00
13,"Isobaths",Isobath_shell,-7.742870234,108.997961409,2.00,3.00
13,"Isobaths",Isobath_shell,-7.74285215,108.997955146,2.00,3.00
13,"Isobaths",Isobath_shell,-7.742834066,108.997973276,2.00,3.00
13,"Isobaths",Isobath_shell,-7.742815982,108.997991407,2.00,3.00
13,"Isobaths",Isobath_shell,-7.742797898,108.998009537,2.00,3.00
13,"Isobaths",Isobath_shell,-7.742779814,108.998027668,2.00,3.00
13,"Isobaths",Isobath_shell,-7.74276173,108.998045798,2.00,3.00
13,"Isobaths",Isobath_shell,-7.74276173,108.998082059,2.00,3.00
13,"Isobaths",Isobath_shell,-7.742777782,108.99810019,2.00,3.00
13,"Isobaths",Isobath_shell,-7.742792259,108.99811832,2.00,3.00
13,"Isobaths",Isobath_shell,-7.742791018,108.998136451,2.00,3.00
13,"Isobaths",Isobath_shell,-7.742802669,108.998190842,2.00,3.00
13,"Isobaths",Isobath_shell,-7.742834066,108.998249317,2.00,3.00
13,"Isobaths",Isobath_shell,-7.742868097,108.998281495,2.00,3.00
13,"Isobaths",Isobath_shell,-7.742944521,108.998335886,2.00,3.00
13,"Isobaths",Isobath_shell,-7.743111308,108.998499061,2.00,3.00
13,"Isobaths",Isobath_shell,-7.743127717,108.998535322,2.00,3.00
13,"Isobaths",Isobath_shell,-7.74315429,108.998644105,2.00,3.00
13,"Isobaths",Isobath_shell,-7.743195748,108.998702986,2.00,3.00
13,"Isobaths",Isobath_shell,-7.743231916,108.998726061,2.00,3.00
13,"Isobaths",Isobath_shell,-7.743268084,108.998737981,2.00,3.00
13,"Isobaths",Isobath_shell,-7.743358505,108.998740176,2.00,3.00
13,"Isobaths",Isobath_shell,-7.743448925,108.99871926,2.00,3.00
13,"Isobaths",Isobath_shell,-7.743539346,108.998643192,2.00,3.00
13,"Isobaths",Isobath_shell,-7.743575514,108.998633925,2.00,3.00
13,"Isobaths",Isobath_shell,-7.743581102,108.998635203,2.00,3.00
13,"Isobaths",Isobath_shell,-7.743581446,108.998634666,2.00,3.00
13,"Isobaths",Isobath_shell,-7.743599351,108.998638918,2.00,3.00
13,"Isobaths",Isobath_shell,-7.743599666,108.998639448,2.00,3.00
13,"Isobaths",Isobath_shell,-7.743611682,108.998642196,2.00,3.00
13,"Isobaths",Isobath_shell,-7.74364785,108.998674203,2.00,3.00
13,"Isobaths",Isobath_shell,-7.743738271,108.998783197,2.00,3.00
13,"Isobaths",Isobath_shell,-7.743864859,108.998880818,2.00,3.00
13,"Isobaths",Isobath_shell,-7.743901028,108.998932813,2.00,3.00
13,"Isobaths",Isobath_shell,-7.743976981,108.999079237,2.00,3.00
13,"Isobaths",Isobath_shell,-7.7440457,108.999144684,2.00,3.00
13,"Isobaths",Isobath_shell,-7.744081869,108.999144684,2.00,3.00
13,"Isobaths",Isobath_shell,-7.744081869,108.999006715,2.00,3.00
14,"Isobaths",Isobath_shell,-7.746071119,108.994111478,3.00,4.00
14,"Isobaths",Isobath_shell,-7.74605809,108.994111478,3.00,4.00
14,"Isobaths",Isobath_shell,-7.746053213,108.994057087,3.00,4.00
14,"Isobaths",Isobath_shell,-7.745980698,108.993989137,3.00,4.00
14,"Isobaths",Isobath_shell,-7.745926446,108.993962405,3.00,4.00
14,"Isobaths",Isobath_shell,-7.745781773,108.99391086,3.00,4.00
14,"Isobaths",Isobath_shell,-7.745702437,108.993857651,3.00,4.00
14,"Isobaths",Isobath_shell,-7.745693277,108.993839521,3.00,4.00
14,"Isobaths",Isobath_shell,-7.745693585,108.99382139,3.00,4.00
14,"Isobaths",Isobath_shell,-7.745701484,108.99380326,3.00,4.00
14,"Isobaths",Isobath_shell,-7.74574742,108.993748868,3.00,4.00
14,"Isobaths",Isobath_shell,-7.745755657,108.993712607,3.00,4.00
14,"Isobaths",Isobath_shell,-7.74574612,108.993676346,3.00,4.00
14,"Isobaths",Isobath_shell,-7.745725224,108.993640085,3.00,4.00
14,"Isobaths",Isobath_shell,-7.745673269,108.993598732,3.00,4.00
14,"Isobaths",Isobath_shell,-7.745564764,108.993557301,3.00,4.00
14,"Isobaths",Isobath_shell,-7.745510512,108.993547804,3.00,4.00
14,"Isobaths",Isobath_shell,-7.745413963,108.993513172,3.00,4.00
14,"Isobaths",Isobath_shell,-7.745329671,108.993443887,3.00,4.00
14,"Isobaths",Isobath_shell,-7.745289807,108.993422519,3.00,4.00
14,"Isobaths",Isobath_shell,-7.745130746,108.99337998,3.00,4.00
14,"Isobaths",Isobath_shell,-7.745076494,108.993390925,3.00,4.00
14,"Isobaths",Isobath_shell,-7.745004157,108.993458728,3.00,4.00
14,"Isobaths",Isobath_shell,-7.744967989,108.993474908,3.00,4.00
14,"Isobaths",Isobath_shell,-7.744895653,108.993477243,3.00,4.00
14,"Isobaths",Isobath_shell,-7.744787148,108.993465822,3.00,4.00
14,"Isobaths",Isobath_shell,-7.744696728,108.993472645,3.00,4.00
14,"Isobaths",Isobath_shell,-7.744606307,108.993468759,3.00,4.00
14,"Isobaths",Isobath_shell,-7.744552055,108.993443626,3.00,4.00
14,"Isobaths",Isobath_shell,-7.744063784,108.993100759,3.00,4.00
14,"Isobaths",Isobath_shell,-7.743991448,108.993077898,3.00,4.00
14,"Isobaths",Isobath_shell,-7.743919112,108.993075312,3.00,4.00
14,"Isobaths",Isobath_shell,-7.743901028,108.993059909,3.00,4.00
14,"Isobaths",Isobath_shell,-7.743882944,108.993059909,3.00,4.00
14,"Isobaths",Isobath_shell,-7.743882944,108.99309617,3.00,4.00
14,"Isobaths",Isobath_shell,-7.743901028,108.99309617,3.00,4.00
14,"Isobaths",Isobath_shell,-7.743901028,108.993168692,3.00,4.00
14,"Isobaths",Isobath_shell,-7.743919112,108.993168692,3.00,4.00
14,"Isobaths",Isobath_shell,-7.743919112,108.993204953,3.00,4.00
14,"Isobaths",Isobath_shell,-7.743937196,108.993204953,3.00,4.00
14,"Isobaths",Isobath_shell,-7.74395528,108.99320914,3.00,4.00
14,"Isobaths",Isobath_shell,-7.743973364,108.993182477,3.00,4.00
14,"Isobaths",Isobath_shell,-7.743991448,108.993180108,3.00,4.00
14,"Isobaths",Isobath_shell,-7.744063784,108.993180954,3.00,4.00
14,"Isobaths",Isobath_shell,-7.744099953,108.993196004,3.00,4.00
14,"Isobaths",Isobath_shell,-7.744208457,108.993265027,3.00,4.00
14,"Isobaths",Isobath_shell,-7.744570139,108.993523147,3.00,4.00
14,"Isobaths",Isobath_shell,-7.744606307,108.99354162,3.00,4.00
14,"Isobaths",Isobath_shell,-7.744642475,108.993544645,3.00,4.00
14,"Isobaths",Isobath_shell,-7.744787148,108.993497739,3.00,4.00
14,"Isobaths",Isobath_shell,-7.744986073,108.993501391,3.00,4.00
14,"Isobaths",Isobath_shell,-7.745022241,108.993489114,3.00,4.00
14,"Isobaths",Isobath_shell,-7.745094578,108.993440302,3.00,4.00
14,"Isobaths",Isobath_shell,-7.74514883,108.993431386,3.00,4.00
14,"Isobaths",Isobath_shell,-7.745203082,108.993443861,3.00,4.00
14,"Isobaths",Isobath_shell,-7.745275419,108.993472772,3.00,4.00
14,"Isobaths",Isobath_shell,-7.745383923,108.993553613,3.00,4.00
14,"Isobaths",Isobath_shell,-7.745564764,108.993586624,3.00,4.00
14,"Isobaths",Isobath_shell,-7.745655185,108.993624593,3.00,4.00
14,"Isobaths",Isobath_shell,-7.745691741,108.993658216,3.00,4.00
14,"Isobaths",Isobath_shell,-7.745704211,108.993694477,3.00,4.00
14,"Isobaths",Isobath_shell,-7.745703694,108.993712607,3.00,4.00
14,"Isobaths",Isobath_shell,-7.745696248,108.993730738,3.00,4.00
14,"Isobaths",Isobath_shell,-7.7456371,108.993785893,3.00,4.00
14,"Isobaths",Isobath_shell,-7.745615578,108.99382139,3.00,4.00
14,"Isobaths",Isobath_shell,-7.745614171,108.993857651,3.00,4.00
14,"Isobaths",Isobath_shell,-7.745643936,108.993930173,3.00,4.00
14,"Isobaths",Isobath_shell,-7.745673269,108.993974557,3.00,4.00
14,"Isobaths",Isobath_shell,-7.745709437,108.99400491,3.00,4.00
14,"Isobaths",Isobath_shell,-7.74585411,108.9940701,3.00,4.00
14,"Isobaths",Isobath_shell,-7.745915808,108.994111478,3.00,4.00
14,"Isobaths",Isobath_shell,-7.745983847,108.994184,3.00,4.00
14,"Isobaths",Isobath_shell,-7.745987866,108.994238392,3.00,4.00
14,"Isobaths",Isobath_shell,-7.745998782,108.994238392,3.00,4.00
14,"Isobaths",Isobath_shell,-7.746016866,108.994220261,3.00,4.00
14,"Isobaths",Isobath_shell,-7.746016866,108.994202131,3.00,4.00
14,"Isobaths",Isobath_shell,-7.74603495,108.994184,3.00,4.00
14,"Isobaths",Isobath_shell,-7.74603495,108.99416587,3.00,4.00
14,"Isobaths",Isobath_shell,-7.746053034,108.994147739,3.00,4.00
14,"Isobaths",Isobath_shell,-7.746053034,108.994129609,3.00,4.00
15,"Isobaths",Isobath_shell,-7.744118037,108.99882541,3.00,4.00
15,"Isobaths",Isobath_shell,-7.744118037,108.998765371,3.00,4.00
15,"Isobaths",Isobath_shell,-7.744081869,108.998765371,3.00,4.00
15,"Isobaths",Isobath_shell,-7.744027616,108.998732624,3.00,4.00
15,"Isobaths",Isobath_shell,-7.743937196,108.998607311,3.00,4.00
15,"Isobaths",Isobath_shell,-7.743901028,108.998580804,3.00,4.00
15,"Isobaths",Isobath_shell,-7.743864859,108.998575237,3.00,4.00
15,"Isobaths",Isobath_shell,-7.743846775,108.998582648,3.00,4.00
15,"Isobaths",Isobath_shell,-7.743795035,108.998625974,3.00,4.00
15,"Isobaths",Isobath_shell,-7.743774439,108.998631802,3.00,4.00
15,"Isobaths",Isobath_shell,-7.743738271,108.998621166,3.00,4.00
15,"Isobaths",Isobath_shell,-7.743611682,108.998547039,3.00,4.00
15,"Isobaths",Isobath_shell,-7.743471334,108.998535322,3.00,4.00
15,"Isobaths",Isobath_shell,-7.743427827,108.998517191,3.00,4.00
15,"Isobaths",Isobath_shell,-7.743304253,108.998367672,3.00,4.00
15,"Isobaths",Isobath_shell,-7.743231916,108.998312473,3.00,4.00
15,"Isobaths",Isobath_shell,-7.743161686,108.998245234,3.00,4.00
15,"Isobaths",Isobath_shell,-7.743051075,108.998183088,3.00,4.00
15,"Isobaths",Isobath_shell,-7.743005097,108.998136451,3.00,4.00
15,"Isobaths",Isobath_shell,-7.742991656,108.99810019,3.00,4.00
15,"Isobaths",Isobath_shell,-7.742989073,108.998063929,3.00,4.00
15,"Isobaths",Isobath_shell,-7.74300248,108.997864493,3.00,4.00
15,"Isobaths",Isobath_shell,-7.742978739,108.997819167,3.00,4.00
15,"Isobaths",Isobath_shell,-7.742960655,108.997810102,3.00,4.00
15,"Isobaths",Isobath_shell,-7.742942571,108.997828232,3.00,4.00
15,"Isobaths",Isobath_shell,-7.742924487,108.997846363,3.00,4.00
15,"Isobaths",Isobath_shell,-7.742906403,108.997864493,3.00,4.00
15,"Isobaths",Isobath_shell,-7.742888318,108.997882624,3.00,4.00
15,"Isobaths",Isobath_shell,-7.742888318,108.997900754,3.00,4.00
15,"Isobaths",Isobath_shell,-7.742870234,108.997918885,3.00,4.00
15,"Isobaths",Isobath_shell,-7.74285215,108.997937015,3.00,4.00
15,"Isobaths",Isobath_shell,-7.742834066,108.997955146,3.00,4.00
15,"Isobaths",Isobath_shell,-7.742834066,108.997973276,3.00,4.00
15,"Isobaths",Isobath_shell,-7.74285215,108.997955146,3.00,4.00
15,"Isobaths",Isobath_shell,-7.742870234,108.997961409,3.00,4.00
15,"Isobaths",Isobath_shell,-7.742893593,108.997973276,3.00,4.00
15,"Isobaths",Isobath_shell,-7.742890603,108.997991407,3.00,4.00
15,"Isobaths",Isobath_shell,-7.742897361,108.998009537,3.00,4.00
15,"Isobaths",Isobath_shell,-7.742892815,108.99811832,3.00,4.00
15,"Isobaths",Isobath_shell,-7.742908187,108.998172712,3.00,4.00
15,"Isobaths",Isobath_shell,-7.742955554,108.998227103,3.00,4.00
15,"Isobaths",Isobath_shell,-7.743085379,108.998299625,3.00,4.00
15,"Isobaths",Isobath_shell,-7.743159441,108.998372147,3.00,4.00
15,"Isobaths",Isobath_shell,-7.74320366,108.998444669,3.00,4.00
15,"Isobaths",Isobath_shell,-7.743220331,108.99848093,3.00,4.00
15,"Isobaths",Isobath_shell,-7.743248149,108.998571583,3.00,4.00
15,"Isobaths",Isobath_shell,-7.743268084,108.998594823,3.00,4.00
15,"Isobaths",Isobath_shell,-7.743322337,108.998618617,3.00,4.00
15,"Isobaths",Isobath_shell,-7.743394673,108.998628392,3.00,4.00
15,"Isobaths",Isobath_shell,-7.743448925,108.998620973,3.00,4.00
15,"Isobaths",Isobath_shell,-7.743539346,108.998584817,3.00,4.00
15,"Isobaths",Isobath_shell,-7.743611682,108.998589184,3.00,4.00
15,"Isobaths",Isobath_shell,-7.74364785,108.998612744,3.00,4.00
15,"Isobaths",Isobath_shell,-7.743756355,108.998712607,3.00,4.00
15,"Isobaths",Isobath_shell,-7.743810607,108.998730281,3.00,4.00
15,"Isobaths",Isobath_shell,-7.743864859,108.99872135,3.00,4.00
15,"Isobaths",Isobath_shell,-7.743886212,108.998734757,3.00,4.00
15,"Isobaths",Isobath_shell,-7.743919112,108.998768374,3.00,4.00
15,"Isobaths",Isobath_shell,-7.744006326,108.998916062,3.00,4.00
15,"Isobaths",Isobath_shell,-7.744063784,108.998956474,3.00,4.00
15,"Isobaths",Isobath_shell,-7.744099953,108.998956474,3.00,4.00
15,"Isobaths",Isobath_shell,-7.744099953,108.99884354,3.00,4.00
16,"Isobaths",Isobath_shell,-7.745998782,108.994238392,4.00,5.00
16,"Isobaths",Isobath_shell,-7.745987866,108.994238392,4.00,5.00
16,"Isobaths",Isobath_shell,-7.745983847,108.994184,4.00,5.00
16,"Isobaths",Isobath_shell,-7.745915808,108.994111478,4.00,5.00
16,"Isobaths",Isobath_shell,-7.74585411,108.9940701,4.00,5.00
16,"Isobaths",Isobath_shell,-7.745709437,108.99400491,4.00,5.00
16,"Isobaths",Isobath_shell,-7.745673269,108.993974557,4.00,5.00
16,"Isobaths",Isobath_shell,-7.745643936,108.993930173,4.00,5.00
16,"Isobaths",Isobath_shell,-7.745614171,108.993857651,4.00,5.00
16,"Isobaths",Isobath_shell,-7.745615578,108.99382139,4.00,5.00
16,"Isobaths",Isobath_shell,-7.7456371,108.993785893,4.00,5.00
16,"Isobaths",Isobath_shell,-7.745696248,108.993730738,4.00,5.00
16,"Isobaths",Isobath_shell,-7.745703694,108.993712607,4.00,5.00
16,"Isobaths",Isobath_shell,-7.745704211,108.993694477,4.00,5.00
16,"Isobaths",Isobath_shell,-7.745691741,108.993658216,4.00,5.00
16,"Isobaths",Isobath_shell,-7.745655185,108.993624593,4.00,5.00
16,"Isobaths",Isobath_shell,-7.745564764,108.993586624,4.00,5.00
16,"Isobaths",Isobath_shell,-7.745383923,108.993553613,4.00,5.00
16,"Isobaths",Isobath_shell,-7.745275419,108.993472772,4.00,5.00
16,"Isobaths",Isobath_shell,-7.745203082,108.993443861,4.00,5.00
16,"Isobaths",Isobath_shell,-7.74514883,108.993431386,4.00,5.00
16,"Isobaths",Isobath_shell,-7.745094578,108.993440302,4.00,5.00
16,"Isobaths",Isobath_shell,-7.745022241,108.993489114,4.00,5.00
16,"Isobaths",Isobath_shell,-7.744986073,108.993501391,4.00,5.00
16,"Isobaths",Isobath_shell,-7.744787148,108.993497739,4.00,5.00
16,"Isobaths",Isobath_shell,-7.744642475,108.993544645,4.00,5.00
16,"Isobaths",Isobath_shell,-7.744606307,108.99354162,4.00,5.00
16,"Isobaths",Isobath_shell,-7.744570139,108.993523147,4.00,5.00
16,"Isobaths",Isobath_shell,-7.744208457,108.993265027,4.00,5.00
16,"Isobaths",Isobath_shell,-7.744099953,108.993196004,4.00,5.00
16,"Isobaths",Isobath_shell,-7.744063784,108.993180954,4.00,5.00
16,"Isobaths",Isobath_shell,-7.743991448,108.993180108,4.00,5.00
16,"Isobaths",Isobath_shell,-7.743973364,108.993182477,4.00,5.00
16,"Isobaths",Isobath_shell,-7.74395528,108.99320914,4.00,5.00
16,"Isobaths",Isobath_shell,-7.743937196,108.993204953,4.00,5.00
16,"Isobaths",Isobath_shell,-7.743919112,108.993204953,4.00,5.00
16,"Isobaths",Isobath_shell,-7.743919112,108.993241214,4.00,5.00
16,"Isobaths",Isobath_shell,-7.743937196,108.993241214,4.00,5.00
16,"Isobaths",Isobath_shell,-7.743937196,108.993277475,4.00,5.00
16,"Isobaths",Isobath_shell,-7.74395528,108.993277475,4.00,5.00
16,"Isobaths",Isobath_shell,-7.743973364,108.993294771,4.00,5.00
16,"Isobaths",Isobath_shell,-7.744027616,108.993280243,4.00,5.00
16,"Isobaths",Isobath_shell,-7.744081869,108.993276887,4.00,5.00
16,"Isobaths",Isobath_shell,-7.744136121,108.99329198,4.00,5.00
16,"Isobaths",Isobath_shell,-7.744244625,108.993358002,4.00,5.00
16,"Isobaths",Isobath_shell,-7.744588223,108.993602404,4.00,5.00
16,"Isobaths",Isobath_shell,-7.744642475,108.993625237,4.00,5.00
16,"Isobaths",Isobath_shell,-7.744678644,108.993614223,4.00,5.00
16,"Isobaths",Isobath_shell,-7.744754631,108.993549433,4.00,5.00
16,"Isobaths",Isobath_shell,-7.744787148,108.993529857,4.00,5.00
16,"Isobaths",Isobath_shell,-7.7448414,108.99352259,4.00,5.00
16,"Isobaths",Isobath_shell,-7.745004157,108.993527549,4.00,5.00
16,"Isobaths",Isobath_shell,-7.745112662,108.993486727,4.00,5.00
16,"Isobaths",Isobath_shell,-7.74514883,108.993481406,4.00,5.00
16,"Isobaths",Isobath_shell,-7.745184998,108.99348762,4.00,5.00
16,"Isobaths",Isobath_shell,-7.74524155,108.993513172,4.00,5.00
16,"Isobaths",Isobath_shell,-7.745365839,108.993609842,4.00,5.00
16,"Isobaths",Isobath_shell,-7.745383923,108.993615981,4.00,5.00
16,"Isobaths",Isobath_shell,-7.745420091,108.993611742,4.00,5.00
16,"Isobaths",Isobath_shell,-7.74556658,108.993621955,4.00,5.00
16,"Isobaths",Isobath_shell,-7.7456371,108.993668777,4.00,5.00
16,"Isobaths",Isobath_shell,-7.745651546,108.993694477,4.00,5.00
16,"Isobaths",Isobath_shell,-7.745642251,108.993712607,4.00,5.00
16,"Isobaths",Isobath_shell,-7.745573733,108.993766999,4.00,5.00
16,"Isobaths",Isobath_shell,-7.745548658,108.99382139,4.00,5.00
16,"Isobaths",Isobath_shell,-7.745550134,108.993875782,4.00,5.00
16,"Isobaths",Isobath_shell,-7.745596389,108.994002695,4.00,5.00
16,"Isobaths",Isobath_shell,-7.745655185,108.994102562,4.00,5.00
16,"Isobaths",Isobath_shell,-7.745799857,108.994196566,4.00,5.00
16,"Isobaths",Isobath_shell,-7.745908362,108.994303299,4.00,5.00
16,"Isobaths",Isobath_shell,-7.745917534,108.994329045,4.00,5.00
16,"Isobaths",Isobath_shell,-7.745917534,108.994365306,4.00,5.00
16,"Isobaths",Isobath_shell,-7.745926446,108.994365306,4.00,5.00
16,"Isobaths",Isobath_shell,-7.745926446,108.994347175,4.00,5.00
16,"Isobaths",Isobath_shell,-7.74594453,108.994329045,4.00,5.00
16,"Isobaths",Isobath_shell,-7.745962614,108.994310914,4.00,5.00
16,"Isobaths",Isobath_shell,-7.745962614,108.994292784,4.00,5.00
16,"Isobaths",Isobath_shell,-7.745980698,108.994274653,4.00,5.00
16,"Isobaths",Isobath_shell,-7.745980698,108.994256523,4.00,5.00
17,"Isobaths",Isobath_shell,-7.744136121,108.998662235,4.00,5.00
17,"Isobaths",Isobath_shell,-7.744136121,108.998571161,4.00,5.00
17,"Isobaths",Isobath_shell,-7.744099953,108.998571161,4.00,5.00
17,"Isobaths",Isobath_shell,-7.744063784,108.998553663,4.00,5.00
17,"Isobaths",Isobath_shell,-7.744009532,108.998507628,4.00,5.00
17,"Isobaths",Isobath_shell,-7.74395528,108.998449458,4.00,5.00
17,"Isobaths",Isobath_shell,-7.743919112,108.998431148,4.00,5.00
17,"Isobaths",Isobath_shell,-7.743864859,108.998439111,4.00,5.00
17,"Isobaths",Isobath_shell,-7.743828691,108.99847162,4.00,5.00
17,"Isobaths",Isobath_shell,-7.743792523,108.998521392,4.00,5.00
17,"Isobaths",Isobath_shell,-7.743756355,108.998542053,4.00,5.00
17,"Isobaths",Isobath_shell,-7.743720187,108.998539272,4.00,5.00
17,"Isobaths",Isobath_shell,-7.743611682,108.998507872,4.00,5.00
17,"Isobaths",Isobath_shell,-7.743521262,108.998493208,4.00,5.00
17,"Isobaths",Isobath_shell,-7.743467009,108.998465265,4.00,5.00
17,"Isobaths",Isobath_shell,-7.743322337,108.998286324,4.00,5.00
17,"Isobaths",Isobath_shell,-7.743213832,108.998193603,4.00,5.00
17,"Isobaths",Isobath_shell,-7.743133916,108.998136451,4.00,5.00
17,"Isobaths",Isobath_shell,-7.74310185,108.99810019,4.00,5.00
17,"Isobaths",Isobath_shell,-7.743088505,108.998063929,4.00,5.00
17,"Isobaths",Isobath_shell,-7.743085608,108.998027668,4.00,5.00
17,"Isobaths",Isobath_shell,-7.743108477,108.997719449,4.00,5.00
17,"Isobaths",Isobath_shell,-7.74309729,108.997701319,4.00,5.00
17,"Isobaths",Isobath_shell,-7.743092863,108.997665058,4.00,5.00
17,"Isobaths",Isobath_shell,-7.743087244,108.997646927,4.00,5.00
17,"Isobaths",Isobath_shell,-7.743069159,108.997665058,4.00,5.00
17,"Isobaths",Isobath_shell,-7.743051075,108.997683188,4.00,5.00
17,"Isobaths",Isobath_shell,-7.743032991,108.997701319,4.00,5.00
17,"Isobaths",Isobath_shell,-7.743014907,108.997719449,4.00,5.00
17,"Isobaths",Isobath_shell,-7.742996823,108.99773758,4.00,5.00
17,"Isobaths",Isobath_shell,-7.742996823,108.99775571,4.00,5.00
17,"Isobaths",Isobath_shell,-7.742978739,108.997773841,4.00,5.00
17,"Isobaths",Isobath_shell,-7.742960655,108.997791971,4.00,5.00
17,"Isobaths",Isobath_shell,-7.742942571,108.997810102,4.00,5.00
17,"Isobaths",Isobath_shell,-7.742942571,108.997828232,4.00,5.00
17,"Isobaths",Isobath_shell,-7.742960655,108.997810102,4.00,5.00
17,"Isobaths",Isobath_shell,-7.742978739,108.997819167,4.00,5.00
17,"Isobaths",Isobath_shell,-7.74300248,108.997864493,4.00,5.00
17,"Isobaths",Isobath_shell,-7.742989073,108.998063929,4.00,5.00
17,"Isobaths",Isobath_shell,-7.742991656,108.99810019,4.00,5.00
17,"Isobaths",Isobath_shell,-7.743005097,108.998136451,4.00,5.00
17,"Isobaths",Isobath_shell,-7.743051075,108.998183088,4.00,5.00
17,"Isobaths",Isobath_shell,-7.743161686,108.998245234,4.00,5.00
17,"Isobaths",Isobath_shell,-7.743231916,108.998312473,4.00,5.00
17,"Isobaths",Isobath_shell,-7.743304253,108.998367672,4.00,5.00
17,"Isobaths",Isobath_shell,-7.743427827,108.998517191,4.00,5.00
17,"Isobaths",Isobath_shell,-7.743471334,108.998535322,4.00,5.00
17,"Isobaths",Isobath_shell,-7.743611682,108.998547039,4.00,5.00
17,"Isobaths",Isobath_shell,-7.743738271,108.998621166,4.00,5.00
17,"Isobaths",Isobath_shell,-7.743774439,108.998631802,4.00,5.00
17,"Isobaths",Isobath_shell,-7.743795035,108.998625974,4.00,5.00
17,"Isobaths",Isobath_shell,-7.743846775,108.998582648,4.00,5.00
17,"Isobaths",Isobath_shell,-7.743864859,108.998575237,4.00,5.00
17,"Isobaths",Isobath_shell,-7.743901028,108.998580804,4.00,5.00
17,"Isobaths",Isobath_shell,-7.743937196,108.998607311,4.00,5.00
17,"Isobaths",Isobath_shell,-7.744027616,108.998732624,4.00,5.00
17,"Isobaths",Isobath_shell,-7.744081869,108.998765371,4.00,5.00
17,"Isobaths",Isobath_shell,-7.744118037,108.998765371,4.00,5.00
17,"Isobaths",Isobath_shell,-7.744118037,108.998680366,4.00,5.00
18,"Isobaths",Isobath_shell,-7.744154205,108.998499061,5.00,6.00
18,"Isobaths",Isobath_shell,-7.744154205,108.998394473,5.00,6.00
18,"Isobaths",Isobath_shell,-7.744136121,108.998394473,5.00,6.00
18,"Isobaths",Isobath_shell,-7.744118037,108.998367563,5.00,6.00
18,"Isobaths",Isobath_shell,-7.744081869,108.998356934,5.00,6.00
18,"Isobaths",Isobath_shell,-7.743984667,108.998299625,5.00,6.00
18,"Isobaths",Isobath_shell,-7.743937196,108.998283129,5.00,6.00
18,"Isobaths",Isobath_shell,-7.743901028,108.998289956,5.00,6.00
18,"Isobaths",Isobath_shell,-7.743864859,108.998310075,5.00,6.00
18,"Isobaths",Isobath_shell,-7.743828691,108.998351135,5.00,6.00
18,"Isobaths",Isobath_shell,-7.743774439,108.998434093,5.00,6.00
18,"Isobaths",Isobath_shell,-7.743756355,108.998451643,5.00,6.00
18,"Isobaths",Isobath_shell,-7.743720187,108.998470835,5.00,6.00
18,"Isobaths",Isobath_shell,-7.743665934,108.998477842,5.00,6.00
18,"Isobaths",Isobath_shell,-7.743575514,108.998461936,5.00,6.00
18,"Isobaths",Isobath_shell,-7.743530205,108.998444669,5.00,6.00
18,"Isobaths",Isobath_shell,-7.743485094,108.998411911,5.00,6.00
18,"Isobaths",Isobath_shell,-7.743454182,108.998372147,5.00,6.00
18,"Isobaths",Isobath_shell,-7.743411649,108.998299625,5.00,6.00
18,"Isobaths",Isobath_shell,-7.743340421,108.998204086,5.00,6.00
18,"Isobaths",Isobath_shell,-7.743286169,108.998147382,5.00,6.00
18,"Isobaths",Isobath_shell,-7.743229204,108.99810019,5.00,6.00
18,"Isobaths",Isobath_shell,-7.743191286,108.998045798,5.00,6.00
18,"Isobaths",Isobath_shell,-7.743183369,108.998009537,5.00,6.00
18,"Isobaths",Isobath_shell,-7.743183856,108.997955146,5.00,6.00
18,"Isobaths",Isobath_shell,-7.74321523,108.997574405,5.00,6.00
18,"Isobaths",Isobath_shell,-7.743203017,108.997556275,5.00,6.00
18,"Isobaths",Isobath_shell,-7.743199913,108.997520014,5.00,6.00
18,"Isobaths",Isobath_shell,-7.743195748,108.997501883,5.00,6.00
18,"Isobaths",Isobath_shell,-7.743177664,108.997520014,5.00,6.00
18,"Isobaths",Isobath_shell,-7.74315958,108.997538144,5.00,6.00
18,"Isobaths",Isobath_shell,-7.743141496,108.997556275,5.00,6.00
18,"Isobaths",Isobath_shell,-7.743123412,108.997574405,5.00,6.00
18,"Isobaths",Isobath_shell,-7.743123412,108.997592536,5.00,6.00
18,"Isobaths",Isobath_shell,-7.743105328,108.997610666,5.00,6.00
18,"Isobaths",Isobath_shell,-7.743087244,108.997628797,5.00,6.00
18,"Isobaths",Isobath_shell,-7.743069159,108.997646927,5.00,6.00
18,"Isobaths",Isobath_shell,-7.743069159,108.997665058,5.00,6.00
18,"Isobaths",Isobath_shell,-7.743087244,108.997646927,5.00,6.00
18,"Isobaths",Isobath_shell,-7.743092863,108.997665058,5.00,6.00
18,"Isobaths",Isobath_shell,-7.74309729,108.997701319,5.00,6.00
18,"Isobaths",Isobath_shell,-7.743108477,108.997719449,5.00,6.00
18,"Isobaths",Isobath_shell,-7.743085608,108.998027668,5.00,6.00
18,"Isobaths",Isobath_shell,-7.743088505,108.998063929,5.00,6.00
18,"Isobaths",Isobath_shell,-7.74310185,108.99810019,5.00,6.00
18,"Isobaths",Isobath_shell,-7.743133916,108.998136451,5.00,6.00
18,"Isobaths",Isobath_shell,-7.743213832,108.998193603,5.00,6.00
18,"Isobaths",Isobath_shell,-7.743322337,108.998286324,5.00,6.00
18,"Isobaths",Isobath_shell,-7.743467009,108.998465265,5.00,6.00
18,"Isobaths",Isobath_shell,-7.743521262,108.998493208,5.00,6.00
18,"Isobaths",Isobath_shell,-7.743611682,108.998507872,5.00,6.00
18,"Isobaths",Isobath_shell,-7.743720187,108.998539272,5.00,6.00
18,"Isobaths",Isobath_shell,-7.743756355,108.998542053,5.00,6.00
18,"Isobaths",Isobath_shell,-7.743792523,108.998521392,5.00,6.00
18,"Isobaths",Isobath_shell,-7.743828691,108.99847162,5.00,6.00
18,"Isobaths",Isobath_shell,-7.743864859,108.998439111,5.00,6.00
18,"Isobaths",Isobath_shell,-7.743919112,108.998431148,5.00,6.00
18,"Isobaths",Isobath_shell,-7.74395528,108.998449458,5.00,6.00
18,"Isobaths",Isobath_shell,-7.744009532,108.998507628,5.00,6.00
18,"Isobaths",Isobath_shell,-7.744063784,108.998553663,5.00,6.00
18,"Isobaths",Isobath_shell,-7.744099953,108.998571161,5.00,6.00
18,"Isobaths",Isobath_shell,-7.744136121,108.998571161,5.00,6.00
18,"Isobaths",Isobath_shell,-7.744136121,108.998517191,5.00,6.00
19,"Isobaths",Isobath_shell,-7.745926446,108.994365306,5.00,6.00
19,"Isobaths",Isobath_shell,-7.745917534,108.994365306,5.00,6.00
19,"Isobaths",Isobath_shell,-7.745917534,108.994329045,5.00,6.00
19,"Isobaths",Isobath_shell,-7.745908362,108.994303299,5.00,6.00
19,"Isobaths",Isobath_shell,-7.745799857,108.994196566,5.00,6.00
19,"Isobaths",Isobath_shell,-7.745655185,108.994102562,5.00,6.00
19,"Isobaths",Isobath_shell,-7.745596389,108.994002695,5.00,6.00
19,"Isobaths",Isobath_shell,-7.745550134,108.993875782,5.00,6.00
19,"Isobaths",Isobath_shell,-7.745548658,108.99382139,5.00,6.00
19,"Isobaths",Isobath_shell,-7.745573733,108.993766999,5.00,6.00
19,"Isobaths",Isobath_shell,-7.745642251,108.993712607,5.00,6.00
19,"Isobaths",Isobath_shell,-7.745651546,108.993694477,5.00,6.00
19,"Isobaths",Isobath_shell,-7.7456371,108.993668777,5.00,6.00
19,"Isobaths",Isobath_shell,-7.74556658,108.993621955,5.00,6.00
19,"Isobaths",Isobath_shell,-7.745420091,108.993611742,5.00,6.00
19,"Isobaths",Isobath_shell,-7.745383923,108.993615981,5.00,6.00
19,"Isobaths",Isobath_shell,-7.745365839,108.993609842,5.00,6.00
19,"Isobaths",Isobath_shell,-7.74524155,108.993513172,5.00,6.00
19,"Isobaths",Isobath_shell,-7.745184998,108.99348762,5.00,6.00
19,"Isobaths",Isobath_shell,-7.74514883,108.993481406,5.00,6.00
19,"Isobaths",Isobath_shell,-7.745112662,108.993486727,5.00,6.00
19,"Isobaths",Isobath_shell,-7.745004157,108.993527549,5.00,6.00
19,"Isobaths",Isobath_shell,-7.7448414,108.99352259,5.00,6.00
19,"Isobaths",Isobath_shell,-7.744787148,108.993529857,5.00,6.00
19,"Isobaths",Isobath_shell,-7.744754631,108.993549433,5.00,6.00
19,"Isobaths",Isobath_shell,-7.744678644,108.993614223,5.00,6.00
19,"Isobaths",Isobath_shell,-7.744642475,108.993625237,5.00,6.00
19,"Isobaths",Isobath_shell,-7.744588223,108.993602404,5.00,6.00
19,"Isobaths",Isobath_shell,-7.744244625,108.993358002,5.00,6.00
19,"Isobaths",Isobath_shell,-7.744136121,108.99329198,5.00,6.00
19,"Isobaths",Isobath_shell,-7.744081869,108.993276887,5.00,6.00
19,"Isobaths",Isobath_shell,-7.744027616,108.993280243,5.00,6.00
19,"Isobaths",Isobath_shell,-7.743973364,108.993294771,5.00,6.00
19,"Isobaths",Isobath_shell,-7.74395528,108.993277475,5.00,6.00
19,"Isobaths",Isobath_shell,-7.743937196,108.993277475,5.00,6.00
19,"Isobaths",Isobath_shell,-7.743937196,108.993295606,5.00,6.00
19,"Isobaths",Isobath_shell,-7.74395528,108.993295606,5.00,6.00
19,"Isobaths",Isobath_shell,-7.74395528,108.993368128,5.00,6.00
19,"Isobaths",Isobath_shell,-7.743973364,108.993368128,5.00,6.00
19,"Isobaths",Isobath_shell,-7.743973364,108.993404389,5.00,6.00
19,"Isobaths",Isobath_shell,-7.743991448,108.993404389,5.00,6.00
19,"Isobaths",Isobath_shell,-7.744009532,108.993417214,5.00,6.00
19,"Isobaths",Isobath_shell,-7.744027616,108.993400591,5.00,6.00
19,"Isobaths",Isobath_shell,-7.744081869,108.993391501,5.00,6.00
19,"Isobaths",Isobath_shell,-7.744118037,108.993376302,5.00,6.00
19,"Isobaths",Isobath_shell,-7.744172289,108.993388753,5.00,6.00
19,"Isobaths",Isobath_shell,-7.744280794,108.993451307,5.00,6.00
19,"Isobaths",Isobath_shell,-7.744606307,108.993681507,5.00,6.00
19,"Isobaths",Isobath_shell,-7.74466056,108.993704925,5.00,6.00
19,"Isobaths",Isobath_shell,-7.744696728,108.993694184,5.00,6.00
19,"Isobaths",Isobath_shell,-7.744771557,108.993585694,5.00,6.00
19,"Isobaths",Isobath_shell,-7.744789107,108.993567563,5.00,6.00
19,"Isobaths",Isobath_shell,-7.744823316,108.993552072,5.00,6.00
19,"Isobaths",Isobath_shell,-7.744895653,108.99354698,5.00,6.00
19,"Isobaths",Isobath_shell,-7.745022241,108.993558682,5.00,6.00
19,"Isobaths",Isobath_shell,-7.74514883,108.993535524,5.00,6.00
19,"Isobaths",Isobath_shell,-7.745190553,108.993549433,5.00,6.00
19,"Isobaths",Isobath_shell,-7.745365839,108.993704303,5.00,6.00
19,"Isobaths",Isobath_shell,-7.745383923,108.993711693,5.00,6.00
19,"Isobaths",Isobath_shell,-7.745420091,108.993698476,5.00,6.00
19,"Isobaths",Isobath_shell,-7.745438175,108.993704549,5.00,6.00
19,"Isobaths",Isobath_shell,-7.745453999,108.993730738,5.00,6.00
19,"Isobaths",Isobath_shell,-7.745451865,108.993748868,5.00,6.00
19,"Isobaths",Isobath_shell,-7.745461585,108.99380326,5.00,6.00
19,"Isobaths",Isobath_shell,-7.745503484,108.993984565,5.00,6.00
19,"Isobaths",Isobath_shell,-7.745526457,108.994057087,5.00,6.00
19,"Isobaths",Isobath_shell,-7.745551116,108.994111478,5.00,6.00
19,"Isobaths",Isobath_shell,-7.7456371,108.994236084,5.00,6.00
19,"Isobaths",Isobath_shell,-7.745836025,108.994425303,5.00,6.00
19,"Isobaths",Isobath_shell,-7.745849321,108.994455958,5.00,6.00
19,"Isobaths",Isobath_shell,-7.745849321,108.994492219,5.00,6.00
19,"Isobaths",Isobath_shell,-7.74585411,108.994492219,5.00,6.00
19,"Isobaths",Isobath_shell,-7.74585411,108.994474089,5.00,6.00
19,"Isobaths",Isobath_shell,-7.745872194,108.994455958,5.00,6.00
19,"Isobaths",Isobath_shell,-7.745872194,108.994437828,5.00,6.00
19,"Isobaths",Isobath_shell,-7.745890278,108.994419697,5.00,6.00
19,"Isobaths",Isobath_shell,-7.745908362,108.994401567,5.00,6.00
19,"Isobaths",Isobath_shell,-7.745908362,108.994383436,5.00,6.00
20,"Isobaths",Isobath_shell,-7.744190373,108.998190842,6.00,7.00
20,"Isobaths",Isobath_shell,-7.744190373,108.998153963,6.00,7.00
20,"Isobaths",Isobath_shell,-7.744118037,108.998161667,6.00,7.00
20,"Isobaths",Isobath_shell,-7.744009532,108.998139777,6.00,7.00
20,"Isobaths",Isobath_shell,-7.743937196,108.998140741,6.00,7.00
20,"Isobaths",Isobath_shell,-7.743882944,108.998170336,6.00,7.00
20,"Isobaths",Isobath_shell,-7.743846775,108.998205887,6.00,7.00
20,"Isobaths",Isobath_shell,-7.743804039,108.998263364,6.00,7.00
20,"Isobaths",Isobath_shell,-7.743738271,108.998370276,6.00,7.00
20,"Isobaths",Isobath_shell,-7.743700282,108.998408408,6.00,7.00
20,"Isobaths",Isobath_shell,-7.743665934,108.998423339,6.00,7.00
20,"Isobaths",Isobath_shell,-7.743629766,108.998422788,6.00,7.00
20,"Isobaths",Isobath_shell,-7.743575514,108.998408595,6.00,7.00
20,"Isobaths",Isobath_shell,-7.743539346,108.998383946,6.00,7.00
20,"Isobaths",Isobath_shell,-7.743503178,108.998341594,6.00,7.00
20,"Isobaths",Isobath_shell,-7.743466796,108.998281495,6.00,7.00
20,"Isobaths",Isobath_shell,-7.743400822,108.998082059,6.00,7.00
20,"Isobaths",Isobath_shell,-7.743379172,108.998045798,6.00,7.00
20,"Isobaths",Isobath_shell,-7.743322337,108.997974032,6.00,7.00
20,"Isobaths",Isobath_shell,-7.743307759,108.997937015,6.00,7.00
20,"Isobaths",Isobath_shell,-7.743300218,108.997846363,6.00,7.00
20,"Isobaths",Isobath_shell,-7.743300245,108.997665058,6.00,7.00
20,"Isobaths",Isobath_shell,-7.74330824,108.997538144,6.00,7.00
20,"Isobaths",Isobath_shell,-7.743322508,108.997429361,6.00,7.00
20,"Isobaths",Isobath_shell,-7.743309764,108.99741123,6.00,7.00
20,"Isobaths",Isobath_shell,-7.743307486,108.9973931,6.00,7.00
20,"Isobaths",Isobath_shell,-7.743304253,108.997374969,6.00,7.00
20,"Isobaths",Isobath_shell,-7.743304253,108.997356839,6.00,7.00
20,"Isobaths",Isobath_shell,-7.743286169,108.997374969,6.00,7.00
20,"Isobaths",Isobath_shell,-7.743268084,108.9973931,6.00,7.00
20,"Isobaths",Isobath_shell,-7.74325,108.99741123,6.00,7.00
20,"Isobaths",Isobath_shell,-7.743231916,108.997429361,6.00,7.00
20,"Isobaths",Isobath_shell,-7.743231916,108.997447491,6.00,7.00
20,"Isobaths",Isobath_shell,-7.743213832,108.997465622,6.00,7.00
20,"Isobaths",Isobath_shell,-7.743195748,108.997483752,6.00,7.00
20,"Isobaths",Isobath_shell,-7.743177664,108.997501883,6.00,7.00
20,"Isobaths",Isobath_shell,-7.743177664,108.997520014,6.00,7.00
20,"Isobaths",Isobath_shell,-7.743195748,108.997501883,6.00,7.00
20,"Isobaths",Isobath_shell,-7.743199913,108.997520014,6.00,7.00
20,"Isobaths",Isobath_shell,-7.743203017,108.997556275,6.00,7.00
20,"Isobaths",Isobath_shell,-7.74321523,108.997574405,6.00,7.00
20,"Isobaths",Isobath_shell,-7.743183856,108.997955146,6.00,7.00
20,"Isobaths",Isobath_shell,-7.743183369,108.998009537,6.00,7.00
20,"Isobaths",Isobath_shell,-7.743191286,108.998045798,6.00,7.00
20,"Isobaths",Isobath_shell,-7.743229204,108.99810019,6.00,7.00
20,"Isobaths",Isobath_shell,-7.743286169,108.998147382,6.00,7.00
20,"Isobaths",Isobath_shell,-7.743340421,108.998204086,6.00,7.00
20,"Isobaths",Isobath_shell,-7.743411649,108.998299625,6.00,7.00
20,"Isobaths",Isobath_shell,-7.743454182,108.998372147,6.00,7.00
20,"Isobaths",Isobath_shell,-7.743485094,108.998411911,6.00,7.00
20,"Isobaths",Isobath_shell,-7.743530205,108.998444669,6.00,7.00
20,"Isobaths",Isobath_shell,-7.743575514,108.998461936,6.00,7.00
20,"Isobaths",Isobath_shell,-7.743665934,108.998477842,6.00,7.00
20,"Isobaths",Isobath_shell,-7.743720187,108.998470835,6.00,7.00
20,"Isobaths",Isobath_shell,-7.743756355,108.998451643,6.00,7.00
20,"Isobaths",Isobath_shell,-7.743774439,108.998434093,6.00,7.00
20,"Isobaths",Isobath_shell,-7.743828691,108.998351135,6.00,7.00
20,"Isobaths",Isobath_shell,-7.743864859,108.998310075,6.00,7.00
20,"Isobaths",Isobath_shell,-7.743901028,108.998289956,6.00,7.00
20,"Isobaths",Isobath_shell,-7.743937196,108.998283129,6.00,7.00
20,"Isobaths",Isobath_shell,-7.743984667,108.998299625,6.00,7.00
20,"Isobaths",Isobath_shell,-7.744081869,108.998356934,6.00,7.00
20,"Isobaths",Isobath_shell,-7.744118037,108.998367563,6.00,7.00
20,"Isobaths",Isobath_shell,-7.744136121,108.998394473,6.00,7.00
20,"Isobaths",Isobath_shell,-7.744154205,108.998394473,6.00,7.00
20,"Isobaths",Isobath_shell,-7.744154205,108.998372147,6.00,7.00
20,"Isobaths",Isobath_shell,-7.744172289,108.998354017,6.00,7.00
20,"Isobaths",Isobath_shell,-7.744172289,108.998208973,6.00,7.00
21,"Isobaths",Isobath_shell,-7.745203082,108.993906001,6.00,7.00
21,"Isobaths",Isobath_shell,-7.745203082,108.99386974,6.00,7.00
21,"Isobaths",Isobath_shell,-7.745184998,108.993854026,6.00,7.00
21,"Isobaths",Isobath_shell,-7.745181985,108.993857651,6.00,7.00
21,"Isobaths",Isobath_shell,-7.745172081,108.993875782,6.00,7.00
21,"Isobaths",Isobath_shell,-7.745170933,108.993893912,6.00,7.00
21,"Isobaths",Isobath_shell,-7.745184998,108.99391446,6.00,7.00
22,"Isobaths",Isobath_shell,-7.74585411,108.994492219,6.00,7.00
22,"Isobaths",Isobath_shell,-7.745849321,108.994492219,6.00,7.00
22,"Isobaths",Isobath_shell,-7.745849321,108.994455958,6.00,7.00
22,"Isobaths",Isobath_shell,-7.745836025,108.994425303,6.00,7.00
22,"Isobaths",Isobath_shell,-7.7456371,108.994236084,6.00,7.00
22,"Isobaths",Isobath_shell,-7.745551116,108.994111478,6.00,7.00
22,"Isobaths",Isobath_shell,-7.745526457,108.994057087,6.00,7.00
22,"Isobaths",Isobath_shell,-7.745503484,108.993984565,6.00,7.00
22,"Isobaths",Isobath_shell,-7.745461585,108.99380326,6.00,7.00
22,"Isobaths",Isobath_shell,-7.745451865,108.993748868,6.00,7.00
22,"Isobaths",Isobath_shell,-7.745453999,108.993730738,6.00,7.00
22,"Isobaths",Isobath_shell,-7.745438175,108.993704549,6.00,7.00
22,"Isobaths",Isobath_shell,-7.745420091,108.993698476,6.00,7.00
22,"Isobaths",Isobath_shell,-7.745383923,108.993711693,6.00,7.00
22,"Isobaths",Isobath_shell,-7.745365839,108.993704303,6.00,7.00
22,"Isobaths",Isobath_shell,-7.745190553,108.993549433,6.00,7.00
22,"Isobaths",Isobath_shell,-7.74514883,108.993535524,6.00,7.00
22,"Isobaths",Isobath_shell,-7.745022241,108.993558682,6.00,7.00
22,"Isobaths",Isobath_shell,-7.744895653,108.99354698,6.00,7.00
22,"Isobaths",Isobath_shell,-7.744823316,108.993552072,6.00,7.00
22,"Isobaths",Isobath_shell,-7.744789107,108.993567563,6.00,7.00
22,"Isobaths",Isobath_shell,-7.744771557,108.993585694,6.00,7.00
22,"Isobaths",Isobath_shell,-7.744696728,108.993694184,6.00,7.00
22,"Isobaths",Isobath_shell,-7.74466056,108.993704925,6.00,7.00
22,"Isobaths",Isobath_shell,-7.744606307,108.993681507,6.00,7.00
22,"Isobaths",Isobath_shell,-7.744280794,108.993451307,6.00,7.00
22,"Isobaths",Isobath_shell,-7.744172289,108.993388753,6.00,7.00
22,"Isobaths",Isobath_shell,-7.744118037,108.993376302,6.00,7.00
22,"Isobaths",Isobath_shell,-7.744081869,108.993391501,6.00,7.00
22,"Isobaths",Isobath_shell,-7.744027616,108.993400591,6.00,7.00
22,"Isobaths",Isobath_shell,-7.744009532,108.993417214,6.00,7.00
22,"Isobaths",Isobath_shell,-7.743991448,108.993404389,6.00,7.00
22,"Isobaths",Isobath_shell,-7.743973364,108.993404389,6.00,7.00
22,"Isobaths",Isobath_shell,-7.743973364,108.99344065,6.00,7.00
22,"Isobaths",Isobath_shell,-7.743991448,108.99344065,6.00,7.00
22,"Isobaths",Isobath_shell,-7.743991448,108.993513172,6.00,7.00
22,"Isobaths",Isobath_shell,-7.744009532,108.993513172,6.00,7.00
22,"Isobaths",Isobath_shell,-7.744009532,108.993549433,6.00,7.00
22,"Isobaths",Isobath_shell,-7.744027616,108.993549433,6.00,7.00
22,"Isobaths",Isobath_shell,-7.7440457,108.993555171,6.00,7.00
22,"Isobaths",Isobath_shell,-7.744081869,108.993513935,6.00,7.00
22,"Isobaths",Isobath_shell,-7.744118037,108.993498729,6.00,7.00
22,"Isobaths",Isobath_shell,-7.744136121,108.993483403,6.00,7.00
22,"Isobaths",Isobath_shell,-7.744172289,108.993477802,6.00,7.00
22,"Isobaths",Isobath_shell,-7.744208457,108.993486489,6.00,7.00
22,"Isobaths",Isobath_shell,-7.744335046,108.993556866,6.00,7.00
22,"Isobaths",Isobath_shell,-7.744624391,108.993760499,6.00,7.00
22,"Isobaths",Isobath_shell,-7.744678644,108.993783911,6.00,7.00
22,"Isobaths",Isobath_shell,-7.744714812,108.993780968,6.00,7.00
22,"Isobaths",Isobath_shell,-7.74475098,108.993763519,6.00,7.00
22,"Isobaths",Isobath_shell,-7.744768042,108.993730738,6.00,7.00
22,"Isobaths",Isobath_shell,-7.744797184,108.993621955,6.00,7.00
22,"Isobaths",Isobath_shell,-7.7448092,108.993603824,6.00,7.00
22,"Isobaths",Isobath_shell,-7.7448414,108.993583076,6.00,7.00
22,"Isobaths",Isobath_shell,-7.744877569,108.993575916,6.00,7.00
22,"Isobaths",Isobath_shell,-7.744931821,108.993579456,6.00,7.00
22,"Isobaths",Isobath_shell,-7.745094578,108.993616103,6.00,7.00
22,"Isobaths",Isobath_shell,-7.745130746,108.99363007,6.00,7.00
22,"Isobaths",Isobath_shell,-7.74515734,108.993658216,6.00,7.00
22,"Isobaths",Isobath_shell,-7.745162226,108.993712607,6.00,7.00
22,"Isobaths",Isobath_shell,-7.745184998,108.993757539,6.00,7.00
22,"Isobaths",Isobath_shell,-7.745221166,108.993797217,6.00,7.00
22,"Isobaths",Isobath_shell,-7.745293503,108.993837967,6.00,7.00
22,"Isobaths",Isobath_shell,-7.745347755,108.993899012,6.00,7.00
22,"Isobaths",Isobath_shell,-7.745372699,108.993966434,6.00,7.00
22,"Isobaths",Isobath_shell,-7.745390277,108.994111478,6.00,7.00
22,"Isobaths",Isobath_shell,-7.745416422,108.99416587,6.00,7.00
22,"Isobaths",Isobath_shell,-7.745474344,108.994224991,6.00,7.00
22,"Isobaths",Isobath_shell,-7.7456371,108.994428968,6.00,7.00
22,"Isobaths",Isobath_shell,-7.745764091,108.994546611,6.00,7.00
22,"Isobaths",Isobath_shell,-7.745777754,108.994564741,6.00,7.00
22,"Isobaths",Isobath_shell,-7.745777754,108.994619133,6.00,7.00
22,"Isobaths",Isobath_shell,-7.745781773,108.994619133,6.00,7.00
22,"Isobaths",Isobath_shell,-7.745781773,108.994601002,6.00,7.00
22,"Isobaths",Isobath_shell,-7.745799857,108.994582872,6.00,7.00
22,"Isobaths",Isobath_shell,-7.745799857,108.994564741,6.00,7.00
22,"Isobaths",Isobath_shell,-7.745817941,108.994546611,6.00,7.00
22,"Isobaths",Isobath_shell,-7.745836025,108.99452848,6.00,7.00
22,"Isobaths",Isobath_shell,-7.745836025,108.99451035,6.00,7.00
23,"Isobaths",Isobath_shell,-7.745781773,108.994619133,7.00,8.00
23,"Isobaths",Isobath_shell,-7.745777754,108.994619133,7.00,8.00
23,"Isobaths",Isobath_shell,-7.745777754,108.994564741,7.00,8.00
23,"Isobaths",Isobath_shell,-7.745764091,108.994546611,7.00,8.00
23,"Isobaths",Isobath_shell,-7.7456371,108.994428968,7.00,8.00
23,"Isobaths",Isobath_shell,-7.745474344,108.994224991,7.00,8.00
23,"Isobaths",Isobath_shell,-7.745416422,108.99416587,7.00,8.00
23,"Isobaths",Isobath_shell,-7.745390277,108.994111478,7.00,8.00
23,"Isobaths",Isobath_shell,-7.745372699,108.993966434,7.00,8.00
23,"Isobaths",Isobath_shell,-7.745347755,108.993899012,7.00,8.00
23,"Isobaths",Isobath_shell,-7.745293503,108.993837967,7.00,8.00
23,"Isobaths",Isobath_shell,-7.745221166,108.993797217,7.00,8.00
23,"Isobaths",Isobath_shell,-7.745184998,108.993757539,7.00,8.00
23,"Isobaths",Isobath_shell,-7.745162226,108.993712607,7.00,8.00
23,"Isobaths",Isobath_shell,-7.74515734,108.993658216,7.00,8.00
23,"Isobaths",Isobath_shell,-7.745130746,108.99363007,7.00,8.00
23,"Isobaths",Isobath_shell,-7.745094578,108.993616103,7.00,8.00
23,"Isobaths",Isobath_shell,-7.744931821,108.993579456,7.00,8.00
23,"Isobaths",Isobath_shell,-7.744877569,108.993575916,7.00,8.00
23,"Isobaths",Isobath_shell,-7.7448414,108.993583076,7.00,8.00
23,"Isobaths",Isobath_shell,-7.7448092,108.993603824,7.00,8.00
23,"Isobaths",Isobath_shell,-7.744797184,108.993621955,7.00,8.00
23,"Isobaths",Isobath_shell,-7.744768042,108.993730738,7.00,8.00
23,"Isobaths",Isobath_shell,-7.74475098,108.993763519,7.00,8.00
23,"Isobaths",Isobath_shell,-7.744714812,108.993780968,7.00,8.00
23,"Isobaths",Isobath_shell,-7.744678644,108.993783911,7.00,8.00
23,"Isobaths",Isobath_shell,-7.744624391,108.993760499,7.00,8.00
23,"Isobaths",Isobath_shell,-7.744335046,108.993556866,7.00,8.00
23,"Isobaths",Isobath_shell,-7.744208457,108.993486489,7.00,8.00
23,"Isobaths",Isobath_shell,-7.744172289,108.993477802,7.00,8.00
23,"Isobaths",Isobath_shell,-7.744136121,108.993483403,7.00,8.00
23,"Isobaths",Isobath_shell,-7.744118037,108.993498729,7.00,8.00
23,"Isobaths",Isobath_shell,-7.744081869,108.993513935,7.00,8.00
23,"Isobaths",Isobath_shell,-7.7440457,108.993555171,7.00,8.00
23,"Isobaths",Isobath_shell,-7.744027616,108.993549433,7.00,8.00
23,"Isobaths",Isobath_shell,-7.744009532,108.993549433,7.00,8.00
23,"Isobaths",Isobath_shell,-7.744009532,108.993567563,7.00,8.00
23,"Isobaths",Isobath_shell,-7.744027616,108.993567563,7.00,8.00
23,"Isobaths",Isobath_shell,-7.744027616,108.993640085,7.00,8.00
23,"Isobaths",Isobath_shell,-7.7440457,108.993640085,7.00,8.00
23,"Isobaths",Isobath_shell,-7.7440457,108.993676346,7.00,8.00
23,"Isobaths",Isobath_shell,-7.744063784,108.993676346,7.00,8.00
23,"Isobaths",Isobath_shell,-7.744081869,108.993678251,7.00,8.00
23,"Isobaths",Isobath_shell,-7.744092483,108.993640085,7.00,8.00
23,"Isobaths",Isobath_shell,-7.744099953,108.993632514,7.00,8.00
23,"Isobaths",Isobath_shell,-7.744136121,108.993616179,7.00,8.00
23,"Isobaths",Isobath_shell,-7.744172289,108.993587342,7.00,8.00
23,"Isobaths",Isobath_shell,-7.744208457,108.993579515,7.00,8.00
23,"Isobaths",Isobath_shell,-7.744244625,108.993585084,7.00,8.00
23,"Isobaths",Isobath_shell,-7.74435313,108.993639086,7.00,8.00
23,"Isobaths",Isobath_shell,-7.74466056,108.993849038,7.00,8.00
23,"Isobaths",Isobath_shell,-7.74475098,108.993883093,7.00,8.00
23,"Isobaths",Isobath_shell,-7.7448414,108.993905644,7.00,8.00
23,"Isobaths",Isobath_shell,-7.744913737,108.993939726,7.00,8.00
23,"Isobaths",Isobath_shell,-7.745023434,108.994038956,7.00,8.00
23,"Isobaths",Isobath_shell,-7.745165863,108.994129609,7.00,8.00
23,"Isobaths",Isobath_shell,-7.745221166,108.994179211,7.00,8.00
23,"Isobaths",Isobath_shell,-7.745383923,108.994375802,7.00,8.00
23,"Isobaths",Isobath_shell,-7.745474344,108.994447989,7.00,8.00
23,"Isobaths",Isobath_shell,-7.745582848,108.994575217,7.00,8.00
23,"Isobaths",Isobath_shell,-7.745691353,108.994660159,7.00,8.00
23,"Isobaths",Isobath_shell,-7.745701803,108.994673524,7.00,8.00
23,"Isobaths",Isobath_shell,-7.74570418,108.994727916,7.00,8.00
23,"Isobaths",Isobath_shell,-7.745709437,108.994727916,7.00,8.00
23,"Isobaths",Isobath_shell,-7.745727521,108.994709785,7.00,8.00
23,"Isobaths",Isobath_shell,-7.745727521,108.994691655,7.00,8.00
23,"Isobaths",Isobath_shell,-7.745745605,108.994673524,7.00,8.00
23,"Isobaths",Isobath_shell,-7.745745605,108.994655394,7.00,8.00
23,"Isobaths",Isobath_shell,-7.745763689,108.994637263,7.00,8.00
23,"Isobaths",Isobath_hole_1,-7.744977806,108.993658216,7.00,8.00
23,"Isobaths",Isobath_hole_1,-7.744974718,108.993676346,7.00,8.00
23,"Isobaths",Isobath_hole_1,-7.744949905,108.993692496,7.00,8.00
23,"Isobaths",Isobath_hole_1,-7.744913737,108.993700854,7.00,8.00
23,"Isobaths",Isobath_hole_1,-7.744877569,108.99370299,7.00,8.00
23,"Isobaths",Isobath_hole_1,-7.74486231,108.993694477,7.00,8.00
23,"Isobaths",Isobath_hole_1,-7.744849089,108.993658216,7.00,8.00
23,"Isobaths",Isobath_hole_1,-7.744856349,108.993640085,7.00,8.00
23,"Isobaths",Isobath_hole_1,-7.744877569,108.993624088,7.00,8.00
23,"Isobaths",Isobath_hole_1,-7.744895653,108.993619681,7.00,8.00
23,"Isobaths",Isobath_hole_1,-7.744931821,108.993625285,7.00,8.00
23,"Isobaths",Isobath_hole_1,-7.744960879,108.993640085,7.00,8.00
23,"Isobaths",Isobath_hole_2,-7.745203082,108.993906001,7.00,8.00
23,"Isobaths",Isobath_hole_2,-7.745184998,108.99391446,7.00,8.00
23,"Isobaths",Isobath_hole_2,-7.745170933,108.993893912,7.00,8.00
23,"Isobaths",Isobath_hole_2,-7.745172081,108.993875782,7.00,8.00
23,"Isobaths",Isobath_hole_2,-7.745181985,108.993857651,7.00,8.00
23,"Isobaths",Isobath_hole_2,-7.745184998,108.993854026,7.00,8.00
23,"Isobaths",Isobath_hole_2,-7.745203082,108.99386974,7.00,8.00
24,"Isobaths",Isobath_shell,-7.744208457,108.998027668,7.00,8.00
24,"Isobaths",Isobath_shell,-7.744208457,108.997945367,7.00,8.00
24,"Isobaths",Isobath_shell,-7.744099953,108.99795729,7.00,8.00
24,"Isobaths",Isobath_shell,-7.743973364,108.997992231,7.00,8.00
24,"Isobaths",Isobath_shell,-7.743828691,108.998074263,7.00,8.00
24,"Isobaths",Isobath_shell,-7.743792523,108.99810087,7.00,8.00
24,"Isobaths",Isobath_shell,-7.743762448,108.998136451,7.00,8.00
24,"Isobaths",Isobath_shell,-7.743738271,108.998177593,7.00,8.00
24,"Isobaths",Isobath_shell,-7.743686656,108.998299625,7.00,8.00
24,"Isobaths",Isobath_shell,-7.743674583,108.998317756,7.00,8.00
24,"Isobaths",Isobath_shell,-7.74364785,108.998332343,7.00,8.00
24,"Isobaths",Isobath_shell,-7.743615474,108.998317756,7.00,8.00
24,"Isobaths",Isobath_shell,-7.743587022,108.998281495,7.00,8.00
24,"Isobaths",Isobath_shell,-7.74356369,108.998190842,7.00,8.00
24,"Isobaths",Isobath_shell,-7.743572388,108.998136451,7.00,8.00
24,"Isobaths",Isobath_shell,-7.743572464,108.99810019,7.00,8.00
24,"Isobaths",Isobath_shell,-7.743570132,108.998045798,7.00,8.00
24,"Isobaths",Isobath_shell,-7.743555661,108.997973276,7.00,8.00
24,"Isobaths",Isobath_shell,-7.743552861,108.997937015,7.00,8.00
24,"Isobaths",Isobath_shell,-7.743564664,108.997828232,7.00,8.00
24,"Isobaths",Isobath_shell,-7.743562282,108.99775571,7.00,8.00
24,"Isobaths",Isobath_shell,-7.743539346,108.997711322,7.00,8.00
24,"Isobaths",Isobath_shell,-7.743467009,108.997645279,7.00,8.00
24,"Isobaths",Isobath_shell,-7.743430638,108.997574405,7.00,8.00
24,"Isobaths",Isobath_shell,-7.743418544,108.997520014,7.00,8.00
24,"Isobaths",Isobath_shell,-7.74341523,108.997483752,7.00,8.00
24,"Isobaths",Isobath_shell,-7.743415192,108.99741123,7.00,8.00
24,"Isobaths",Isobath_shell,-7.743424696,108.997320578,7.00,8.00
24,"Isobaths",Isobath_shell,-7.743423538,108.997302447,7.00,8.00
24,"Isobaths",Isobath_shell,-7.743412034,108.997284317,7.00,8.00
24,"Isobaths",Isobath_shell,-7.743417364,108.997266186,7.00,8.00
24,"Isobaths",Isobath_shell,-7.743415485,108.997248056,7.00,8.00
24,"Isobaths",Isobath_shell,-7.743412757,108.997229925,7.00,8.00
24,"Isobaths",Isobath_shell,-7.743412757,108.997211795,7.00,8.00
24,"Isobaths",Isobath_shell,-7.743394673,108.997229925,7.00,8.00
24,"Isobaths",Isobath_shell,-7.743376589,108.997248056,7.00,8.00
24,"Isobaths",Isobath_shell,-7.743358505,108.997266186,7.00,8.00
24,"Isobaths",Isobath_shell,-7.743358505,108.997284317,7.00,8.00
24,"Isobaths",Isobath_shell,-7.743340421,108.997302447,7.00,8.00
24,"Isobaths",Isobath_shell,-7.743322337,108.997320578,7.00,8.00
24,"Isobaths",Isobath_shell,-7.743304253,108.997338708,7.00,8.00
24,"Isobaths",Isobath_shell,-7.743304253,108.997374969,7.00,8.00
24,"Isobaths",Isobath_shell,-7.743307486,108.9973931,7.00,8.00
24,"Isobaths",Isobath_shell,-7.743309764,108.99741123,7.00,8.00
24,"Isobaths",Isobath_shell,-7.743322508,108.997429361,7.00,8.00
24,"Isobaths",Isobath_shell,-7.74330824,108.997538144,7.00,8.00
24,"Isobaths",Isobath_shell,-7.743300245,108.997665058,7.00,8.00
24,"Isobaths",Isobath_shell,-7.743300218,108.997846363,7.00,8.00
24,"Isobaths",Isobath_shell,-7.743307759,108.997937015,7.00,8.00
24,"Isobaths",Isobath_shell,-7.743322337,108.997974032,7.00,8.00
24,"Isobaths",Isobath_shell,-7.743379172,108.998045798,7.00,8.00
24,"Isobaths",Isobath_shell,-7.743400822,108.998082059,7.00,8.00
24,"Isobaths",Isobath_shell,-7.743466796,108.998281495,7.00,8.00
24,"Isobaths",Isobath_shell,-7.743503178,108.998341594,7.00,8.00
24,"Isobaths",Isobath_shell,-7.743539346,108.998383946,7.00,8.00
24,"Isobaths",Isobath_shell,-7.743575514,108.998408595,7.00,8.00
24,"Isobaths",Isobath_shell,-7.743629766,108.998422788,7.00,8.00
24,"Isobaths",Isobath_shell,-7.743665934,108.998423339,7.00,8.00
24,"Isobaths",Isobath_shell,-7.743700282,108.998408408,7.00,8.00
24,"Isobaths",Isobath_shell,-7.743738271,108.998370276,7.00,8.00
24,"Isobaths",Isobath_shell,-7.743804039,108.998263364,7.00,8.00
24,"Isobaths",Isobath_shell,-7.743846775,108.998205887,7.00,8.00
24,"Isobaths",Isobath_shell,-7.743882944,108.998170336,7.00,8.00
24,"Isobaths",Isobath_shell,-7.743937196,108.998140741,7.00,8.00
24,"Isobaths",Isobath_shell,-7.744009532,108.998139777,7.00,8.00
24,"Isobaths",Isobath_shell,-7.744118037,108.998161667,7.00,8.00
24,"Isobaths",Isobath_shell,-7.744190373,108.998153963,7.00,8.00
24,"Isobaths",Isobath_shell,-7.744190373,108.998045798,7.00,8.00
25,"Isobaths",Isobath_shell,-7.744977806,108.993658216,8.00,9.00
25,"Isobaths",Isobath_shell,-7.744960879,108.993640085,8.00,9.00
25,"Isobaths",Isobath_shell,-7.744931821,108.993625285,8.00,9.00
25,"Isobaths",Isobath_shell,-7.744895653,108.993619681,8.00,9.00
25,"Isobaths",Isobath_shell,-7.744877569,108.993624088,8.00,9.00
25,"Isobaths",Isobath_shell,-7.744856349,108.993640085,8.00,9.00
25,"Isobaths",Isobath_shell,-7.744849089,108.993658216,8.00,9.00
25,"Isobaths",Isobath_shell,-7.74486231,108.993694477,8.00,9.00
25,"Isobaths",Isobath_shell,-7.744877569,108.99370299,8.00,9.00
25,"Isobaths",Isobath_shell,-7.744913737,108.993700854,8.00,9.00
25,"Isobaths",Isobath_shell,-7.744949905,108.993692496,8.00,9.00
25,"Isobaths",Isobath_shell,-7.744974718,108.993676346,8.00,9.00
26,"Isobaths",Isobath_shell,-7.745709437,108.994727916,8.00,9.00
26,"Isobaths",Isobath_shell,-7.74570418,108.994727916,8.00,9.00
26,"Isobaths",Isobath_shell,-7.745701803,108.994673524,8.00,9.00
26,"Isobaths",Isobath_shell,-7.745691353,108.994660159,8.00,9.00
26,"Isobaths",Isobath_shell,-7.745582848,108.994575217,8.00,9.00
26,"Isobaths",Isobath_shell,-7.745474344,108.994447989,8.00,9.00
26,"Isobaths",Isobath_shell,-7.745383923,108.994375802,8.00,9.00
26,"Isobaths",Isobath_shell,-7.745221166,108.994179211,8.00,9.00
26,"Isobaths",Isobath_shell,-7.745165863,108.994129609,8.00,9.00
26,"Isobaths",Isobath_shell,-7.745023434,108.994038956,8.00,9.00
26,"Isobaths",Isobath_shell,-7.744913737,108.993939726,8.00,9.00
26,"Isobaths",Isobath_shell,-7.7448414,108.993905644,8.00,9.00
26,"Isobaths",Isobath_shell,-7.74475098,108.993883093,8.00,9.00
26,"Isobaths",Isobath_shell,-7.74466056,108.993849038,8.00,9.00
26,"Isobaths",Isobath_shell,-7.74435313,108.993639086,8.00,9.00
26,"Isobaths",Isobath_shell,-7.744244625,108.993585084,8.00,9.00
26,"Isobaths",Isobath_shell,-7.744208457,108.993579515,8.00,9.00
26,"Isobaths",Isobath_shell,-7.744172289,108.993587342,8.00,9.00
26,"Isobaths",Isobath_shell,-7.744136121,108.993616179,8.00,9.00
26,"Isobaths",Isobath_shell,-7.744099953,108.993632514,8.00,9.00
26,"Isobaths",Isobath_shell,-7.744092483,108.993640085,8.00,9.00
26,"Isobaths",Isobath_shell,-7.744081869,108.993678251,8.00,9.00
26,"Isobaths",Isobath_shell,-7.744063784,108.993676346,8.00,9.00
26,"Isobaths",Isobath_shell,-7.7440457,108.993676346,8.00,9.00
26,"Isobaths",Isobath_shell,-7.7440457,108.993712607,8.00,9.00
26,"Isobaths",Isobath_shell,-7.744063784,108.993712607,8.00,9.00
26,"Isobaths",Isobath_shell,-7.744063784,108.993748868,8.00,9.00
26,"Isobaths",Isobath_shell,-7.744081869,108.993748868,8.00,9.00
26,"Isobaths",Isobath_shell,-7.744099953,108.993765172,8.00,9.00
26,"Isobaths",Isobath_shell,-7.744124407,108.993748868,8.00,9.00
26,"Isobaths",Isobath_shell,-7.744172289,108.993733833,8.00,9.00
26,"Isobaths",Isobath_shell,-7.744190373,108.993707852,8.00,9.00
26,"Isobaths",Isobath_shell,-7.744226541,108.993685355,8.00,9.00
26,"Isobaths",Isobath_shell,-7.74426271,108.993682457,8.00,9.00
26,"Isobaths",Isobath_shell,-7.744316962,108.993696501,8.00,9.00
26,"Isobaths",Isobath_shell,-7.744425466,108.993756234,8.00,9.00
26,"Isobaths",Isobath_shell,-7.744642475,108.993907443,8.00,9.00
26,"Isobaths",Isobath_shell,-7.745099784,108.994202131,8.00,9.00
26,"Isobaths",Isobath_shell,-7.745166914,108.994256823,8.00,9.00
26,"Isobaths",Isobath_shell,-7.745214795,108.994310914,8.00,9.00
26,"Isobaths",Isobath_shell,-7.74526531,108.994383436,8.00,9.00
26,"Isobaths",Isobath_shell,-7.745383923,108.99458819,8.00,9.00
26,"Isobaths",Isobath_shell,-7.745433416,108.994655394,8.00,9.00
26,"Isobaths",Isobath_shell,-7.745492428,108.99470072,8.00,9.00
26,"Isobaths",Isobath_shell,-7.745582848,108.994746046,8.00,9.00
26,"Isobaths",Isobath_shell,-7.745625745,108.994782307,8.00,9.00
26,"Isobaths",Isobath_shell,-7.745634647,108.994800438,8.00,9.00
26,"Isobaths",Isobath_shell,-7.745635369,108.994854829,8.00,9.00
26,"Isobaths",Isobath_shell,-7.7456371,108.994854829,8.00,9.00
26,"Isobaths",Isobath_shell,-7.745655185,108.994836699,8.00,9.00
26,"Isobaths",Isobath_shell,-7.745655185,108.994818568,8.00,9.00
26,"Isobaths",Isobath_shell,-7.745673269,108.994800438,8.00,9.00
26,"Isobaths",Isobath_shell,-7.745673269,108.994782307,8.00,9.00
26,"Isobaths",Isobath_shell,-7.745691353,108.994764177,8.00,9.00
26,"Isobaths",Isobath_shell,-7.745691353,108.994746046,8.00,9.00
27,"Isobaths",Isobath_shell,-7.744226541,108.997864493,8.00,9.00
27,"Isobaths",Isobath_shell,-7.744226541,108.99774705,8.00,9.00
27,"Isobaths",Isobath_shell,-7.744208457,108.99774705,8.00,9.00
27,"Isobaths",Isobath_shell,-7.744190373,108.997733665,8.00,9.00
27,"Isobaths",Isobath_shell,-7.744118037,108.997763618,8.00,9.00
27,"Isobaths",Isobath_shell,-7.744026503,108.997828232,8.00,9.00
27,"Isobaths",Isobath_shell,-7.743919112,108.997879572,8.00,9.00
27,"Isobaths",Isobath_shell,-7.743882944,108.997890394,8.00,9.00
27,"Isobaths",Isobath_shell,-7.743846775,108.997880869,8.00,9.00
27,"Isobaths",Isobath_shell,-7.743815176,108.997828232,8.00,9.00
27,"Isobaths",Isobath_shell,-7.743802948,108.997791971,8.00,9.00
27,"Isobaths",Isobath_shell,-7.743655333,108.997465622,8.00,9.00
27,"Isobaths",Isobath_shell,-7.743611682,108.997402698,8.00,9.00
27,"Isobaths",Isobath_shell,-7.74355743,108.997352954,8.00,9.00
27,"Isobaths",Isobath_shell,-7.743540926,108.997320578,8.00,9.00
27,"Isobaths",Isobath_shell,-7.743531334,108.997248056,8.00,9.00
27,"Isobaths",Isobath_shell,-7.743536365,108.997157403,8.00,9.00
27,"Isobaths",Isobath_shell,-7.743521651,108.997139273,8.00,9.00
27,"Isobaths",Isobath_shell,-7.743528043,108.997121142,8.00,9.00
27,"Isobaths",Isobath_shell,-7.743525025,108.997103012,8.00,9.00
27,"Isobaths",Isobath_shell,-7.743521262,108.997084881,8.00,9.00
27,"Isobaths",Isobath_shell,-7.743521262,108.997066751,8.00,9.00
27,"Isobaths",Isobath_shell,-7.743503178,108.997084881,8.00,9.00
27,"Isobaths",Isobath_shell,-7.743485094,108.997103012,8.00,9.00
27,"Isobaths",Isobath_shell,-7.743467009,108.997121142,8.00,9.00
27,"Isobaths",Isobath_shell,-7.743467009,108.997139273,8.00,9.00
27,"Isobaths",Isobath_shell,-7.743448925,108.997157403,8.00,9.00
27,"Isobaths",Isobath_shell,-7.743430841,108.997175534,8.00,9.00
27,"Isobaths",Isobath_shell,-7.743412757,108.997193664,8.00,9.00
27,"Isobaths",Isobath_shell,-7.743412757,108.997229925,8.00,9.00
27,"Isobaths",Isobath_shell,-7.743415485,108.997248056,8.00,9.00
27,"Isobaths",Isobath_shell,-7.743417364,108.997266186,8.00,9.00
27,"Isobaths",Isobath_shell,-7.743412034,108.997284317,8.00,9.00
27,"Isobaths",Isobath_shell,-7.743423538,108.997302447,8.00,9.00
27,"Isobaths",Isobath_shell,-7.743424696,108.997320578,8.00,9.00
27,"Isobaths",Isobath_shell,-7.743415192,108.99741123,8.00,9.00
27,"Isobaths",Isobath_shell,-7.74341523,108.997483752,8.00,9.00
27,"Isobaths",Isobath_shell,-7.743418544,108.997520014,8.00,9.00
27,"Isobaths",Isobath_shell,-7.743430638,108.997574405,8.00,9.00
27,"Isobaths",Isobath_shell,-7.743467009,108.997645279,8.00,9.00
27,"Isobaths",Isobath_shell,-7.743539346,108.997711322,8.00,9.00
27,"Isobaths",Isobath_shell,-7.743562282,108.99775571,8.00,9.00
27,"Isobaths",Isobath_shell,-7.743564664,108.997828232,8.00,9.00
27,"Isobaths",Isobath_shell,-7.743552861,108.997937015,8.00,9.00
27,"Isobaths",Isobath_shell,-7.743555661,108.997973276,8.00,9.00
27,"Isobaths",Isobath_shell,-7.743570132,108.998045798,8.00,9.00
27,"Isobaths",Isobath_shell,-7.743572464,108.99810019,8.00,9.00
27,"Isobaths",Isobath_shell,-7.743572388,108.998136451,8.00,9.00
27,"Isobaths",Isobath_shell,-7.74356369,108.998190842,8.00,9.00
27,"Isobaths",Isobath_shell,-7.743587022,108.998281495,8.00,9.00
27,"Isobaths",Isobath_shell,-7.743615474,108.998317756,8.00,9.00
27,"Isobaths",Isobath_shell,-7.74364785,108.998332343,8.00,9.00
27,"Isobaths",Isobath_shell,-7.743674583,108.998317756,8.00,9.00
27,"Isobaths",Isobath_shell,-7.743686656,108.998299625,8.00,9.00
27,"Isobaths",Isobath_shell,-7.743738271,108.998177593,8.00,9.00
27,"Isobaths",Isobath_shell,-7.743762448,108.998136451,8.00,9.00
27,"Isobaths",Isobath_shell,-7.743792523,108.99810087,8.00,9.00
27,"Isobaths",Isobath_shell,-7.743828691,108.998074263,8.00,9.00
27,"Isobaths",Isobath_shell,-7.743973364,108.997992231,8.00,9.00
27,"Isobaths",Isobath_shell,-7.744099953,108.99795729,8.00,9.00
27,"Isobaths",Isobath_shell,-7.744208457,108.997945367,8.00,9.00
27,"Isobaths",Isobath_shell,-7.744208457,108.997882624,8.00,9.00
28,"Isobaths",Isobath_shell,-7.7456371,108.994854829,9.00,10.00
28,"Isobaths",Isobath_shell,-7.745635369,108.994854829,9.00,10.00
28,"Isobaths",Isobath_shell,-7.745634647,108.994800438,9.00,10.00
28,"Isobaths",Isobath_shell,-7.745625745,108.994782307,9.00,10.00
28,"Isobaths",Isobath_shell,-7.745582848,108.994746046,9.00,10.00
28,"Isobaths",Isobath_shell,-7.745492428,108.99470072,9.00,10.00
28,"Isobaths",Isobath_shell,-7.745433416,108.994655394,9.00,10.00
28,"Isobaths",Isobath_shell,-7.745383923,108.99458819,9.00,10.00
28,"Isobaths",Isobath_shell,-7.74526531,108.994383436,9.00,10.00
28,"Isobaths",Isobath_shell,-7.745214795,108.994310914,9.00,10.00
28,"Isobaths",Isobath_shell,-7.745166914,108.994256823,9.00,10.00
28,"Isobaths",Isobath_shell,-7.745099784,108.994202131,9.00,10.00
28,"Isobaths",Isobath_shell,-7.744642475,108.993907443,9.00,10.00
28,"Isobaths",Isobath_shell,-7.744425466,108.993756234,9.00,10.00
28,"Isobaths",Isobath_shell,-7.744316962,108.993696501,9.00,10.00
28,"Isobaths",Isobath_shell,-7.74426271,108.993682457,9.00,10.00
28,"Isobaths",Isobath_shell,-7.744226541,108.993685355,9.00,10.00
28,"Isobaths",Isobath_shell,-7.744190373,108.993707852,9.00,10.00
28,"Isobaths",Isobath_shell,-7.744172289,108.993733833,9.00,10.00
28,"Isobaths",Isobath_shell,-7.744124407,108.993748868,9.00,10.00
28,"Isobaths",Isobath_shell,-7.744099953,108.993765172,9.00,10.00
28,"Isobaths",Isobath_shell,-7.744081869,108.993748868,9.00,10.00
28,"Isobaths",Isobath_shell,-7.744063784,108.993748868,9.00,10.00
28,"Isobaths",Isobath_shell,-7.744063784,108.993766999,9.00,10.00
28,"Isobaths",Isobath_shell,-7.744081869,108.993766999,9.00,10.00
28,"Isobaths",Isobath_shell,-7.744081869,108.993839521,9.00,10.00
28,"Isobaths",Isobath_shell,-7.744099953,108.993839521,9.00,10.00
28,"Isobaths",Isobath_shell,-7.744099953,108.993875782,9.00,10.00
28,"Isobaths",Isobath_shell,-7.744118037,108.993875782,9.00,10.00
28,"Isobaths",Isobath_shell,-7.744136121,108.99388835,9.00,10.00
28,"Isobaths",Isobath_shell,-7.744154205,108.99387042,9.00,10.00
28,"Isobaths",Isobath_shell,-7.744190608,108.993857651,9.00,10.00
28,"Isobaths",Isobath_shell,-7.744208457,108.993843298,9.00,10.00
28,"Isobaths",Isobath_shell,-7.744226541,108.993813873,9.00,10.00
28,"Isobaths",Isobath_shell,-7.74426271,108.99379078,9.00,10.00
28,"Isobaths",Isobath_shell,-7.744316962,108.993786016,9.00,10.00
28,"Isobaths",Isobath_shell,-7.744371214,108.993802035,9.00,10.00
28,"Isobaths",Isobath_shell,-7.744515887,108.99388574,9.00,10.00
28,"Isobaths",Isobath_shell,-7.745076732,108.994274653,9.00,10.00
28,"Isobaths",Isobath_shell,-7.745130746,108.994323627,9.00,10.00
28,"Isobaths",Isobath_shell,-7.745202059,108.994419697,9.00,10.00
28,"Isobaths",Isobath_shell,-7.745232126,108.994474089,9.00,10.00
28,"Isobaths",Isobath_shell,-7.745305641,108.994637263,9.00,10.00
28,"Isobaths",Isobath_shell,-7.745383923,108.994765385,9.00,10.00
28,"Isobaths",Isobath_shell,-7.745438175,108.994824364,9.00,10.00
28,"Isobaths",Isobath_shell,-7.745564764,108.994905507,9.00,10.00
28,"Isobaths",Isobath_shell,-7.745565854,108.994945482,9.00,10.00
28,"Isobaths",Isobath_shell,-7.745582848,108.994945482,9.00,10.00
28,"Isobaths",Isobath_shell,-7.745600932,108.994927351,9.00,10.00
28,"Isobaths",Isobath_shell,-7.745600932,108.994909221,9.00,10.00
28,"Isobaths",Isobath_shell,-7.745619016,108.99489109,9.00,10.00
28,"Isobaths",Isobath_shell,-7.745619016,108.99487296,9.00,10.00
29,"Isobaths",Isobath_shell,-7.74426271,108.997538144,9.00,10.00
29,"Isobaths",Isobath_shell,-7.74426271,108.997499174,9.00,10.00
29,"Isobaths",Isobath_shell,-7.744118037,108.997507299,9.00,10.00
29,"Isobaths",Isobath_shell,-7.7440457,108.997491199,9.00,10.00
29,"Isobaths",Isobath_shell,-7.744009532,108.997471502,9.00,10.00
29,"Isobaths",Isobath_shell,-7.74395528,108.997417274,9.00,10.00
29,"Isobaths",Isobath_shell,-7.743886791,108.997320578,9.00,10.00
29,"Isobaths",Isobath_shell,-7.743781974,108.997229925,9.00,10.00
29,"Isobaths",Isobath_shell,-7.743741389,108.997175534,9.00,10.00
29,"Isobaths",Isobath_shell,-7.743702103,108.997142426,9.00,10.00
29,"Isobaths",Isobath_shell,-7.743679497,108.997084881,9.00,10.00
29,"Isobaths",Isobath_shell,-7.743670981,108.99703049,9.00,10.00
29,"Isobaths",Isobath_shell,-7.743671264,108.996994229,9.00,10.00
29,"Isobaths",Isobath_shell,-7.743629766,108.996958366,9.00,10.00
29,"Isobaths",Isobath_shell,-7.743611682,108.996957968,9.00,10.00
29,"Isobaths",Isobath_shell,-7.743593598,108.996976098,9.00,10.00
29,"Isobaths",Isobath_shell,-7.743575514,108.996994229,9.00,10.00
29,"Isobaths",Isobath_shell,-7.74355743,108.997012359,9.00,10.00
29,"Isobaths",Isobath_shell,-7.743539346,108.99703049,9.00,10.00
29,"Isobaths",Isobath_shell,-7.743539346,108.99704862,9.00,10.00
29,"Isobaths",Isobath_shell,-7.743521262,108.997066751,9.00,10.00
29,"Isobaths",Isobath_shell,-7.743521262,108.997084881,9.00,10.00
29,"Isobaths",Isobath_shell,-7.743525025,108.997103012,9.00,10.00
29,"Isobaths",Isobath_shell,-7.743528043,108.997121142,9.00,10.00
29,"Isobaths",Isobath_shell,-7.743521651,108.997139273,9.00,10.00
29,"Isobaths",Isobath_shell,-7.743536365,108.997157403,9.00,10.00
29,"Isobaths",Isobath_shell,-7.743531334,108.997248056,9.00,10.00
29,"Isobaths",Isobath_shell,-7.743540926,108.997320578,9.00,10.00
29,"Isobaths",Isobath_shell,-7.74355743,108.997352954,9.00,10.00
29,"Isobaths",Isobath_shell,-7.743611682,108.997402698,9.00,10.00
29,"Isobaths",Isobath_shell,-7.743655333,108.997465622,9.00,10.00
29,"Isobaths",Isobath_shell,-7.743802948,108.997791971,9.00,10.00
29,"Isobaths",Isobath_shell,-7.743815176,108.997828232,9.00,10.00
29,"Isobaths",Isobath_shell,-7.743846775,108.997880869,9.00,10.00
29,"Isobaths",Isobath_shell,-7.743882944,108.997890394,9.00,10.00
29,"Isobaths",Isobath_shell,-7.743919112,108.997879572,9.00,10.00
29,"Isobaths",Isobath_shell,-7.744026503,108.997828232,9.00,10.00
29,"Isobaths",Isobath_shell,-7.744118037,108.997763618,9.00,10.00
29,"Isobaths",Isobath_shell,-7.744190373,108.997733665,9.00,10.00
29,"Isobaths",Isobath_shell,-7.744208457,108.99774705,9.00,10.00
29,"Isobaths",Isobath_shell,-7.744226541,108.99774705,9.00,10.00
29,"Isobaths",Isobath_shell,-7.744226541,108.997719449,9.00,10.00
29,"Isobaths",Isobath_shell,-7.744244625,108.997701319,9.00,10.00
29,"Isobaths",Isobath_shell,-7.744244625,108.997556275,9.00,10.00
30,"Isobaths",Isobath_shell,-7.745582848,108.994945482,10.00,11.00
30,"Isobaths",Isobath_shell,-7.745565854,108.994945482,10.00,11.00
30,"Isobaths",Isobath_shell,-7.745564764,108.994905507,10.00,11.00
30,"Isobaths",Isobath_shell,-7.745438175,108.994824364,10.00,11.00
30,"Isobaths",Isobath_shell,-7.745383923,108.994765385,10.00,11.00
30,"Isobaths",Isobath_shell,-7.745305641,108.994637263,10.00,11.00
30,"Isobaths",Isobath_shell,-7.745232126,108.994474089,10.00,11.00
30,"Isobaths",Isobath_shell,-7.745202059,108.994419697,10.00,11.00
30,"Isobaths",Isobath_shell,-7.745130746,108.994323627,10.00,11.00
30,"Isobaths",Isobath_shell,-7.745076732,108.994274653,10.00,11.00
30,"Isobaths",Isobath_shell,-7.744515887,108.99388574,10.00,11.00
30,"Isobaths",Isobath_shell,-7.744371214,108.993802035,10.00,11.00
30,"Isobaths",Isobath_shell,-7.744316962,108.993786016,10.00,11.00
30,"Isobaths",Isobath_shell,-7.74426271,108.99379078,10.00,11.00
30,"Isobaths",Isobath_shell,-7.744226541,108.993813873,10.00,11.00
30,"Isobaths",Isobath_shell,-7.744208457,108.993843298,10.00,11.00
30,"Isobaths",Isobath_shell,-7.744190608,108.993857651,10.00,11.00
30,"Isobaths",Isobath_shell,-7.744154205,108.99387042,10.00,11.00
30,"Isobaths",Isobath_shell,-7.744136121,108.99388835,10.00,11.00
30,"Isobaths",Isobath_shell,-7.744118037,108.993875782,10.00,11.00
30,"Isobaths",Isobath_shell,-7.744099953,108.993875782,10.00,11.00
30,"Isobaths",Isobath_shell,-7.744099953,108.993912043,10.00,11.00
30,"Isobaths",Isobath_shell,-7.744118037,108.993912043,10.00,11.00
30,"Isobaths",Isobath_shell,-7.744118037,108.993984565,10.00,11.00
30,"Isobaths",Isobath_shell,-7.744136121,108.993984565,10.00,11.00
30,"Isobaths",Isobath_shell,-7.744136121,108.994020826,10.00,11.00
30,"Isobaths",Isobath_shell,-7.744154205,108.994020826,10.00,11.00
30,"Isobaths",Isobath_shell,-7.744172289,108.994027091,10.00,11.00
30,"Isobaths",Isobath_shell,-7.744208457,108.993980032,10.00,11.00
30,"Isobaths",Isobath_shell,-7.744244625,108.993948674,10.00,11.00
30,"Isobaths",Isobath_shell,-7.74426271,108.993920584,10.00,11.00
30,"Isobaths",Isobath_shell,-7.744280794,108.993905568,10.00,11.00
30,"Isobaths",Isobath_shell,-7.744335046,108.993888473,10.00,11.00
30,"Isobaths",Isobath_shell,-7.744407382,108.993900529,10.00,11.00
30,"Isobaths",Isobath_shell,-7.744497803,108.993945368,10.00,11.00
30,"Isobaths",Isobath_shell,-7.744588223,108.994003653,10.00,11.00
30,"Isobaths",Isobath_shell,-7.744823316,108.99416977,10.00,11.00
30,"Isobaths",Isobath_shell,-7.745022241,108.994324941,10.00,11.00
30,"Isobaths",Isobath_shell,-7.745079525,108.994383436,10.00,11.00
30,"Isobaths",Isobath_shell,-7.745130746,108.994449051,10.00,11.00
30,"Isobaths",Isobath_shell,-7.745180104,108.99452848,10.00,11.00
30,"Isobaths",Isobath_shell,-7.745229924,108.994637263,10.00,11.00
30,"Isobaths",Isobath_shell,-7.745347755,108.994864127,10.00,11.00
30,"Isobaths",Isobath_shell,-7.745402007,108.994938085,10.00,11.00
30,"Isobaths",Isobath_shell,-7.745474344,108.995014339,10.00,11.00
30,"Isobaths",Isobath_shell,-7.745492428,108.995021889,10.00,11.00
30,"Isobaths",Isobath_shell,-7.745496675,108.995072395,10.00,11.00
30,"Isobaths",Isobath_shell,-7.745510512,108.995072395,10.00,11.00
30,"Isobaths",Isobath_shell,-7.745510512,108.995054265,10.00,11.00
30,"Isobaths",Isobath_shell,-7.745528596,108.995036134,10.00,11.00
30,"Isobaths",Isobath_shell,-7.74554668,108.995018004,10.00,11.00
30,"Isobaths",Isobath_shell,-7.74554668,108.994999873,10.00,11.00
30,"Isobaths",Isobath_shell,-7.745564764,108.994981743,10.00,11.00
30,"Isobaths",Isobath_shell,-7.745564764,108.994963612,10.00,11.00
31,"Isobaths",Isobath_shell,-7.744369484,108.997248056,10.00,11.00
31,"Isobaths",Isobath_shell,-7.7443682,108.997193664,10.00,11.00
31,"Isobaths",Isobath_shell,-7.744361742,108.997175534,10.00,11.00
31,"Isobaths",Isobath_shell,-7.74426271,108.997106308,10.00,11.00
31,"Isobaths",Isobath_shell,-7.744190373,108.997088302,10.00,11.00
31,"Isobaths",Isobath_shell,-7.744145859,108.997066751,10.00,11.00
31,"Isobaths",Isobath_shell,-7.744130641,108.99704862,10.00,11.00
31,"Isobaths",Isobath_shell,-7.744119681,108.997012359,10.00,11.00
31,"Isobaths",Isobath_shell,-7.744080738,108.996939837,10.00,11.00
31,"Isobaths",Isobath_shell,-7.743977212,108.996831054,10.00,11.00
31,"Isobaths",Isobath_shell,-7.743937196,108.996798852,10.00,11.00
31,"Isobaths",Isobath_shell,-7.743810607,108.996735178,10.00,11.00
31,"Isobaths",Isobath_shell,-7.743792523,108.996716123,10.00,11.00
31,"Isobaths",Isobath_shell,-7.743774439,108.996704141,10.00,11.00
31,"Isobaths",Isobath_shell,-7.743756355,108.996722271,10.00,11.00
31,"Isobaths",Isobath_shell,-7.743738271,108.996740402,10.00,11.00
31,"Isobaths",Isobath_shell,-7.743738271,108.996758532,10.00,11.00
31,"Isobaths",Isobath_shell,-7.743720187,108.996776663,10.00,11.00
31,"Isobaths",Isobath_shell,-7.743720187,108.996794793,10.00,11.00
31,"Isobaths",Isobath_shell,-7.743702103,108.996812924,10.00,11.00
31,"Isobaths",Isobath_shell,-7.743702103,108.996831054,10.00,11.00
31,"Isobaths",Isobath_shell,-7.743684019,108.996849185,10.00,11.00
31,"Isobaths",Isobath_shell,-7.743665934,108.996867315,10.00,11.00
31,"Isobaths",Isobath_shell,-7.74364785,108.996885446,10.00,11.00
31,"Isobaths",Isobath_shell,-7.74364785,108.996903576,10.00,11.00
31,"Isobaths",Isobath_shell,-7.743629766,108.996921707,10.00,11.00
31,"Isobaths",Isobath_shell,-7.743611682,108.996939837,10.00,11.00
31,"Isobaths",Isobath_shell,-7.743593598,108.996957968,10.00,11.00
31,"Isobaths",Isobath_shell,-7.743593598,108.996976098,10.00,11.00
31,"Isobaths",Isobath_shell,-7.743611682,108.996957968,10.00,11.00
31,"Isobaths",Isobath_shell,-7.743629766,108.996958366,10.00,11.00
31,"Isobaths",Isobath_shell,-7.743671264,108.996994229,10.00,11.00
31,"Isobaths",Isobath_shell,-7.743670981,108.99703049,10.00,11.00
31,"Isobaths",Isobath_shell,-7.743679497,108.997084881,10.00,11.00
31,"Isobaths",Isobath_shell,-7.743702103,108.997142426,10.00,11.00
31,"Isobaths",Isobath_shell,-7.743741389,108.997175534,10.00,11.00
31,"Isobaths",Isobath_shell,-7.743781974,108.997229925,10.00,11.00
31,"Isobaths",Isobath_shell,-7.743886791,108.997320578,10.00,11.00
31,"Isobaths",Isobath_shell,-7.74395528,108.997417274,10.00,11.00
31,"Isobaths",Isobath_shell,-7.744009532,108.997471502,10.00,11.00
31,"Isobaths",Isobath_shell,-7.7440457,108.997491199,10.00,11.00
31,"Isobaths",Isobath_shell,-7.744118037,108.997507299,10.00,11.00
31,"Isobaths",Isobath_shell,-7.74426271,108.997499174,10.00,11.00
31,"Isobaths",Isobath_shell,-7.74426271,108.99741123,10.00,11.00
31,"Isobaths",Isobath_shell,-7.744280794,108.9973931,10.00,11.00
31,"Isobaths",Isobath_shell,-7.744298878,108.997374969,10.00,11.00
31,"Isobaths",Isobath_shell,-7.744298878,108.997356839,10.00,11.00
31,"Isobaths",Isobath_shell,-7.744316962,108.997338708,10.00,11.00
31,"Isobaths",Isobath_shell,-7.744335046,108.997320578,10.00,11.00
31,"Isobaths",Isobath_shell,-7.744335046,108.997302447,10.00,11.00
31,"Isobaths",Isobath_shell,-7.74435313,108.997284317,10.00,11.00
31,"Isobaths",Isobath_shell,-7.74435313,108.997266186,10.00,11.00
32,"Isobaths",Isobath_shell,-7.745510512,108.995072395,11.00,12.00
32,"Isobaths",Isobath_shell,-7.745496675,108.995072395,11.00,12.00
32,"Isobaths",Isobath_shell,-7.745492428,108.995021889,11.00,12.00
32,"Isobaths",Isobath_shell,-7.745474344,108.995014339,11.00,12.00
32,"Isobaths",Isobath_shell,-7.745402007,108.994938085,11.00,12.00
32,"Isobaths",Isobath_shell,-7.745347755,108.994864127,11.00,12.00
32,"Isobaths",Isobath_shell,-7.745229924,108.994637263,11.00,12.00
32,"Isobaths",Isobath_shell,-7.745180104,108.99452848,11.00,12.00
32,"Isobaths",Isobath_shell,-7.745130746,108.994449051,11.00,12.00
32,"Isobaths",Isobath_shell,-7.745079525,108.994383436,11.00,12.00
32,"Isobaths",Isobath_shell,-7.745022241,108.994324941,11.00,12.00
32,"Isobaths",Isobath_shell,-7.744823316,108.99416977,11.00,12.00
32,"Isobaths",Isobath_shell,-7.744588223,108.994003653,11.00,12.00
32,"Isobaths",Isobath_shell,-7.744497803,108.993945368,11.00,12.00
32,"Isobaths",Isobath_shell,-7.744407382,108.993900529,11.00,12.00
32,"Isobaths",Isobath_shell,-7.744335046,108.993888473,11.00,12.00
32,"Isobaths",Isobath_shell,-7.744280794,108.993905568,11.00,12.00
32,"Isobaths",Isobath_shell,-7.74426271,108.993920584,11.00,12.00
32,"Isobaths",Isobath_shell,-7.744244625,108.993948674,11.00,12.00
32,"Isobaths",Isobath_shell,-7.744208457,108.993980032,11.00,12.00
32,"Isobaths",Isobath_shell,-7.744172289,108.994027091,11.00,12.00
32,"Isobaths",Isobath_shell,-7.744154205,108.994020826,11.00,12.00
32,"Isobaths",Isobath_shell,-7.744136121,108.994020826,11.00,12.00
32,"Isobaths",Isobath_shell,-7.744136121,108.994038956,11.00,12.00
32,"Isobaths",Isobath_shell,-7.744154205,108.994038956,11.00,12.00
32,"Isobaths",Isobath_shell,-7.744154205,108.994111478,11.00,12.00
32,"Isobaths",Isobath_shell,-7.744172289,108.994111478,11.00,12.00
32,"Isobaths",Isobath_shell,-7.744172289,108.994147739,11.00,12.00
32,"Isobaths",Isobath_shell,-7.744190373,108.994147739,11.00,12.00
32,"Isobaths",Isobath_shell,-7.744208457,108.994150365,11.00,12.00
32,"Isobaths",Isobath_shell,-7.744226541,108.994104453,11.00,12.00
32,"Isobaths",Isobath_shell,-7.744272417,108.994075217,11.00,12.00
32,"Isobaths",Isobath_shell,-7.744291034,108.994038956,11.00,12.00
32,"Isobaths",Isobath_shell,-7.744316962,108.994012943,11.00,12.00
32,"Isobaths",Isobath_shell,-7.74435313,108.993996806,11.00,12.00
32,"Isobaths",Isobath_shell,-7.744407382,108.993992152,11.00,12.00
32,"Isobaths",Isobath_shell,-7.744479719,108.994013853,11.00,12.00
32,"Isobaths",Isobath_shell,-7.744570139,108.994061965,11.00,12.00
32,"Isobaths",Isobath_shell,-7.744678644,108.994133504,11.00,12.00
32,"Isobaths",Isobath_shell,-7.744818621,108.994238392,11.00,12.00
32,"Isobaths",Isobath_shell,-7.745004157,108.994409217,11.00,12.00
32,"Isobaths",Isobath_shell,-7.74510519,108.994546611,11.00,12.00
32,"Isobaths",Isobath_shell,-7.745221166,108.994759454,11.00,12.00
32,"Isobaths",Isobath_shell,-7.745319087,108.994963612,11.00,12.00
32,"Isobaths",Isobath_shell,-7.745375216,108.995054265,11.00,12.00
32,"Isobaths",Isobath_shell,-7.745408593,108.995126787,11.00,12.00
32,"Isobaths",Isobath_shell,-7.745423845,108.995144917,11.00,12.00
32,"Isobaths",Isobath_shell,-7.745427663,108.995199309,11.00,12.00
32,"Isobaths",Isobath_shell,-7.745438175,108.995199309,11.00,12.00
32,"Isobaths",Isobath_shell,-7.745438175,108.995181178,11.00,12.00
32,"Isobaths",Isobath_shell,-7.74545626,108.995163048,11.00,12.00
32,"Isobaths",Isobath_shell,-7.745474344,108.995144917,11.00,12.00
32,"Isobaths",Isobath_shell,-7.745474344,108.995126787,11.00,12.00
32,"Isobaths",Isobath_shell,-7.745492428,108.995108656,11.00,12.00
32,"Isobaths",Isobath_shell,-7.745492428,108.995090526,11.00,12.00
33,"Isobaths",Isobath_shell,-7.744695363,108.99668601,11.00,12.00
33,"Isobaths",Isobath_shell,-7.744694536,108.996631619,11.00,12.00
33,"Isobaths",Isobath_shell,-7.744678644,108.996616154,11.00,12.00
33,"Isobaths",Isobath_shell,-7.744497803,108.996608879,11.00,12.00
33,"Isobaths",Isobath_shell,-7.744425466,108.996593415,11.00,12.00
33,"Isobaths",Isobath_shell,-7.744408078,108.996577227,11.00,12.00
33,"Isobaths",Isobath_shell,-7.744402595,108.996559097,11.00,12.00
33,"Isobaths",Isobath_shell,-7.744409793,108.996432183,11.00,12.00
33,"Isobaths",Isobath_shell,-7.744389298,108.996395356,11.00,12.00
33,"Isobaths",Isobath_shell,-7.744358781,108.996377792,11.00,12.00
33,"Isobaths",Isobath_shell,-7.744316962,108.996372353,11.00,12.00
33,"Isobaths",Isobath_shell,-7.744208457,108.996400067,11.00,12.00
33,"Isobaths",Isobath_shell,-7.7440457,108.996413297,11.00,12.00
33,"Isobaths",Isobath_shell,-7.744009532,108.996374495,11.00,12.00
33,"Isobaths",Isobath_shell,-7.743937196,108.996364496,11.00,12.00
33,"Isobaths",Isobath_shell,-7.743919112,108.996359661,11.00,12.00
33,"Isobaths",Isobath_shell,-7.743901028,108.996377792,11.00,12.00
33,"Isobaths",Isobath_shell,-7.743882944,108.996395922,11.00,12.00
33,"Isobaths",Isobath_shell,-7.743882944,108.996432183,11.00,12.00
33,"Isobaths",Isobath_shell,-7.743864859,108.996450314,11.00,12.00
33,"Isobaths",Isobath_shell,-7.743864859,108.996468444,11.00,12.00
33,"Isobaths",Isobath_shell,-7.743846775,108.996486575,11.00,12.00
33,"Isobaths",Isobath_shell,-7.743846775,108.996522836,11.00,12.00
33,"Isobaths",Isobath_shell,-7.743828691,108.996540966,11.00,12.00
33,"Isobaths",Isobath_shell,-7.743828691,108.996559097,11.00,12.00
33,"Isobaths",Isobath_shell,-7.743810607,108.996577227,11.00,12.00
33,"Isobaths",Isobath_shell,-7.743810607,108.996613488,11.00,12.00
33,"Isobaths",Isobath_shell,-7.743792523,108.996631619,11.00,12.00
33,"Isobaths",Isobath_shell,-7.743792523,108.996649749,11.00,12.00
33,"Isobaths",Isobath_shell,-7.743774439,108.99666788,11.00,12.00
33,"Isobaths",Isobath_shell,-7.743774439,108.99668601,11.00,12.00
33,"Isobaths",Isobath_shell,-7.743756355,108.996704141,11.00,12.00
33,"Isobaths",Isobath_shell,-7.743756355,108.996722271,11.00,12.00
33,"Isobaths",Isobath_shell,-7.743774439,108.996704141,11.00,12.00
33,"Isobaths",Isobath_shell,-7.743792523,108.996716123,11.00,12.00
33,"Isobaths",Isobath_shell,-7.743810607,108.996735178,11.00,12.00
33,"Isobaths",Isobath_shell,-7.743937196,108.996798852,11.00,12.00
33,"Isobaths",Isobath_shell,-7.743977212,108.996831054,11.00,12.00
33,"Isobaths",Isobath_shell,-7.744080738,108.996939837,11.00,12.00
33,"Isobaths",Isobath_shell,-7.744119681,108.997012359,11.00,12.00
33,"Isobaths",Isobath_shell,-7.744130641,108.99704862,11.00,12.00
33,"Isobaths",Isobath_shell,-7.744145859,108.997066751,11.00,12.00
33,"Isobaths",Isobath_shell,-7.744190373,108.997088302,11.00,12.00
33,"Isobaths",Isobath_shell,-7.74426271,108.997106308,11.00,12.00
33,"Isobaths",Isobath_shell,-7.744361742,108.997175534,11.00,12.00
33,"Isobaths",Isobath_shell,-7.7443682,108.997193664,11.00,12.00
33,"Isobaths",Isobath_shell,-7.744369484,108.997248056,11.00,12.00
33,"Isobaths",Isobath_shell,-7.74435313,108.997266186,11.00,12.00
33,"Isobaths",Isobath_shell,-7.744371214,108.997248056,11.00,12.00
33,"Isobaths",Isobath_shell,-7.744389298,108.997229925,11.00,12.00
33,"Isobaths",Isobath_shell,-7.744389298,108.997211795,11.00,12.00
33,"Isobaths",Isobath_shell,-7.744407382,108.997193664,11.00,12.00
33,"Isobaths",Isobath_shell,-7.744425466,108.997175534,11.00,12.00
33,"Isobaths",Isobath_shell,-7.744425466,108.997157403,11.00,12.00
33,"Isobaths",Isobath_shell,-7.74444355,108.997139273,11.00,12.00
33,"Isobaths",Isobath_shell,-7.74444355,108.997121142,11.00,12.00
33,"Isobaths",Isobath_shell,-7.744461635,108.997103012,11.00,12.00
33,"Isobaths",Isobath_shell,-7.744479719,108.997084881,11.00,12.00
33,"Isobaths",Isobath_shell,-7.744479719,108.997066751,11.00,12.00
33,"Isobaths",Isobath_shell,-7.744497803,108.99704862,11.00,12.00
33,"Isobaths",Isobath_shell,-7.744515887,108.99703049,11.00,12.00
33,"Isobaths",Isobath_shell,-7.744515887,108.997012359,11.00,12.00
33,"Isobaths",Isobath_shell,-7.744533971,108.996994229,11.00,12.00
33,"Isobaths",Isobath_shell,-7.744552055,108.996976098,11.00,12.00
33,"Isobaths",Isobath_shell,-7.744552055,108.996957968,11.00,12.00
33,"Isobaths",Isobath_shell,-7.744570139,108.996939837,11.00,12.00
33,"Isobaths",Isobath_shell,-7.744570139,108.996921707,11.00,12.00
33,"Isobaths",Isobath_shell,-7.744588223,108.996903576,11.00,12.00
33,"Isobaths",Isobath_shell,-7.744588223,108.996885446,11.00,12.00
33,"Isobaths",Isobath_shell,-7.744606307,108.996867315,11.00,12.00
33,"Isobaths",Isobath_shell,-7.744606307,108.996849185,11.00,12.00
33,"Isobaths",Isobath_shell,-7.744624391,108.996831054,11.00,12.00
33,"Isobaths",Isobath_shell,-7.744624391,108.996812924,11.00,12.00
33,"Isobaths",Isobath_shell,-7.744642475,108.996794793,11.00,12.00
33,"Isobaths",Isobath_shell,-7.744642475,108.996776663,11.00,12.00
33,"Isobaths",Isobath_shell,-7.74466056,108.996758532,11.00,12.00
33,"Isobaths",Isobath_shell,-7.74466056,108.996740402,11.00,12.00
33,"Isobaths",Isobath_shell,-7.744678644,108.996722271,11.00,12.00
33,"Isobaths",Isobath_shell,-7.744678644,108.996704141,11.00,12.00
34,"Isobaths",Isobath_shell,-7.744858517,108.996359661,12.00,13.00
34,"Isobaths",Isobath_shell,-7.744854963,108.996287139,12.00,13.00
34,"Isobaths",Isobath_shell,-7.744820923,108.996269009,12.00,13.00
34,"Isobaths",Isobath_shell,-7.744678644,108.996147761,12.00,13.00
34,"Isobaths",Isobath_shell,-7.744635931,108.996087704,12.00,13.00
34,"Isobaths",Isobath_shell,-7.744589353,108.995978921,12.00,13.00
34,"Isobaths",Isobath_shell,-7.744576538,108.99596079,12.00,13.00
34,"Isobaths",Isobath_shell,-7.744479719,108.995891968,12.00,13.00
34,"Isobaths",Isobath_shell,-7.744425466,108.995824256,12.00,13.00
34,"Isobaths",Isobath_shell,-7.744389298,108.995796505,12.00,13.00
34,"Isobaths",Isobath_shell,-7.74435313,108.995775301,12.00,13.00
34,"Isobaths",Isobath_shell,-7.744298878,108.99576783,12.00,13.00
34,"Isobaths",Isobath_shell,-7.744208457,108.995808244,12.00,13.00
34,"Isobaths",Isobath_shell,-7.744172289,108.995834288,12.00,13.00
34,"Isobaths",Isobath_shell,-7.744136121,108.995837503,12.00,13.00
34,"Isobaths",Isobath_shell,-7.744118037,108.995833876,12.00,13.00
34,"Isobaths",Isobath_shell,-7.744081869,108.995870138,12.00,13.00
34,"Isobaths",Isobath_shell,-7.744081869,108.995906399,12.00,13.00
34,"Isobaths",Isobath_shell,-7.744063784,108.995924529,12.00,13.00
34,"Isobaths",Isobath_shell,-7.744063784,108.99596079,12.00,13.00
34,"Isobaths",Isobath_shell,-7.7440457,108.995978921,12.00,13.00
34,"Isobaths",Isobath_shell,-7.7440457,108.995997051,12.00,13.00
34,"Isobaths",Isobath_shell,-7.744027616,108.996015182,12.00,13.00
34,"Isobaths",Isobath_shell,-7.744027616,108.996051443,12.00,13.00
34,"Isobaths",Isobath_shell,-7.744009532,108.996069573,12.00,13.00
34,"Isobaths",Isobath_shell,-7.744009532,108.996087704,12.00,13.00
34,"Isobaths",Isobath_shell,-7.743991448,108.996105834,12.00,13.00
34,"Isobaths",Isobath_shell,-7.743991448,108.996142095,12.00,13.00
34,"Isobaths",Isobath_shell,-7.743973364,108.996160226,12.00,13.00
34,"Isobaths",Isobath_shell,-7.743973364,108.996196487,12.00,13.00
34,"Isobaths",Isobath_shell,-7.74395528,108.996214617,12.00,13.00
34,"Isobaths",Isobath_shell,-7.74395528,108.996232748,12.00,13.00
34,"Isobaths",Isobath_shell,-7.743937196,108.996250878,12.00,13.00
34,"Isobaths",Isobath_shell,-7.743937196,108.996287139,12.00,13.00
34,"Isobaths",Isobath_shell,-7.743919112,108.99630527,12.00,13.00
34,"Isobaths",Isobath_shell,-7.743919112,108.9963234,12.00,13.00
34,"Isobaths",Isobath_shell,-7.743901028,108.996341531,12.00,13.00
34,"Isobaths",Isobath_shell,-7.743901028,108.996377792,12.00,13.00
34,"Isobaths",Isobath_shell,-7.743919112,108.996359661,12.00,13.00
34,"Isobaths",Isobath_shell,-7.743937196,108.996364496,12.00,13.00
34,"Isobaths",Isobath_shell,-7.744009532,108.996374495,12.00,13.00
34,"Isobaths",Isobath_shell,-7.7440457,108.996413297,12.00,13.00
34,"Isobaths",Isobath_shell,-7.744208457,108.996400067,12.00,13.00
34,"Isobaths",Isobath_shell,-7.744316962,108.996372353,12.00,13.00
34,"Isobaths",Isobath_shell,-7.744358781,108.996377792,12.00,13.00
34,"Isobaths",Isobath_shell,-7.744389298,108.996395356,12.00,13.00
34,"Isobaths",Isobath_shell,-7.744409793,108.996432183,12.00,13.00
34,"Isobaths",Isobath_shell,-7.744402595,108.996559097,12.00,13.00
34,"Isobaths",Isobath_shell,-7.744408078,108.996577227,12.00,13.00
34,"Isobaths",Isobath_shell,-7.744425466,108.996593415,12.00,13.00
34,"Isobaths",Isobath_shell,-7.744497803,108.996608879,12.00,13.00
34,"Isobaths",Isobath_shell,-7.744678644,108.996616154,12.00,13.00
34,"Isobaths",Isobath_shell,-7.744694536,108.996631619,12.00,13.00
34,"Isobaths",Isobath_shell,-7.744695363,108.99668601,12.00,13.00
34,"Isobaths",Isobath_shell,-7.744678644,108.996704141,12.00,13.00
34,"Isobaths",Isobath_shell,-7.744696728,108.99668601,12.00,13.00
34,"Isobaths",Isobath_shell,-7.744696728,108.99666788,12.00,13.00
34,"Isobaths",Isobath_shell,-7.744714812,108.996649749,12.00,13.00
34,"Isobaths",Isobath_shell,-7.744714812,108.996631619,12.00,13.00
34,"Isobaths",Isobath_shell,-7.744732896,108.996613488,12.00,13.00
34,"Isobaths",Isobath_shell,-7.744732896,108.996595358,12.00,13.00
34,"Isobaths",Isobath_shell,-7.74475098,108.996577227,12.00,13.00
34,"Isobaths",Isobath_shell,-7.74475098,108.996559097,12.00,13.00
34,"Isobaths",Isobath_shell,-7.744769064,108.996540966,12.00,13.00
34,"Isobaths",Isobath_shell,-7.744769064,108.996522836,12.00,13.00
34,"Isobaths",Isobath_shell,-7.744787148,108.996504705,12.00,13.00
34,"Isobaths",Isobath_shell,-7.744805232,108.996486575,12.00,13.00
34,"Isobaths",Isobath_shell,-7.744805232,108.996468444,12.00,13.00
34,"Isobaths",Isobath_shell,-7.744823316,108.996450314,12.00,13.00
34,"Isobaths",Isobath_shell,-7.744823316,108.996432183,12.00,13.00
34,"Isobaths",Isobath_shell,-7.7448414,108.996414053,12.00,13.00
34,"Isobaths",Isobath_shell,-7.7448414,108.996377792,12.00,13.00
35,"Isobaths",Isobath_shell,-7.745438175,108.995199309,12.00,13.00
35,"Isobaths",Isobath_shell,-7.745427663,108.995199309,12.00,13.00
35,"Isobaths",Isobath_shell,-7.745423845,108.995144917,12.00,13.00
35,"Isobaths",Isobath_shell,-7.745408593,108.995126787,12.00,13.00
35,"Isobaths",Isobath_shell,-7.745375216,108.995054265,12.00,13.00
35,"Isobaths",Isobath_shell,-7.745319087,108.994963612,12.00,13.00
35,"Isobaths",Isobath_shell,-7.745221166,108.994759454,12.00,13.00
35,"Isobaths",Isobath_shell,-7.74510519,108.994546611,12.00,13.00
35,"Isobaths",Isobath_shell,-7.745004157,108.994409217,12.00,13.00
35,"Isobaths",Isobath_shell,-7.744818621,108.994238392,12.00,13.00
35,"Isobaths",Isobath_shell,-7.744678644,108.994133504,12.00,13.00
35,"Isobaths",Isobath_shell,-7.744570139,108.994061965,12.00,13.00
35,"Isobaths",Isobath_shell,-7.744479719,108.994013853,12.00,13.00
35,"Isobaths",Isobath_shell,-7.744407382,108.993992152,12.00,13.00
35,"Isobaths",Isobath_shell,-7.74435313,108.993996806,12.00,13.00
35,"Isobaths",Isobath_shell,-7.744316962,108.994012943,12.00,13.00
35,"Isobaths",Isobath_shell,-7.744291034,108.994038956,12.00,13.00
35,"Isobaths",Isobath_shell,-7.744272417,108.994075217,12.00,13.00
35,"Isobaths",Isobath_shell,-7.744226541,108.994104453,12.00,13.00
35,"Isobaths",Isobath_shell,-7.744208457,108.994150365,12.00,13.00
35,"Isobaths",Isobath_shell,-7.744190373,108.994147739,12.00,13.00
35,"Isobaths",Isobath_shell,-7.744172289,108.994147739,12.00,13.00
35,"Isobaths",Isobath_shell,-7.744172289,108.994184,12.00,13.00
35,"Isobaths",Isobath_shell,-7.744190373,108.994184,12.00,13.00
35,"Isobaths",Isobath_shell,-7.744190373,108.994220261,12.00,13.00
35,"Isobaths",Isobath_shell,-7.744208457,108.994220261,12.00,13.00
35,"Isobaths",Isobath_shell,-7.744226541,108.994237272,12.00,13.00
35,"Isobaths",Isobath_shell,-7.744244625,108.994230334,12.00,13.00
35,"Isobaths",Isobath_shell,-7.744251859,108.994220261,12.00,13.00
35,"Isobaths",Isobath_shell,-7.744298878,108.994203291,12.00,13.00
35,"Isobaths",Isobath_shell,-7.744326846,108.994147739,12.00,13.00
35,"Isobaths",Isobath_shell,-7.74435313,108.99412081,12.00,13.00
35,"Isobaths",Isobath_shell,-7.744389298,108.994102649,12.00,13.00
35,"Isobaths",Isobath_shell,-7.74444355,108.994094884,12.00,13.00
35,"Isobaths",Isobath_shell,-7.744497803,108.994105785,12.00,13.00
35,"Isobaths",Isobath_shell,-7.744588223,108.994146757,12.00,13.00
35,"Isobaths",Isobath_shell,-7.744706256,108.994220261,12.00,13.00
35,"Isobaths",Isobath_shell,-7.744787148,108.994288074,12.00,13.00
35,"Isobaths",Isobath_shell,-7.744955699,108.994455958,12.00,13.00
35,"Isobaths",Isobath_shell,-7.744997264,108.99451035,12.00,13.00
35,"Isobaths",Isobath_shell,-7.745054326,108.994601002,12.00,13.00
35,"Isobaths",Isobath_shell,-7.74514883,108.994780494,12.00,13.00
35,"Isobaths",Isobath_shell,-7.745329671,108.99515335,12.00,13.00
35,"Isobaths",Isobath_shell,-7.745364357,108.9952537,12.00,13.00
35,"Isobaths",Isobath_shell,-7.745365119,108.995326222,12.00,13.00
35,"Isobaths",Isobath_shell,-7.745365839,108.995326222,12.00,13.00
35,"Isobaths",Isobath_shell,-7.745365839,108.995308092,12.00,13.00
35,"Isobaths",Isobath_shell,-7.745383923,108.995289961,12.00,13.00
35,"Isobaths",Isobath_shell,-7.745383923,108.995271831,12.00,13.00
35,"Isobaths",Isobath_shell,-7.745402007,108.9952537,12.00,13.00
35,"Isobaths",Isobath_shell,-7.745420091,108.99523557,12.00,13.00
35,"Isobaths",Isobath_shell,-7.745420091,108.995217439,12.00,13.00
36,"Isobaths",Isobath_shell,-7.745365839,108.995326222,13.00,14.00
36,"Isobaths",Isobath_shell,-7.745365119,108.995326222,13.00,14.00
36,"Isobaths",Isobath_shell,-7.745364357,108.9952537,13.00,14.00
36,"Isobaths",Isobath_shell,-7.745329671,108.99515335,13.00,14.00
36,"Isobaths",Isobath_shell,-7.74514883,108.994780494,13.00,14.00
36,"Isobaths",Isobath_shell,-7.745054326,108.994601002,13.00,14.00
36,"Isobaths",Isobath_shell,-7.744997264,108.99451035,13.00,14.00
36,"Isobaths",Isobath_shell,-7.744955699,108.994455958,13.00,14.00
36,"Isobaths",Isobath_shell,-7.744787148,108.994288074,13.00,14.00
36,"Isobaths",Isobath_shell,-7.744706256,108.994220261,13.00,14.00
36,"Isobaths",Isobath_shell,-7.744588223,108.994146757,13.00,14.00
36,"Isobaths",Isobath_shell,-7.744497803,108.994105785,13.00,14.00
36,"Isobaths",Isobath_shell,-7.74444355,108.994094884,13.00,14.00
36,"Isobaths",Isobath_shell,-7.744389298,108.994102649,13.00,14.00
36,"Isobaths",Isobath_shell,-7.74435313,108.99412081,13.00,14.00
36,"Isobaths",Isobath_shell,-7.744326846,108.994147739,13.00,14.00
36,"Isobaths",Isobath_shell,-7.744298878,108.994203291,13.00,14.00
36,"Isobaths",Isobath_shell,-7.744251859,108.994220261,13.00,14.00
36,"Isobaths",Isobath_shell,-7.744244625,108.994230334,13.00,14.00
36,"Isobaths",Isobath_shell,-7.744226541,108.994237272,13.00,14.00
36,"Isobaths",Isobath_shell,-7.744208457,108.994220261,13.00,14.00
36,"Isobaths",Isobath_shell,-7.744190373,108.994220261,13.00,14.00
36,"Isobaths",Isobath_shell,-7.744190373,108.994256523,13.00,14.00
36,"Isobaths",Isobath_shell,-7.744208457,108.994256523,13.00,14.00
36,"Isobaths",Isobath_shell,-7.744208457,108.994310914,13.00,14.00
36,"Isobaths",Isobath_shell,-7.744226541,108.994310914,13.00,14.00
36,"Isobaths",Isobath_shell,-7.744226541,108.994347175,13.00,14.00
36,"Isobaths",Isobath_shell,-7.744244625,108.994347175,13.00,14.00
36,"Isobaths",Isobath_shell,-7.74426271,108.994360659,13.00,14.00
36,"Isobaths",Isobath_shell,-7.744302638,108.994347175,13.00,14.00
36,"Isobaths",Isobath_shell,-7.744335046,108.994310316,13.00,14.00
36,"Isobaths",Isobath_shell,-7.744363047,108.994256523,13.00,14.00
36,"Isobaths",Isobath_shell,-7.744389298,108.994229259,13.00,14.00
36,"Isobaths",Isobath_shell,-7.744425466,108.994208855,13.00,14.00
36,"Isobaths",Isobath_shell,-7.744479719,108.994198298,13.00,14.00
36,"Isobaths",Isobath_shell,-7.744533971,108.99420614,13.00,14.00
36,"Isobaths",Isobath_shell,-7.744624391,108.994242826,13.00,14.00
36,"Isobaths",Isobath_shell,-7.744696728,108.994287022,13.00,14.00
36,"Isobaths",Isobath_shell,-7.74475098,108.994333687,13.00,14.00
36,"Isobaths",Isobath_shell,-7.744913645,108.99451035,13.00,14.00
36,"Isobaths",Isobath_shell,-7.744972986,108.994601002,13.00,14.00
36,"Isobaths",Isobath_shell,-7.745031642,108.994727916,13.00,14.00
36,"Isobaths",Isobath_shell,-7.74507357,108.994836699,13.00,14.00
36,"Isobaths",Isobath_shell,-7.745152929,108.995018004,13.00,14.00
36,"Isobaths",Isobath_shell,-7.745239137,108.995163048,13.00,14.00
36,"Isobaths",Isobath_shell,-7.745278393,108.995344353,13.00,14.00
36,"Isobaths",Isobath_shell,-7.745300185,108.995380614,13.00,14.00
36,"Isobaths",Isobath_shell,-7.745300185,108.995416875,13.00,14.00
36,"Isobaths",Isobath_shell,-7.745311587,108.995416875,13.00,14.00
36,"Isobaths",Isobath_shell,-7.745311587,108.995398744,13.00,14.00
36,"Isobaths",Isobath_shell,-7.745329671,108.995380614,13.00,14.00
36,"Isobaths",Isobath_shell,-7.745329671,108.995362483,13.00,14.00
36,"Isobaths",Isobath_shell,-7.745347755,108.995344353,13.00,14.00
37,"Isobaths",Isobath_shell,-7.745004157,108.996069573,13.00,14.00
37,"Isobaths",Isobath_shell,-7.745004157,108.996062705,13.00,14.00
37,"Isobaths",Isobath_shell,-7.744972445,108.996051443,13.00,14.00
37,"Isobaths",Isobath_shell,-7.744967989,108.996030016,13.00,14.00
37,"Isobaths",Isobath_shell,-7.744949905,108.996028598,13.00,14.00
37,"Isobaths",Isobath_shell,-7.744931821,108.996037341,13.00,14.00
37,"Isobaths",Isobath_shell,-7.744913737,108.996033715,13.00,14.00
37,"Isobaths",Isobath_shell,-7.744889625,108.996015182,13.00,14.00
37,"Isobaths",Isobath_shell,-7.744874439,108.995997051,13.00,14.00
37,"Isobaths",Isobath_shell,-7.744855794,108.99594266,13.00,14.00
37,"Isobaths",Isobath_shell,-7.7448414,108.995921156,13.00,14.00
37,"Isobaths",Isobath_shell,-7.744696957,108.995815746,13.00,14.00
37,"Isobaths",Isobath_shell,-7.744637954,108.995725093,13.00,14.00
37,"Isobaths",Isobath_shell,-7.744621623,108.995688832,13.00,14.00
37,"Isobaths",Isobath_shell,-7.744606307,108.99563149,13.00,14.00
37,"Isobaths",Isobath_shell,-7.744579784,108.99559818,13.00,14.00
37,"Isobaths",Isobath_shell,-7.744549902,108.995580049,13.00,14.00
37,"Isobaths",Isobath_shell,-7.744407382,108.995525887,13.00,14.00
37,"Isobaths",Isobath_shell,-7.74426271,108.995495787,13.00,14.00
37,"Isobaths",Isobath_shell,-7.744244625,108.995489397,13.00,14.00
37,"Isobaths",Isobath_shell,-7.744226541,108.995507527,13.00,14.00
37,"Isobaths",Isobath_shell,-7.744208457,108.995525658,13.00,14.00
37,"Isobaths",Isobath_shell,-7.744208457,108.995561919,13.00,14.00
37,"Isobaths",Isobath_shell,-7.744190373,108.995580049,13.00,14.00
37,"Isobaths",Isobath_shell,-7.744190373,108.99559818,13.00,14.00
37,"Isobaths",Isobath_shell,-7.744172289,108.99561631,13.00,14.00
37,"Isobaths",Isobath_shell,-7.744172289,108.995652571,13.00,14.00
37,"Isobaths",Isobath_shell,-7.744154205,108.995670702,13.00,14.00
37,"Isobaths",Isobath_shell,-7.744154205,108.995706963,13.00,14.00
37,"Isobaths",Isobath_shell,-7.744136121,108.995725093,13.00,14.00
37,"Isobaths",Isobath_shell,-7.744136121,108.995743224,13.00,14.00
37,"Isobaths",Isobath_shell,-7.744118037,108.995761354,13.00,14.00
37,"Isobaths",Isobath_shell,-7.744118037,108.995797615,13.00,14.00
37,"Isobaths",Isobath_shell,-7.744099953,108.995815746,13.00,14.00
37,"Isobaths",Isobath_shell,-7.744099953,108.995852007,13.00,14.00
37,"Isobaths",Isobath_shell,-7.744118037,108.995833876,13.00,14.00
37,"Isobaths",Isobath_shell,-7.744136121,108.995837503,13.00,14.00
37,"Isobaths",Isobath_shell,-7.744172289,108.995834288,13.00,14.00
37,"Isobaths",Isobath_shell,-7.744208457,108.995808244,13.00,14.00
37,"Isobaths",Isobath_shell,-7.744298878,108.99576783,13.00,14.00
37,"Isobaths",Isobath_shell,-7.74435313,108.995775301,13.00,14.00
37,"Isobaths",Isobath_shell,-7.744389298,108.995796505,13.00,14.00
37,"Isobaths",Isobath_shell,-7.744425466,108.995824256,13.00,14.00
37,"Isobaths",Isobath_shell,-7.744479719,108.995891968,13.00,14.00
37,"Isobaths",Isobath_shell,-7.744576538,108.99596079,13.00,14.00
37,"Isobaths",Isobath_shell,-7.744589353,108.995978921,13.00,14.00
37,"Isobaths",Isobath_shell,-7.744635931,108.996087704,13.00,14.00
37,"Isobaths",Isobath_shell,-7.744678644,108.996147761,13.00,14.00
37,"Isobaths",Isobath_shell,-7.744820923,108.996269009,13.00,14.00
37,"Isobaths",Isobath_shell,-7.744854963,108.996287139,13.00,14.00
37,"Isobaths",Isobath_shell,-7.744858517,108.996359661,13.00,14.00
37,"Isobaths",Isobath_shell,-7.7448414,108.996377792,13.00,14.00
37,"Isobaths",Isobath_shell,-7.744859485,108.996359661,13.00,14.00
37,"Isobaths",Isobath_shell,-7.744859485,108.996341531,13.00,14.00
37,"Isobaths",Isobath_shell,-7.744877569,108.9963234,13.00,14.00
37,"Isobaths",Isobath_shell,-7.744877569,108.99630527,13.00,14.00
37,"Isobaths",Isobath_shell,-7.744895653,108.996287139,13.00,14.00
37,"Isobaths",Isobath_shell,-7.744895653,108.996269009,13.00,14.00
37,"Isobaths",Isobath_shell,-7.744913737,108.996250878,13.00,14.00
37,"Isobaths",Isobath_shell,-7.744913737,108.996232748,13.00,14.00
37,"Isobaths",Isobath_shell,-7.744931821,108.996214617,13.00,14.00
37,"Isobaths",Isobath_shell,-7.744931821,108.996196487,13.00,14.00
37,"Isobaths",Isobath_shell,-7.744949905,108.996178356,13.00,14.00
37,"Isobaths",Isobath_shell,-7.744949905,108.996160226,13.00,14.00
37,"Isobaths",Isobath_shell,-7.744967989,108.996142095,13.00,14.00
37,"Isobaths",Isobath_shell,-7.744967989,108.996123965,13.00,14.00
37,"Isobaths",Isobath_shell,-7.744986073,108.996105834,13.00,14.00
37,"Isobaths",Isobath_shell,-7.744986073,108.996087704,13.00,14.00
38,"Isobaths",Isobath_shell,-7.745311587,108.995416875,14.00,15.00
38,"Isobaths",Isobath_shell,-7.745300185,108.995416875,14.00,15.00
38,"Isobaths",Isobath_shell,-7.745300185,108.995380614,14.00,15.00
38,"Isobaths",Isobath_shell,-7.745278393,108.995344353,14.00,15.00
38,"Isobaths",Isobath_shell,-7.745239137,108.995163048,14.00,15.00
38,"Isobaths",Isobath_shell,-7.745152929,108.995018004,14.00,15.00
38,"Isobaths",Isobath_shell,-7.74507357,108.994836699,14.00,15.00
38,"Isobaths",Isobath_shell,-7.745031642,108.994727916,14.00,15.00
38,"Isobaths",Isobath_shell,-7.744972986,108.994601002,14.00,15.00
38,"Isobaths",Isobath_shell,-7.744913645,108.99451035,14.00,15.00
38,"Isobaths",Isobath_shell,-7.74475098,108.994333687,14.00,15.00
38,"Isobaths",Isobath_shell,-7.744696728,108.994287022,14.00,15.00
38,"Isobaths",Isobath_shell,-7.744624391,108.994242826,14.00,15.00
38,"Isobaths",Isobath_shell,-7.744533971,108.99420614,14.00,15.00
38,"Isobaths",Isobath_shell,-7.744479719,108.994198298,14.00,15.00
38,"Isobaths",Isobath_shell,-7.744425466,108.994208855,14.00,15.00
38,"Isobaths",Isobath_shell,-7.744389298,108.994229259,14.00,15.00
38,"Isobaths",Isobath_shell,-7.744363047,108.994256523,14.00,15.00
38,"Isobaths",Isobath_shell,-7.744335046,108.994310316,14.00,15.00
38,"Isobaths",Isobath_shell,-7.744302638,108.994347175,14.00,15.00
38,"Isobaths",Isobath_shell,-7.74426271,108.994360659,14.00,15.00
38,"Isobaths",Isobath_shell,-7.744244625,108.994347175,14.00,15.00
38,"Isobaths",Isobath_shell,-7.744226541,108.994347175,14.00,15.00
38,"Isobaths",Isobath_shell,-7.744226541,108.994383436,14.00,15.00
38,"Isobaths",Isobath_shell,-7.744244625,108.994383436,14.00,15.00
38,"Isobaths",Isobath_shell,-7.744244625,108.994455958,14.00,15.00
38,"Isobaths",Isobath_shell,-7.74426271,108.994455958,14.00,15.00
38,"Isobaths",Isobath_shell,-7.74426271,108.994492219,14.00,15.00
38,"Isobaths",Isobath_shell,-7.744280794,108.994499875,14.00,15.00
38,"Isobaths",Isobath_shell,-7.744298878,108.994499875,14.00,15.00
38,"Isobaths",Isobath_shell,-7.744307622,108.994492219,14.00,15.00
38,"Isobaths",Isobath_shell,-7.744335046,108.994453839,14.00,15.00
38,"Isobaths",Isobath_shell,-7.744371214,108.994415993,14.00,15.00
38,"Isobaths",Isobath_shell,-7.744399478,108.994365306,14.00,15.00
38,"Isobaths",Isobath_shell,-7.744425466,108.994338249,14.00,15.00
38,"Isobaths",Isobath_shell,-7.744461635,108.994315385,14.00,15.00
38,"Isobaths",Isobath_shell,-7.744497803,108.994304391,14.00,15.00
38,"Isobaths",Isobath_shell,-7.744552055,108.994303933,14.00,15.00
38,"Isobaths",Isobath_shell,-7.744624391,108.994326303,14.00,15.00
38,"Isobaths",Isobath_shell,-7.744686208,108.994365306,14.00,15.00
38,"Isobaths",Isobath_shell,-7.74475098,108.99442917,14.00,15.00
38,"Isobaths",Isobath_shell,-7.744861546,108.994564741,14.00,15.00
38,"Isobaths",Isobath_shell,-7.744895833,108.994619133,14.00,15.00
38,"Isobaths",Isobath_shell,-7.744930855,108.994691655,14.00,15.00
38,"Isobaths",Isobath_shell,-7.744948841,108.994746046,14.00,15.00
38,"Isobaths",Isobath_shell,-7.744986189,108.994909221,14.00,15.00
38,"Isobaths",Isobath_shell,-7.745085592,108.995144917,14.00,15.00
38,"Isobaths",Isobath_shell,-7.745106097,108.995217439,14.00,15.00
38,"Isobaths",Isobath_shell,-7.745122245,108.995308092,14.00,15.00
38,"Isobaths",Isobath_shell,-7.74515144,108.995398744,14.00,15.00
38,"Isobaths",Isobath_shell,-7.745169313,108.995471266,14.00,15.00
38,"Isobaths",Isobath_shell,-7.745168627,108.995507527,14.00,15.00
38,"Isobaths",Isobath_shell,-7.745162713,108.995543788,14.00,15.00
38,"Isobaths",Isobath_shell,-7.745140856,108.99561631,14.00,15.00
38,"Isobaths",Isobath_shell,-7.745139157,108.995634441,14.00,15.00
38,"Isobaths",Isobath_shell,-7.745130746,108.995639341,14.00,15.00
38,"Isobaths",Isobath_shell,-7.745118259,108.995670702,14.00,15.00
38,"Isobaths",Isobath_shell,-7.745094578,108.995701499,14.00,15.00
38,"Isobaths",Isobath_shell,-7.745047073,108.995743224,14.00,15.00
38,"Isobaths",Isobath_shell,-7.745022241,108.995756174,14.00,15.00
38,"Isobaths",Isobath_shell,-7.744986073,108.995762002,14.00,15.00
38,"Isobaths",Isobath_shell,-7.744949905,108.995755982,14.00,15.00
38,"Isobaths",Isobath_shell,-7.744877569,108.995733694,14.00,15.00
38,"Isobaths",Isobath_shell,-7.7448414,108.995714401,14.00,15.00
38,"Isobaths",Isobath_shell,-7.744811449,108.995688832,14.00,15.00
38,"Isobaths",Isobath_shell,-7.744775338,108.995634441,14.00,15.00
38,"Isobaths",Isobath_shell,-7.74474013,108.995543788,14.00,15.00
38,"Isobaths",Isobath_shell,-7.744712718,108.995507527,14.00,15.00
38,"Isobaths",Isobath_shell,-7.744678644,108.995484864,14.00,15.00
38,"Isobaths",Isobath_shell,-7.744545273,108.995435005,14.00,15.00
38,"Isobaths",Isobath_shell,-7.744407382,108.995329076,14.00,15.00
38,"Isobaths",Isobath_shell,-7.74435313,108.995305747,14.00,15.00
38,"Isobaths",Isobath_shell,-7.744335046,108.995286429,14.00,15.00
38,"Isobaths",Isobath_shell,-7.744316962,108.995271831,14.00,15.00
38,"Isobaths",Isobath_shell,-7.744298878,108.995289961,14.00,15.00
38,"Isobaths",Isobath_shell,-7.744280794,108.995308092,14.00,15.00
38,"Isobaths",Isobath_shell,-7.744280794,108.995344353,14.00,15.00
38,"Isobaths",Isobath_shell,-7.74426271,108.995362483,14.00,15.00
38,"Isobaths",Isobath_shell,-7.74426271,108.995398744,14.00,15.00
38,"Isobaths",Isobath_shell,-7.744244625,108.995416875,14.00,15.00
38,"Isobaths",Isobath_shell,-7.744244625,108.995453136,14.00,15.00
38,"Isobaths",Isobath_shell,-7.744226541,108.995471266,14.00,15.00
38,"Isobaths",Isobath_shell,-7.744226541,108.995507527,14.00,15.00
38,"Isobaths",Isobath_shell,-7.744244625,108.995489397,14.00,15.00
38,"Isobaths",Isobath_shell,-7.74426271,108.995495787,14.00,15.00
38,"Isobaths",Isobath_shell,-7.744407382,108.995525887,14.00,15.00
38,"Isobaths",Isobath_shell,-7.744549902,108.995580049,14.00,15.00
38,"Isobaths",Isobath_shell,-7.744579784,108.99559818,14.00,15.00
38,"Isobaths",Isobath_shell,-7.744606307,108.99563149,14.00,15.00
38,"Isobaths",Isobath_shell,-7.744621623,108.995688832,14.00,15.00
38,"Isobaths",Isobath_shell,-7.744637954,108.995725093,14.00,15.00
38,"Isobaths",Isobath_shell,-7.744696957,108.995815746,14.00,15.00
38,"Isobaths",Isobath_shell,-7.7448414,108.995921156,14.00,15.00
38,"Isobaths",Isobath_shell,-7.744855794,108.99594266,14.00,15.00
38,"Isobaths",Isobath_shell,-7.744874439,108.995997051,14.00,15.00
38,"Isobaths",Isobath_shell,-7.744889625,108.996015182,14.00,15.00
38,"Isobaths",Isobath_shell,-7.744913737,108.996033715,14.00,15.00
38,"Isobaths",Isobath_shell,-7.744931821,108.996037341,14.00,15.00
38,"Isobaths",Isobath_shell,-7.744949905,108.996028598,14.00,15.00
38,"Isobaths",Isobath_shell,-7.744967989,108.996030016,14.00,15.00
38,"Isobaths",Isobath_shell,-7.744972445,108.996051443,14.00,15.00
38,"Isobaths",Isobath_shell,-7.745004157,108.996062705,14.00,15.00
38,"Isobaths",Isobath_shell,-7.745004157,108.996033312,14.00,15.00
38,"Isobaths",Isobath_shell,-7.745022241,108.996015182,14.00,15.00
38,"Isobaths",Isobath_shell,-7.745022241,108.995997051,14.00,15.00
38,"Isobaths",Isobath_shell,-7.745040325,108.995978921,14.00,15.00
38,"Isobaths",Isobath_shell,-7.745040325,108.99596079,14.00,15.00
38,"Isobaths",Isobath_shell,-7.74505841,108.99594266,14.00,15.00
38,"Isobaths",Isobath_shell,-7.74505841,108.995924529,14.00,15.00
38,"Isobaths",Isobath_shell,-7.745076494,108.995906399,14.00,15.00
38,"Isobaths",Isobath_shell,-7.745076494,108.995888268,14.00,15.00
38,"Isobaths",Isobath_shell,-7.745094578,108.995870138,14.00,15.00
38,"Isobaths",Isobath_shell,-7.745094578,108.995852007,14.00,15.00
38,"Isobaths",Isobath_shell,-7.745112662,108.995833876,14.00,15.00
38,"Isobaths",Isobath_shell,-7.745112662,108.995815746,14.00,15.00
38,"Isobaths",Isobath_shell,-7.745130746,108.995797615,14.00,15.00
38,"Isobaths",Isobath_shell,-7.745130746,108.995779485,14.00,15.00
38,"Isobaths",Isobath_shell,-7.74514883,108.995761354,14.00,15.00
38,"Isobaths",Isobath_shell,-7.74514883,108.995743224,14.00,15.00
38,"Isobaths",Isobath_shell,-7.745166914,108.995725093,14.00,15.00
38,"Isobaths",Isobath_shell,-7.745166914,108.995688832,14.00,15.00
38,"Isobaths",Isobath_shell,-7.745184998,108.995670702,14.00,15.00
38,"Isobaths",Isobath_shell,-7.745184998,108.995652571,14.00,15.00
38,"Isobaths",Isobath_shell,-7.745203082,108.995634441,14.00,15.00
38,"Isobaths",Isobath_shell,-7.745203082,108.99561631,14.00,15.00
38,"Isobaths",Isobath_shell,-7.745221166,108.99559818,14.00,15.00
38,"Isobaths",Isobath_shell,-7.745221166,108.995580049,14.00,15.00
38,"Isobaths",Isobath_shell,-7.74523925,108.995561919,14.00,15.00
38,"Isobaths",Isobath_shell,-7.74523925,108.995543788,14.00,15.00
38,"Isobaths",Isobath_shell,-7.745257335,108.995525658,14.00,15.00
38,"Isobaths",Isobath_shell,-7.745257335,108.995507527,14.00,15.00
38,"Isobaths",Isobath_shell,-7.745275419,108.995489397,14.00,15.00
38,"Isobaths",Isobath_shell,-7.745275419,108.995471266,14.00,15.00
38,"Isobaths",Isobath_shell,-7.745293503,108.995453136,14.00,15.00
38,"Isobaths",Isobath_shell,-7.745293503,108.995435005,14.00,15.00
39,"Isobaths",Isobath_shell,-7.745169313,108.995471266,15.00,16.00
39,"Isobaths",Isobath_shell,-7.74515144,108.995398744,15.00,16.00
39,"Isobaths",Isobath_shell,-7.745122245,108.995308092,15.00,16.00
39,"Isobaths",Isobath_shell,-7.745106097,108.995217439,15.00,16.00
39,"Isobaths",Isobath_shell,-7.745085592,108.995144917,15.00,16.00
39,"Isobaths",Isobath_shell,-7.744986189,108.994909221,15.00,16.00
39,"Isobaths",Isobath_shell,-7.744948841,108.994746046,15.00,16.00
39,"Isobaths",Isobath_shell,-7.744930855,108.994691655,15.00,16.00
39,"Isobaths",Isobath_shell,-7.744895833,108.994619133,15.00,16.00
39,"Isobaths",Isobath_shell,-7.744861546,108.994564741,15.00,16.00
39,"Isobaths",Isobath_shell,-7.74475098,108.99442917,15.00,16.00
39,"Isobaths",Isobath_shell,-7.744686208,108.994365306,15.00,16.00
39,"Isobaths",Isobath_shell,-7.744624391,108.994326303,15.00,16.00
39,"Isobaths",Isobath_shell,-7.744552055,108.994303933,15.00,16.00
39,"Isobaths",Isobath_shell,-7.744497803,108.994304391,15.00,16.00
39,"Isobaths",Isobath_shell,-7.744461635,108.994315385,15.00,16.00
39,"Isobaths",Isobath_shell,-7.744425466,108.994338249,15.00,16.00
39,"Isobaths",Isobath_shell,-7.744399478,108.994365306,15.00,16.00
39,"Isobaths",Isobath_shell,-7.744371214,108.994415993,15.00,16.00
39,"Isobaths",Isobath_shell,-7.744335046,108.994453839,15.00,16.00
39,"Isobaths",Isobath_shell,-7.744307622,108.994492219,15.00,16.00
39,"Isobaths",Isobath_shell,-7.744298878,108.994499875,15.00,16.00
39,"Isobaths",Isobath_shell,-7.744280794,108.994499875,15.00,16.00
39,"Isobaths",Isobath_shell,-7.74426271,108.994492219,15.00,16.00
39,"Isobaths",Isobath_shell,-7.74426271,108.99451035,15.00,16.00
39,"Isobaths",Isobath_shell,-7.744280794,108.99451035,15.00,16.00
39,"Isobaths",Isobath_shell,-7.744280794,108.994582872,15.00,16.00
39,"Isobaths",Isobath_shell,-7.744298878,108.994582872,15.00,16.00
39,"Isobaths",Isobath_shell,-7.744298878,108.994619133,15.00,16.00
39,"Isobaths",Isobath_shell,-7.744316962,108.994623274,15.00,16.00
39,"Isobaths",Isobath_shell,-7.744339765,108.994619133,15.00,16.00
39,"Isobaths",Isobath_shell,-7.74435313,108.994581864,15.00,16.00
39,"Isobaths",Isobath_shell,-7.744365186,108.994564741,15.00,16.00
39,"Isobaths",Isobath_shell,-7.744398484,108.994546611,15.00,16.00
39,"Isobaths",Isobath_shell,-7.744413257,108.99451035,15.00,16.00
39,"Isobaths",Isobath_shell,-7.744436366,108.994474089,15.00,16.00
39,"Isobaths",Isobath_shell,-7.744461635,108.994447666,15.00,16.00
39,"Isobaths",Isobath_shell,-7.744497803,108.99442236,15.00,16.00
39,"Isobaths",Isobath_shell,-7.744533971,108.994409385,15.00,16.00
39,"Isobaths",Isobath_shell,-7.744588223,108.994409233,15.00,16.00
39,"Isobaths",Isobath_shell,-7.744624391,108.994422494,15.00,16.00
39,"Isobaths",Isobath_shell,-7.744678644,108.994459873,15.00,16.00
39,"Isobaths",Isobath_shell,-7.744769342,108.994564741,15.00,16.00
39,"Isobaths",Isobath_shell,-7.744803157,108.994619133,15.00,16.00
39,"Isobaths",Isobath_shell,-7.744839702,108.994691655,15.00,16.00
39,"Isobaths",Isobath_shell,-7.744859098,108.994746046,15.00,16.00
39,"Isobaths",Isobath_shell,-7.744872593,108.994800438,15.00,16.00
39,"Isobaths",Isobath_shell,-7.744885408,108.994909221,15.00,16.00
39,"Isobaths",Isobath_shell,-7.744896514,108.994963612,15.00,16.00
39,"Isobaths",Isobath_shell,-7.744979371,108.995144917,15.00,16.00
39,"Isobaths",Isobath_shell,-7.744989604,108.995181178,15.00,16.00
39,"Isobaths",Isobath_shell,-7.744998247,108.99523557,15.00,16.00
39,"Isobaths",Isobath_shell,-7.744999445,108.995271831,15.00,16.00
39,"Isobaths",Isobath_shell,-7.744994268,108.995308092,15.00,16.00
39,"Isobaths",Isobath_shell,-7.744967989,108.995380932,15.00,16.00
39,"Isobaths",Isobath_shell,-7.744931821,108.995418523,15.00,16.00
39,"Isobaths",Isobath_shell,-7.744877569,108.995438472,15.00,16.00
39,"Isobaths",Isobath_shell,-7.7448414,108.995431818,15.00,16.00
39,"Isobaths",Isobath_shell,-7.744787148,108.995405697,15.00,16.00
39,"Isobaths",Isobath_shell,-7.744642475,108.995361626,15.00,16.00
39,"Isobaths",Isobath_shell,-7.744584183,108.995326222,15.00,16.00
39,"Isobaths",Isobath_shell,-7.74444355,108.995217093,15.00,16.00
39,"Isobaths",Isobath_shell,-7.744389298,108.995197518,15.00,16.00
39,"Isobaths",Isobath_shell,-7.744371214,108.995177867,15.00,16.00
39,"Isobaths",Isobath_shell,-7.74435313,108.995163048,15.00,16.00
39,"Isobaths",Isobath_shell,-7.744335046,108.995181178,15.00,16.00
39,"Isobaths",Isobath_shell,-7.744316962,108.995199309,15.00,16.00
39,"Isobaths",Isobath_shell,-7.744316962,108.99523557,15.00,16.00
39,"Isobaths",Isobath_shell,-7.744298878,108.9952537,15.00,16.00
39,"Isobaths",Isobath_shell,-7.744298878,108.995289961,15.00,16.00
39,"Isobaths",Isobath_shell,-7.744316962,108.995271831,15.00,16.00
39,"Isobaths",Isobath_shell,-7.744335046,108.995286429,15.00,16.00
39,"Isobaths",Isobath_shell,-7.74435313,108.995305747,15.00,16.00
39,"Isobaths",Isobath_shell,-7.744407382,108.995329076,15.00,16.00
39,"Isobaths",Isobath_shell,-7.744545273,108.995435005,15.00,16.00
39,"Isobaths",Isobath_shell,-7.744678644,108.995484864,15.00,16.00
39,"Isobaths",Isobath_shell,-7.744712718,108.995507527,15.00,16.00
39,"Isobaths",Isobath_shell,-7.74474013,108.995543788,15.00,16.00
39,"Isobaths",Isobath_shell,-7.744775338,108.995634441,15.00,16.00
39,"Isobaths",Isobath_shell,-7.744811449,108.995688832,15.00,16.00
39,"Isobaths",Isobath_shell,-7.7448414,108.995714401,15.00,16.00
39,"Isobaths",Isobath_shell,-7.744877569,108.995733694,15.00,16.00
39,"Isobaths",Isobath_shell,-7.744949905,108.995755982,15.00,16.00
39,"Isobaths",Isobath_shell,-7.744986073,108.995762002,15.00,16.00
39,"Isobaths",Isobath_shell,-7.745022241,108.995756174,15.00,16.00
39,"Isobaths",Isobath_shell,-7.745047073,108.995743224,15.00,16.00
39,"Isobaths",Isobath_shell,-7.745094578,108.995701499,15.00,16.00
39,"Isobaths",Isobath_shell,-7.745118259,108.995670702,15.00,16.00
39,"Isobaths",Isobath_shell,-7.745130746,108.995639341,15.00,16.00
39,"Isobaths",Isobath_shell,-7.745139157,108.995634441,15.00,16.00
39,"Isobaths",Isobath_shell,-7.745140856,108.99561631,15.00,16.00
39,"Isobaths",Isobath_shell,-7.745162713,108.995543788,15.00,16.00
39,"Isobaths",Isobath_shell,-7.745168627,108.995507527,15.00,16.00
40,"Isobaths",Isobath_shell,-7.744999445,108.995271831,16.00,17.00
40,"Isobaths",Isobath_shell,-7.744998247,108.99523557,16.00,17.00
40,"Isobaths",Isobath_shell,-7.744989604,108.995181178,16.00,17.00
40,"Isobaths",Isobath_shell,-7.744979371,108.995144917,16.00,17.00
40,"Isobaths",Isobath_shell,-7.744896514,108.994963612,16.00,17.00
40,"Isobaths",Isobath_shell,-7.744885408,108.994909221,16.00,17.00
40,"Isobaths",Isobath_shell,-7.744872593,108.994800438,16.00,17.00
40,"Isobaths",Isobath_shell,-7.744859098,108.994746046,16.00,17.00
40,"Isobaths",Isobath_shell,-7.744839702,108.994691655,16.00,17.00
40,"Isobaths",Isobath_shell,-7.744803157,108.994619133,16.00,17.00
40,"Isobaths",Isobath_shell,-7.744769342,108.994564741,16.00,17.00
40,"Isobaths",Isobath_shell,-7.744678644,108.994459873,16.00,17.00
40,"Isobaths",Isobath_shell,-7.744624391,108.994422494,16.00,17.00
40,"Isobaths",Isobath_shell,-7.744588223,108.994409233,16.00,17.00
40,"Isobaths",Isobath_shell,-7.744533971,108.994409385,16.00,17.00
40,"Isobaths",Isobath_shell,-7.744497803,108.99442236,16.00,17.00
40,"Isobaths",Isobath_shell,-7.744461635,108.994447666,16.00,17.00
40,"Isobaths",Isobath_shell,-7.744436366,108.994474089,16.00,17.00
40,"Isobaths",Isobath_shell,-7.744413257,108.99451035,16.00,17.00
40,"Isobaths",Isobath_shell,-7.744398484,108.994546611,16.00,17.00
40,"Isobaths",Isobath_shell,-7.744365186,108.994564741,16.00,17.00
40,"Isobaths",Isobath_shell,-7.74435313,108.994581864,16.00,17.00
40,"Isobaths",Isobath_shell,-7.744339765,108.994619133,16.00,17.00
40,"Isobaths",Isobath_shell,-7.744316962,108.994623274,16.00,17.00
40,"Isobaths",Isobath_shell,-7.744298878,108.994619133,16.00,17.00
40,"Isobaths",Isobath_shell,-7.744298878,108.994655394,16.00,17.00
40,"Isobaths",Isobath_shell,-7.744316962,108.994655394,16.00,17.00
40,"Isobaths",Isobath_shell,-7.744316962,108.994709785,16.00,17.00
40,"Isobaths",Isobath_shell,-7.744335046,108.99471473,16.00,17.00
40,"Isobaths",Isobath_shell,-7.744371214,108.99471473,16.00,17.00
40,"Isobaths",Isobath_shell,-7.744383322,108.994691655,16.00,17.00
40,"Isobaths",Isobath_shell,-7.744425466,108.994675082,16.00,17.00
40,"Isobaths",Isobath_shell,-7.744461635,108.994597662,16.00,17.00
40,"Isobaths",Isobath_shell,-7.744497803,108.994557403,16.00,17.00
40,"Isobaths",Isobath_shell,-7.744533971,108.994530226,16.00,17.00
40,"Isobaths",Isobath_shell,-7.744588223,108.994521666,16.00,17.00
40,"Isobaths",Isobath_shell,-7.744624391,108.994531856,16.00,17.00
40,"Isobaths",Isobath_shell,-7.744647552,108.994546611,16.00,17.00
40,"Isobaths",Isobath_shell,-7.744678644,108.994576416,16.00,17.00
40,"Isobaths",Isobath_shell,-7.744705569,108.994619133,16.00,17.00
40,"Isobaths",Isobath_shell,-7.744748612,108.994727916,16.00,17.00
40,"Isobaths",Isobath_shell,-7.744769508,108.994800438,16.00,17.00
40,"Isobaths",Isobath_shell,-7.744788921,108.994945482,16.00,17.00
40,"Isobaths",Isobath_shell,-7.744846008,108.995090526,16.00,17.00
40,"Isobaths",Isobath_shell,-7.744859054,108.995144917,16.00,17.00
40,"Isobaths",Isobath_shell,-7.744859485,108.995167993,16.00,17.00
40,"Isobaths",Isobath_shell,-7.744853328,108.995199309,16.00,17.00
40,"Isobaths",Isobath_shell,-7.744831826,108.99523557,16.00,17.00
40,"Isobaths",Isobath_shell,-7.744805232,108.995254059,16.00,17.00
40,"Isobaths",Isobath_shell,-7.74475098,108.995261984,16.00,17.00
40,"Isobaths",Isobath_shell,-7.744678644,108.995242249,16.00,17.00
40,"Isobaths",Isobath_shell,-7.744573705,108.995181178,16.00,17.00
40,"Isobaths",Isobath_shell,-7.744497803,108.995151113,16.00,17.00
40,"Isobaths",Isobath_shell,-7.744461635,108.995125977,16.00,17.00
40,"Isobaths",Isobath_shell,-7.744389298,108.995111533,16.00,17.00
40,"Isobaths",Isobath_shell,-7.744371214,108.995108656,16.00,17.00
40,"Isobaths",Isobath_shell,-7.74435313,108.995126787,16.00,17.00
40,"Isobaths",Isobath_shell,-7.744335046,108.995144917,16.00,17.00
40,"Isobaths",Isobath_shell,-7.744335046,108.995181178,16.00,17.00
40,"Isobaths",Isobath_shell,-7.74435313,108.995163048,16.00,17.00
40,"Isobaths",Isobath_shell,-7.744371214,108.995177867,16.00,17.00
40,"Isobaths",Isobath_shell,-7.744389298,108.995197518,16.00,17.00
40,"Isobaths",Isobath_shell,-7.74444355,108.995217093,16.00,17.00
40,"Isobaths",Isobath_shell,-7.744584183,108.995326222,16.00,17.00
40,"Isobaths",Isobath_shell,-7.744642475,108.995361626,16.00,17.00
40,"Isobaths",Isobath_shell,-7.744787148,108.995405697,16.00,17.00
40,"Isobaths",Isobath_shell,-7.7448414,108.995431818,16.00,17.00
40,"Isobaths",Isobath_shell,-7.744877569,108.995438472,16.00,17.00
40,"Isobaths",Isobath_shell,-7.744931821,108.995418523,16.00,17.00
40,"Isobaths",Isobath_shell,-7.744967989,108.995380932,16.00,17.00
40,"Isobaths",Isobath_shell,-7.744994268,108.995308092,16.00,17.00
41,"Isobaths",Isobath_shell,-7.744859485,108.995167993,17.00,18.00
41,"Isobaths",Isobath_shell,-7.744859054,108.995144917,17.00,18.00
41,"Isobaths",Isobath_shell,-7.744846008,108.995090526,17.00,18.00
41,"Isobaths",Isobath_shell,-7.744788921,108.994945482,17.00,18.00
41,"Isobaths",Isobath_shell,-7.744769508,108.994800438,17.00,18.00
41,"Isobaths",Isobath_shell,-7.744748612,108.994727916,17.00,18.00
41,"Isobaths",Isobath_shell,-7.744705569,108.994619133,17.00,18.00
41,"Isobaths",Isobath_shell,-7.744678644,108.994576416,17.00,18.00
41,"Isobaths",Isobath_shell,-7.744647552,108.994546611,17.00,18.00
41,"Isobaths",Isobath_shell,-7.744624391,108.994531856,17.00,18.00
41,"Isobaths",Isobath_shell,-7.744588223,108.994521666,17.00,18.00
41,"Isobaths",Isobath_shell,-7.744533971,108.994530226,17.00,18.00
41,"Isobaths",Isobath_shell,-7.744497803,108.994557403,17.00,18.00
41,"Isobaths",Isobath_shell,-7.744461635,108.994597662,17.00,18.00
41,"Isobaths",Isobath_shell,-7.744425466,108.994675082,17.00,18.00
41,"Isobaths",Isobath_shell,-7.744383322,108.994691655,17.00,18.00
41,"Isobaths",Isobath_shell,-7.744371214,108.99471473,17.00,18.00
41,"Isobaths",Isobath_shell,-7.744335046,108.99471473,17.00,18.00
41,"Isobaths",Isobath_shell,-7.744316962,108.994709785,17.00,18.00
41,"Isobaths",Isobath_shell,-7.744316962,108.994727916,17.00,18.00
41,"Isobaths",Isobath_shell,-7.744335046,108.994727916,17.00,18.00
41,"Isobaths",Isobath_shell,-7.744335046,108.994782307,17.00,18.00
41,"Isobaths",Isobath_shell,-7.74435313,108.994782307,17.00,18.00
41,"Isobaths",Isobath_shell,-7.74435313,108.994818568,17.00,18.00
41,"Isobaths",Isobath_shell,-7.744371214,108.994833834,17.00,18.00
41,"Isobaths",Isobath_shell,-7.744407382,108.994831131,17.00,18.00
41,"Isobaths",Isobath_shell,-7.744438599,108.994818568,17.00,18.00
41,"Isobaths",Isobath_shell,-7.744461635,108.994791977,17.00,18.00
41,"Isobaths",Isobath_shell,-7.744479719,108.994738101,17.00,18.00
41,"Isobaths",Isobath_shell,-7.744497803,108.994705994,17.00,18.00
41,"Isobaths",Isobath_shell,-7.744515887,108.994683953,17.00,18.00
41,"Isobaths",Isobath_shell,-7.744552055,108.994664297,17.00,18.00
41,"Isobaths",Isobath_shell,-7.744588223,108.994663164,17.00,18.00
41,"Isobaths",Isobath_shell,-7.744606307,108.994672926,17.00,18.00
41,"Isobaths",Isobath_shell,-7.744643162,108.994727916,17.00,18.00
41,"Isobaths",Isobath_shell,-7.744650513,108.994782307,17.00,18.00
41,"Isobaths",Isobath_shell,-7.744642475,108.994909221,17.00,18.00
41,"Isobaths",Isobath_shell,-7.744646185,108.994981743,17.00,18.00
41,"Isobaths",Isobath_shell,-7.744642131,108.995018004,17.00,18.00
41,"Isobaths",Isobath_shell,-7.744635899,108.995036134,17.00,18.00
41,"Isobaths",Isobath_shell,-7.744606307,108.995065009,17.00,18.00
41,"Isobaths",Isobath_shell,-7.744552055,108.99507337,17.00,18.00
41,"Isobaths",Isobath_shell,-7.74444355,108.995051475,17.00,18.00
41,"Isobaths",Isobath_shell,-7.744425466,108.995031788,17.00,18.00
41,"Isobaths",Isobath_shell,-7.744407382,108.995018004,17.00,18.00
41,"Isobaths",Isobath_shell,-7.744389298,108.995036134,17.00,18.00
41,"Isobaths",Isobath_shell,-7.744371214,108.995054265,17.00,18.00
41,"Isobaths",Isobath_shell,-7.744371214,108.995072395,17.00,18.00
41,"Isobaths",Isobath_shell,-7.74435313,108.995090526,17.00,18.00
41,"Isobaths",Isobath_shell,-7.74435313,108.995126787,17.00,18.00
41,"Isobaths",Isobath_shell,-7.744371214,108.995108656,17.00,18.00
41,"Isobaths",Isobath_shell,-7.744389298,108.995111533,17.00,18.00
41,"Isobaths",Isobath_shell,-7.744461635,108.995125977,17.00,18.00
41,"Isobaths",Isobath_shell,-7.744497803,108.995151113,17.00,18.00
41,"Isobaths",Isobath_shell,-7.744573705,108.995181178,17.00,18.00
41,"Isobaths",Isobath_shell,-7.744678644,108.995242249,17.00,18.00
41,"Isobaths",Isobath_shell,-7.74475098,108.995261984,17.00,18.00
41,"Isobaths",Isobath_shell,-7.744805232,108.995254059,17.00,18.00
41,"Isobaths",Isobath_shell,-7.744831826,108.99523557,17.00,18.00
41,"Isobaths",Isobath_shell,-7.744853328,108.995199309,17.00,18.00
42,"Isobaths",Isobath_shell,-7.744650513,108.994782307,18.00,19.00
42,"Isobaths",Isobath_shell,-7.744643162,108.994727916,18.00,19.00
42,"Isobaths",Isobath_shell,-7.744606307,108.994672926,18.00,19.00
42,"Isobaths",Isobath_shell,-7.744588223,108.994663164,18.00,19.00
42,"Isobaths",Isobath_shell,-7.744552055,108.994664297,18.00,19.00
42,"Isobaths",Isobath_shell,-7.744515887,108.994683953,18.00,19.00
42,"Isobaths",Isobath_shell,-7.744497803,108.994705994,18.00,19.00
42,"Isobaths",Isobath_shell,-7.744479719,108.994738101,18.00,19.00
42,"Isobaths",Isobath_shell,-7.744461635,108.994791977,18.00,19.00
42,"Isobaths",Isobath_shell,-7.744438599,108.994818568,18.00,19.00
42,"Isobaths",Isobath_shell,-7.744407382,108.994831131,18.00,19.00
42,"Isobaths",Isobath_shell,-7.744371214,108.994833834,18.00,19.00
42,"Isobaths",Isobath_shell,-7.74435313,108.994818568,18.00,19.00
42,"Isobaths",Isobath_shell,-7.74435313,108.994854829,18.00,19.00
42,"Isobaths",Isobath_shell,-7.744371214,108.994854829,18.00,19.00
42,"Isobaths",Isobath_shell,-7.744371214,108.994927351,18.00,19.00
42,"Isobaths",Isobath_shell,-7.744389298,108.994927351,18.00,19.00
42,"Isobaths",Isobath_shell,-7.744389298,108.995036134,18.00,19.00
42,"Isobaths",Isobath_shell,-7.744407382,108.995018004,18.00,19.00
42,"Isobaths",Isobath_shell,-7.744425466,108.995031788,18.00,19.00
42,"Isobaths",Isobath_shell,-7.74444355,108.995051475,18.00,19.00
42,"Isobaths",Isobath_shell,-7.744552055,108.99507337,18.00,19.00
42,"Isobaths",Isobath_shell,-7.744606307,108.995065009,18.00,19.00
42,"Isobaths",Isobath_shell,-7.744635899,108.995036134,18.00,19.00
42,"Isobaths",Isobath_shell,-7.744642131,108.995018004,18.00,19.00
42,"Isobaths",Isobath_shell,-7.744646185,108.994981743,18.00,19.00
42,"Isobaths",Isobath_shell,-7.744642475,108.994909221,18.00,19.00
43,"Major Contours",Contour,-7.744009532,108.993417214,6.00,
43,"Major Contours",Contour,-7.744027616,108.993400591,6.00,
43,"Major Contours",Contour,-7.744081869,108.993391501,6.00,
43,"Major Contours",Contour,-7.744118037,108.993376302,6.00,
43,"Major Contours",Contour,-7.744172289,108.993388753,6.00,
43,"Major Contours",Contour,-7.744280794,108.993451307,6.00,
43,"Major Contours",Contour,-7.744606307,108.993681507,6.00,
43,"Major Contours",Contour,-7.74466056,108.993704925,6.00,
43,"Major Contours",Contour,-7.744696728,108.993694184,6.00,
43,"Major Contours",Contour,-7.744771557,108.993585694,6.00,
43,"Major Contours",Contour,-7.744789107,108.993567563,6.00,
43,"Major Contours",Contour,-7.744823316,108.993552072,6.00,
43,"Major Contours",Contour,-7.744895653,108.99354698,6.00,
43,"Major Contours",Contour,-7.745022241,108.993558682,6.00,
43,"Major Contours",Contour,-7.74514883,108.993535524,6.00,
43,"Major Contours",Contour,-7.745190553,108.993549433,6.00,
43,"Major Contours",Contour,-7.745365839,108.993704303,6.00,
43,"Major Contours",Contour,-7.745383923,108.993711693,6.00,
43,"Major Contours",Contour,-7.745420091,108.993698476,6.00,
43,"Major Contours",Contour,-7.745438175,108.993704549,6.00,
43,"Major Contours",Contour,-7.745453999,108.993730738,6.00,
43,"Major Contours",Contour,-7.745451865,108.993748868,6.00,
43,"Major Contours",Contour,-7.745461585,108.99380326,6.00,
43,"Major Contours",Contour,-7.745503484,108.993984565,6.00,
43,"Major Contours",Contour,-7.745526457,108.994057087,6.00,
43,"Major Contours",Contour,-7.745551116,108.994111478,6.00,
43,"Major Contours",Contour,-7.7456371,108.994236084,6.00,
43,"Major Contours",Contour,-7.745836025,108.994425303,6.00,
43,"Major Contours",Contour,-7.745849321,108.994455958,6.00,
43,"Major Contours",Contour,-7.745849321,108.994492219,6.00,
44,"Major Contours",Contour,-7.744154205,108.998394473,6.00,
44,"Major Contours",Contour,-7.744136121,108.998394473,6.00,
44,"Major Contours",Contour,-7.744118037,108.998367563,6.00,
44,"Major Contours",Contour,-7.744081869,108.998356934,6.00,
44,"Major Contours",Contour,-7.743984667,108.998299625,6.00,
44,"Major Contours",Contour,-7.743937196,108.998283129,6.00,
44,"Major Contours",Contour,-7.743901028,108.998289956,6.00,
44,"Major Contours",Contour,-7.743864859,108.998310075,6.00,
44,"Major Contours",Contour,-7.743828691,108.998351135,6.00,
44,"Major Contours",Contour,-7.743774439,108.998434093,6.00,
44,"Major Contours",Contour,-7.743756355,108.998451643,6.00,
44,"Major Contours",Contour,-7.743720187,108.998470835,6.00,
44,"Major Contours",Contour,-7.743665934,108.998477842,6.00,
44,"Major Contours",Contour,-7.743575514,108.998461936,6.00,
44,"Major Contours",Contour,-7.743530205,108.998444669,6.00,
44,"Major Contours",Contour,-7.743485094,108.998411911,6.00,
44,"Major Contours",Contour,-7.743454182,108.998372147,6.00,
44,"Major Contours",Contour,-7.743411649,108.998299625,6.00,
44,"Major Contours",Contour,-7.743340421,108.998204086,6.00,
44,"Major Contours",Contour,-7.743286169,108.998147382,6.00,
44,"Major Contours",Contour,-7.743229204,108.99810019,6.00,
44,"Major Contours",Contour,-7.743191286,108.998045798,6.00,
44,"Major Contours",Contour,-7.743183369,108.998009537,6.00,
44,"Major Contours",Contour,-7.743183856,108.997955146,6.00,
44,"Major Contours",Contour,-7.74321523,108.997574405,6.00,
44,"Major Contours",Contour,-7.743203017,108.997556275,6.00,
44,"Major Contours",Contour,-7.743199913,108.997520014,6.00,
45,"Major Contours",Contour,-7.744099953,108.993765172,9.00,
45,"Major Contours",Contour,-7.744124407,108.993748868,9.00,
45,"Major Contours",Contour,-7.744172289,108.993733833,9.00,
45,"Major Contours",Contour,-7.744190373,108.993707852,9.00,
45,"Major Contours",Contour,-7.744226541,108.993685355,9.00,
45,"Major Contours",Contour,-7.74426271,108.993682457,9.00,
45,"Major Contours",Contour,-7.744316962,108.993696501,9.00,
45,"Major Contours",Contour,-7.744425466,108.993756234,9.00,
45,"Major Contours",Contour,-7.744642475,108.993907443,9.00,
45,"Major Contours",Contour,-7.745099784,108.994202131,9.00,
45,"Major Contours",Contour,-7.745166914,108.994256823,9.00,
45,"Major Contours",Contour,-7.745214795,108.994310914,9.00,
45,"Major Contours",Contour,-7.74526531,108.994383436,9.00,
45,"Major Contours",Contour,-7.745383923,108.99458819,9.00,
45,"Major Contours",Contour,-7.745433416,108.994655394,9.00,
45,"Major Contours",Contour,-7.745492428,108.99470072,9.00,
45,"Major Contours",Contour,-7.745582848,108.994746046,9.00,
45,"Major Contours",Contour,-7.745625745,108.994782307,9.00,
45,"Major Contours",Contour,-7.745634647,108.994800438,9.00,
45,"Major Contours",Contour,-7.745635369,108.994854829,9.00,
46,"Major Contours",Contour,-7.744226541,108.99774705,9.00,
46,"Major Contours",Contour,-7.744208457,108.99774705,9.00,
46,"Major Contours",Contour,-7.744190373,108.997733665,9.00,
46,"Major Contours",Contour,-7.744118037,108.997763618,9.00,
46,"Major Contours",Contour,-7.744026503,108.997828232,9.00,
46,"Major Contours",Contour,-7.743919112,108.997879572,9.00,
46,"Major Contours",Contour,-7.743882944,108.997890394,9.00,
46,"Major Contours",Contour,-7.743846775,108.997880869,9.00,
46,"Major Contours",Contour,-7.743815176,108.997828232,9.00,
46,"Major Contours",Contour,-7.743802948,108.997791971,9.00,
46,"Major Contours",Contour,-7.743655333,108.997465622,9.00,
46,"Major Contours",Contour,-7.743611682,108.997402698,9.00,
46,"Major Contours",Contour,-7.74355743,108.997352954,9.00,
46,"Major Contours",Contour,-7.743540926,108.997320578,9.00,
46,"Major Contours",Contour,-7.743531334,108.997248056,9.00,
46,"Major Contours",Contour,-7.743536365,108.997157403,9.00,
46,"Major Contours",Contour,-7.743521651,108.997139273,9.00,
46,"Major Contours",Contour,-7.743528043,108.997121142,9.00,
46,"Major Contours",Contour,-7.743525025,108.997103012,9.00,
47,"Major Contours",Contour,-7.745703594,108.99358144,2.00,
47,"Major Contours",Contour,-7.745745884,108.993603824,2.00,
47,"Major Contours",Contour,-7.745766308,108.993621955,2.00,
47,"Major Contours",Contour,-7.745788207,108.993658216,2.00,
47,"Major Contours",Contour,-7.745810696,108.993712607,2.00,
47,"Major Contours",Contour,-7.745820202,108.993785129,2.00,
47,"Major Contours",Contour,-7.745833354,108.99380326,2.00,
47,"Major Contours",Contour,-7.745999144,108.993857651,2.00,
47,"Major Contours",Contour,-7.746071119,108.993889618,2.00,
47,"Major Contours",Contour,-7.746129626,108.993948304,2.00,
47,"Major Contours",Contour,-7.746129626,108.994002695,2.00,
48,"Major Contours",Contour,-7.744934104,108.993445712,2.00,
48,"Major Contours",Contour,-7.744954883,108.99344065,2.00,
48,"Major Contours",Contour,-7.744981311,108.993422519,2.00,
48,"Major Contours",Contour,-7.745042923,108.993349997,2.00,
48,"Major Contours",Contour,-7.745076494,108.993332452,2.00,
48,"Major Contours",Contour,-7.745112662,108.993327147,2.00,
48,"Major Contours",Contour,-7.745257335,108.993359471,2.00,
48,"Major Contours",Contour,-7.745329671,108.993382733,2.00,
48,"Major Contours",Contour,-7.745367738,108.993404389,2.00,
48,"Major Contours",Contour,-7.745438175,108.993472221,2.00,
48,"Major Contours",Contour,-7.7454727,108.993495041,2.00,
48,"Major Contours",Contour,-7.74562831,108.993550178,2.00,
49,"Major Contours",Contour,-7.743901028,108.993006262,2.00,
49,"Major Contours",Contour,-7.743903999,108.992987387,2.00,
49,"Major Contours",Contour,-7.743919112,108.992974531,2.00,
49,"Major Contours",Contour,-7.744027616,108.993005123,2.00,
49,"Major Contours",Contour,-7.744552055,108.99337548,2.00,
49,"Major Contours",Contour,-7.744624391,108.993406267,2.00,
49,"Major Contours",Contour,-7.744859485,108.993443863,2.00,
49,"Major Contours",Contour,-7.744881427,108.993444593,2.00,
50,"Major Contours",Contour,-7.744081869,108.999144684,2.00,
50,"Major Contours",Contour,-7.7440457,108.999144684,2.00,
50,"Major Contours",Contour,-7.743976981,108.999079237,2.00,
50,"Major Contours",Contour,-7.743901028,108.998932813,2.00,
50,"Major Contours",Contour,-7.743864859,108.998880818,2.00,
50,"Major Contours",Contour,-7.743738271,108.998783197,2.00,
50,"Major Contours",Contour,-7.74364785,108.998674203,2.00,
50,"Major Contours",Contour,-7.743611682,108.998642196,2.00,
50,"Major Contours",Contour,-7.743599666,108.998639448,2.00,
51,"Major Contours",Contour,-7.743581102,108.998635203,2.00,
51,"Major Contours",Contour,-7.743575514,108.998633925,2.00,
51,"Major Contours",Contour,-7.743539346,108.998643192,2.00,
51,"Major Contours",Contour,-7.743448925,108.99871926,2.00,
51,"Major Contours",Contour,-7.743358505,108.998740176,2.00,
51,"Major Contours",Contour,-7.743268084,108.998737981,2.00,
51,"Major Contours",Contour,-7.743231916,108.998726061,2.00,
51,"Major Contours",Contour,-7.743195748,108.998702986,2.00,
51,"Major Contours",Contour,-7.74315429,108.998644105,2.00,
51,"Major Contours",Contour,-7.743127717,108.998535322,2.00,
51,"Major Contours",Contour,-7.743111308,108.998499061,2.00,
51,"Major Contours",Contour,-7.742944521,108.998335886,2.00,
51,"Major Contours",Contour,-7.742868097,108.998281495,2.00,
51,"Major Contours",Contour,-7.742834066,108.998249317,2.00,
51,"Major Contours",Contour,-7.742802669,108.998190842,2.00,
51,"Major Contours",Contour,-7.742791018,108.998136451,2.00,
51,"Major Contours",Contour,-7.742792259,108.99811832,2.00,
51,"Major Contours",Contour,-7.742777782,108.99810019,2.00,
52,"Major Contours",Contour,-7.743973364,108.993294771,5.00,
52,"Major Contours",Contour,-7.744027616,108.993280243,5.00,
52,"Major Contours",Contour,-7.744081869,108.993276887,5.00,
52,"Major Contours",Contour,-7.744136121,108.99329198,5.00,
52,"Major Contours",Contour,-7.744244625,108.993358002,5.00,
52,"Major Contours",Contour,-7.744588223,108.993602404,5.00,
52,"Major Contours",Contour,-7.744642475,108.993625237,5.00,
52,"Major Contours",Contour,-7.744678644,108.993614223,5.00,
52,"Major Contours",Contour,-7.744754631,108.993549433,5.00,
52,"Major Contours",Contour,-7.744787148,108.993529857,5.00,
52,"Major Contours",Contour,-7.7448414,108.99352259,5.00,
52,"Major Contours",Contour,-7.745004157,108.993527549,5.00,
52,"Major Contours",Contour,-7.745112662,108.993486727,5.00,
52,"Major Contours",Contour,-7.74514883,108.993481406,5.00,
52,"Major Contours",Contour,-7.745184998,108.99348762,5.00,
52,"Major Contours",Contour,-7.74524155,108.993513172,5.00,
52,"Major Contours",Contour,-7.745365839,108.993609842,5.00,
52,"Major Contours",Contour,-7.745383923,108.993615981,5.00,
52,"Major Contours",Contour,-7.745420091,108.993611742,5.00,
52,"Major Contours",Contour,-7.74556658,108.993621955,5.00,
52,"Major Contours",Contour,-7.7456371,108.993668777,5.00,
52,"Major Contours",Contour,-7.745651546,108.993694477,5.00,
52,"Major Contours",Contour,-7.745642251,108.993712607,5.00,
52,"Major Contours",Contour,-7.745573733,108.993766999,5.00,
52,"Major Contours",Contour,-7.745548658,108.99382139,5.00,
52,"Major Contours",Contour,-7.745550134,108.993875782,5.00,
52,"Major Contours",Contour,-7.745596389,108.994002695,5.00,
52,"Major Contours",Contour,-7.745655185,108.994102562,5.00,
52,"Major Contours",Contour,-7.745799857,108.994196566,5.00,
52,"Major Contours",Contour,-7.745908362,108.994303299,5.00,
52,"Major Contours",Contour,-7.745917534,108.994329045,5.00,
52,"Major Contours",Contour,-7.745917534,108.994365306,5.00,
53,"Major Contours",Contour,-7.744136121,108.998571161,5.00,
53,"Major Contours",Contour,-7.744099953,108.998571161,5.00,
53,"Major Contours",Contour,-7.744063784,108.998553663,5.00,
53,"Major Contours",Contour,-7.744009532,108.998507628,5.00,
53,"Major Contours",Contour,-7.74395528,108.998449458,5.00,
53,"Major Contours",Contour,-7.743919112,108.998431148,5.00,
53,"Major Contours",Contour,-7.743864859,108.998439111,5.00,
53,"Major Contours",Contour,-7.743828691,108.99847162,5.00,
53,"Major Contours",Contour,-7.743792523,108.998521392,5.00,
53,"Major Contours",Contour,-7.743756355,108.998542053,5.00,
53,"Major Contours",Contour,-7.743720187,108.998539272,5.00,
53,"Major Contours",Contour,-7.743611682,108.998507872,5.00,
53,"Major Contours",Contour,-7.743521262,108.998493208,5.00,
53,"Major Contours",Contour,-7.743467009,108.998465265,5.00,
53,"Major Contours",Contour,-7.743322337,108.998286324,5.00,
53,"Major Contours",Contour,-7.743213832,108.998193603,5.00,
53,"Major Contours",Contour,-7.743133916,108.998136451,5.00,
53,"Major Contours",Contour,-7.74310185,108.99810019,5.00,
53,"Major Contours",Contour,-7.743088505,108.998063929,5.00,
53,"Major Contours",Contour,-7.743085608,108.998027668,5.00,
53,"Major Contours",Contour,-7.743108477,108.997719449,5.00,
53,"Major Contours",Contour,-7.74309729,108.997701319,5.00,
53,"Major Contours",Contour,-7.743092863,108.997665058,5.00,
54,"Major Contours",Contour,-7.744172289,108.994027091,11.00,
54,"Major Contours",Contour,-7.744208457,108.993980032,11.00,
54,"Major Contours",Contour,-7.744244625,108.993948674,11.00,
54,"Major Contours",Contour,-7.74426271,108.993920584,11.00,
54,"Major Contours",Contour,-7.744280794,108.993905568,11.00,
54,"Major Contours",Contour,-7.744335046,108.993888473,11.00,
54,"Major Contours",Contour,-7.744407382,108.993900529,11.00,
54,"Major Contours",Contour,-7.744497803,108.993945368,11.00,
54,"Major Contours",Contour,-7.744588223,108.994003653,11.00,
54,"Major Contours",Contour,-7.744823316,108.99416977,11.00,
54,"Major Contours",Contour,-7.745022241,108.994324941,11.00,
54,"Major Contours",Contour,-7.745079525,108.994383436,11.00,
54,"Major Contours",Contour,-7.745130746,108.994449051,11.00,
54,"Major Contours",Contour,-7.745180104,108.99452848,11.00,
54,"Major Contours",Contour,-7.745229924,108.994637263,11.00,
54,"Major Contours",Contour,-7.745347755,108.994864127,11.00,
54,"Major Contours",Contour,-7.745402007,108.994938085,11.00,
54,"Major Contours",Contour,-7.745474344,108.995014339,11.00,
54,"Major Contours",Contour,-7.745492428,108.995021889,11.00,
54,"Major Contours",Contour,-7.745496675,108.995072395,11.00,
55,"Major Contours",Contour,-7.744369484,108.997248056,11.00,
55,"Major Contours",Contour,-7.7443682,108.997193664,11.00,
55,"Major Contours",Contour,-7.744361742,108.997175534,11.00,
55,"Major Contours",Contour,-7.74426271,108.997106308,11.00,
55,"Major Contours",Contour,-7.744190373,108.997088302,11.00,
55,"Major Contours",Contour,-7.744145859,108.997066751,11.00,
55,"Major Contours",Contour,-7.744130641,108.99704862,11.00,
55,"Major Contours",Contour,-7.744119681,108.997012359,11.00,
55,"Major Contours",Contour,-7.744080738,108.996939837,11.00,
55,"Major Contours",Contour,-7.743977212,108.996831054,11.00,
55,"Major Contours",Contour,-7.743937196,108.996798852,11.00,
55,"Major Contours",Contour,-7.743810607,108.996735178,11.00,
55,"Major Contours",Contour,-7.743792523,108.996716123,11.00,
56,"Major Contours",Contour,-7.744371214,108.994833834,18.00,
56,"Major Contours",Contour,-7.744407382,108.994831131,18.00,
56,"Major Contours",Contour,-7.744438599,108.994818568,18.00,
56,"Major Contours",Contour,-7.744461635,108.994791977,18.00,
56,"Major Contours",Contour,-7.744479719,108.994738101,18.00,
56,"Major Contours",Contour,-7.744497803,108.994705994,18.00,
56,"Major Contours",Contour,-7.744515887,108.994683953,18.00,
56,"Major Contours",Contour,-7.744552055,108.994664297,18.00,
56,"Major Contours",Contour,-7.744588223,108.994663164,18.00,
56,"Major Contours",Contour,-7.744606307,108.994672926,18.00,
56,"Major Contours",Contour,-7.744643162,108.994727916,18.00,
56,"Major Contours",Contour,-7.744650513,108.994782307,18.00,
56,"Major Contours",Contour,-7.744642475,108.994909221,18.00,
56,"Major Contours",Contour,-7.744646185,108.994981743,18.00,
56,"Major Contours",Contour,-7.744642131,108.995018004,18.00,
56,"Major Contours",Contour,-7.744635899,108.995036134,18.00,
56,"Major Contours",Contour,-7.744606307,108.995065009,18.00,
56,"Major Contours",Contour,-7.744552055,108.99507337,18.00,
56,"Major Contours",Contour,-7.74444355,108.995051475,18.00,
56,"Major Contours",Contour,-7.744425466,108.995031788,18.00,
57,"Major Contours",Contour,-7.74395528,108.99320914,4.00,
57,"Major Contours",Contour,-7.743973364,108.993182477,4.00,
57,"Major Contours",Contour,-7.743991448,108.993180108,4.00,
57,"Major Contours",Contour,-7.744063784,108.993180954,4.00,
57,"Major Contours",Contour,-7.744099953,108.993196004,4.00,
57,"Major Contours",Contour,-7.744208457,108.993265027,4.00,
57,"Major Contours",Contour,-7.744570139,108.993523147,4.00,
57,"Major Contours",Contour,-7.744606307,108.99354162,4.00,
57,"Major Contours",Contour,-7.744642475,108.993544645,4.00,
57,"Major Contours",Contour,-7.744787148,108.993497739,4.00,
57,"Major Contours",Contour,-7.744986073,108.993501391,4.00,
57,"Major Contours",Contour,-7.745022241,108.993489114,4.00,
57,"Major Contours",Contour,-7.745094578,108.993440302,4.00,
57,"Major Contours",Contour,-7.74514883,108.993431386,4.00,
57,"Major Contours",Contour,-7.745203082,108.993443861,4.00,
57,"Major Contours",Contour,-7.745275419,108.993472772,4.00,
57,"Major Contours",Contour,-7.745383923,108.993553613,4.00,
57,"Major Contours",Contour,-7.745564764,108.993586624,4.00,
57,"Major Contours",Contour,-7.745655185,108.993624593,4.00,
57,"Major Contours",Contour,-7.745691741,108.993658216,4.00,
57,"Major Contours",Contour,-7.745704211,108.993694477,4.00,
57,"Major Contours",Contour,-7.745703694,108.993712607,4.00,
57,"Major Contours",Contour,-7.745696248,108.993730738,4.00,
57,"Major Contours",Contour,-7.7456371,108.993785893,4.00,
57,"Major Contours",Contour,-7.745615578,108.99382139,4.00,
57,"Major Contours",Contour,-7.745614171,108.993857651,4.00,
57,"Major Contours",Contour,-7.745643936,108.993930173,4.00,
57,"Major Contours",Contour,-7.745673269,108.993974557,4.00,
57,"Major Contours",Contour,-7.745709437,108.99400491,4.00,
57,"Major Contours",Contour,-7.74585411,108.9940701,4.00,
57,"Major Contours",Contour,-7.745915808,108.994111478,4.00,
57,"Major Contours",Contour,-7.745983847,108.994184,4.00,
57,"Major Contours",Contour,-7.745987866,108.994238392,4.00,
58,"Major Contours",Contour,-7.744118037,108.998765371,4.00,
58,"Major Contours",Contour,-7.744081869,108.998765371,4.00,
58,"Major Contours",Contour,-7.744027616,108.998732624,4.00,
58,"Major Contours",Contour,-7.743937196,108.998607311,4.00,
58,"Major Contours",Contour,-7.743901028,108.998580804,4.00,
58,"Major Contours",Contour,-7.743864859,108.998575237,4.00,
58,"Major Contours",Contour,-7.743846775,108.998582648,4.00,
58,"Major Contours",Contour,-7.743795035,108.998625974,4.00,
58,"Major Contours",Contour,-7.743774439,108.998631802,4.00,
58,"Major Contours",Contour,-7.743738271,108.998621166,4.00,
58,"Major Contours",Contour,-7.743611682,108.998547039,4.00,
58,"Major Contours",Contour,-7.743471334,108.998535322,4.00,
58,"Major Contours",Contour,-7.743427827,108.998517191,4.00,
58,"Major Contours",Contour,-7.743304253,108.998367672,4.00,
58,"Major Contours",Contour,-7.743231916,108.998312473,4.00,
58,"Major Contours",Contour,-7.743161686,108.998245234,4.00,
58,"Major Contours",Contour,-7.743051075,108.998183088,4.00,
58,"Major Contours",Contour,-7.743005097,108.998136451,4.00,
58,"Major Contours",Contour,-7.742991656,108.99810019,4.00,
58,"Major Contours",Contour,-7.742989073,108.998063929,4.00,
58,"Major Contours",Contour,-7.74300248,108.997864493,4.00,
58,"Major Contours",Contour,-7.742978739,108.997819167,4.00,
59,"Major Contours",Contour,-7.744208457,108.994150365,12.00,
59,"Major Contours",Contour,-7.744226541,108.994104453,12.00,
59,"Major Contours",Contour,-7.744272417,108.994075217,12.00,
59,"Major Contours",Contour,-7.744291034,108.994038956,12.00,
59,"Major Contours",Contour,-7.744316962,108.994012943,12.00,
59,"Major Contours",Contour,-7.74435313,108.993996806,12.00,
59,"Major Contours",Contour,-7.744407382,108.993992152,12.00,
59,"Major Contours",Contour,-7.744479719,108.994013853,12.00,
59,"Major Contours",Contour,-7.744570139,108.994061965,12.00,
59,"Major Contours",Contour,-7.744678644,108.994133504,12.00,
59,"Major Contours",Contour,-7.744818621,108.994238392,12.00,
59,"Major Contours",Contour,-7.745004157,108.994409217,12.00,
59,"Major Contours",Contour,-7.74510519,108.994546611,12.00,
59,"Major Contours",Contour,-7.745221166,108.994759454,12.00,
59,"Major Contours",Contour,-7.745319087,108.994963612,12.00,
59,"Major Contours",Contour,-7.745375216,108.995054265,12.00,
59,"Major Contours",Contour,-7.745408593,108.995126787,12.00,
59,"Major Contours",Contour,-7.745423845,108.995144917,12.00,
59,"Major Contours",Contour,-7.745427663,108.995199309,12.00,
60,"Major Contours",Contour,-7.743937196,108.996364496,12.00,
60,"Major Contours",Contour,-7.744009532,108.996374495,12.00,
60,"Major Contours",Contour,-7.7440457,108.996413297,12.00,
60,"Major Contours",Contour,-7.744208457,108.996400067,12.00,
60,"Major Contours",Contour,-7.744316962,108.996372353,12.00,
60,"Major Contours",Contour,-7.744358781,108.996377792,12.00,
60,"Major Contours",Contour,-7.744389298,108.996395356,12.00,
60,"Major Contours",Contour,-7.744409793,108.996432183,12.00,
60,"Major Contours",Contour,-7.744402595,108.996559097,12.00,
60,"Major Contours",Contour,-7.744408078,108.996577227,12.00,
60,"Major Contours",Contour,-7.744425466,108.996593415,12.00,
60,"Major Contours",Contour,-7.744497803,108.996608879,12.00,
60,"Major Contours",Contour,-7.744678644,108.996616154,12.00,
60,"Major Contours",Contour,-7.744694536,108.996631619,12.00,
60,"Major Contours",Contour,-7.744695363,108.99668601,12.00,
61,"Major Contours",Contour,-7.744335046,108.99471473,17.00,
61,"Major Contours",Contour,-7.744371214,108.99471473,17.00,
61,"Major Contours",Contour,-7.744383322,108.994691655,17.00,
61,"Major Contours",Contour,-7.744425466,108.994675082,17.00,
61,"Major Contours",Contour,-7.744461635,108.994597662,17.00,
61,"Major Contours",Contour,-7.744497803,108.994557403,17.00,
61,"Major Contours",Contour,-7.744533971,108.994530226,17.00,
61,"Major Contours",Contour,-7.744588223,108.994521666,17.00,
61,"Major Contours",Contour,-7.744624391,108.994531856,17.00,
61,"Major Contours",Contour,-7.744647552,108.994546611,17.00,
61,"Major Contours",Contour,-7.744678644,108.994576416,17.00,
61,"Major Contours",Contour,-7.744705569,108.994619133,17.00,
61,"Major Contours",Contour,-7.744748612,108.994727916,17.00,
61,"Major Contours",Contour,-7.744769508,108.994800438,17.00,
61,"Major Contours",Contour,-7.744788921,108.994945482,17.00,
61,"Major Contours",Contour,-7.744846008,108.995090526,17.00,
61,"Major Contours",Contour,-7.744859054,108.995144917,17.00,
61,"Major Contours",Contour,-7.744859485,108.995167993,17.00,
61,"Major Contours",Contour,-7.744853328,108.995199309,17.00,
61,"Major Contours",Contour,-7.744831826,108.99523557,17.00,
61,"Major Contours",Contour,-7.744805232,108.995254059,17.00,
61,"Major Contours",Contour,-7.74475098,108.995261984,17.00,
61,"Major Contours",Contour,-7.744678644,108.995242249,17.00,
61,"Major Contours",Contour,-7.744573705,108.995181178,17.00,
61,"Major Contours",Contour,-7.744497803,108.995151113,17.00,
61,"Major Contours",Contour,-7.744461635,108.995125977,17.00,
61,"Major Contours",Contour,-7.744389298,108.995111533,17.00,
62,"Major Contours",Contour,-7.743919112,108.993075312,3.00,
62,"Major Contours",Contour,-7.743991448,108.993077898,3.00,
62,"Major Contours",Contour,-7.744063784,108.993100759,3.00,
62,"Major Contours",Contour,-7.744552055,108.993443626,3.00,
62,"Major Contours",Contour,-7.744606307,108.993468759,3.00,
62,"Major Contours",Contour,-7.744696728,108.993472645,3.00,
62,"Major Contours",Contour,-7.744787148,108.993465822,3.00,
62,"Major Contours",Contour,-7.744895653,108.993477243,3.00,
62,"Major Contours",Contour,-7.744967989,108.993474908,3.00,
62,"Major Contours",Contour,-7.745004157,108.993458728,3.00,
62,"Major Contours",Contour,-7.745076494,108.993390925,3.00,
62,"Major Contours",Contour,-7.745130746,108.99337998,3.00,
62,"Major Contours",Contour,-7.745289807,108.993422519,3.00,
62,"Major Contours",Contour,-7.745329671,108.993443887,3.00,
62,"Major Contours",Contour,-7.745413963,108.993513172,3.00,
62,"Major Contours",Contour,-7.745510512,108.993547804,3.00,
62,"Major Contours",Contour,-7.745564764,108.993557301,3.00,
62,"Major Contours",Contour,-7.745673269,108.993598732,3.00,
62,"Major Contours",Contour,-7.745725224,108.993640085,3.00,
62,"Major Contours",Contour,-7.74574612,108.993676346,3.00,
62,"Major Contours",Contour,-7.745755657,108.993712607,3.00,
62,"Major Contours",Contour,-7.74574742,108.993748868,3.00,
62,"Major Contours",Contour,-7.745701484,108.99380326,3.00,
62,"Major Contours",Contour,-7.745693585,108.99382139,3.00,
62,"Major Contours",Contour,-7.745693277,108.993839521,3.00,
62,"Major Contours",Contour,-7.745702437,108.993857651,3.00,
62,"Major Contours",Contour,-7.745781773,108.99391086,3.00,
62,"Major Contours",Contour,-7.745926446,108.993962405,3.00,
62,"Major Contours",Contour,-7.745980698,108.993989137,3.00,
62,"Major Contours",Contour,-7.746053213,108.994057087,3.00,
62,"Major Contours",Contour,-7.74605809,108.994111478,3.00,
63,"Major Contours",Contour,-7.742870234,108.997961409,3.00,
63,"Major Contours",Contour,-7.742893593,108.997973276,3.00,
63,"Major Contours",Contour,-7.742890603,108.997991407,3.00,
63,"Major Contours",Contour,-7.742897361,108.998009537,3.00,
63,"Major Contours",Contour,-7.742892815,108.99811832,3.00,
63,"Major Contours",Contour,-7.742908187,108.998172712,3.00,
63,"Major Contours",Contour,-7.742955554,108.998227103,3.00,
63,"Major Contours",Contour,-7.743085379,108.998299625,3.00,
63,"Major Contours",Contour,-7.743159441,108.998372147,3.00,
63,"Major Contours",Contour,-7.74320366,108.998444669,3.00,
63,"Major Contours",Contour,-7.743220331,108.99848093,3.00,
63,"Major Contours",Contour,-7.743248149,108.998571583,3.00,
63,"Major Contours",Contour,-7.743268084,108.998594823,3.00,
63,"Major Contours",Contour,-7.743322337,108.998618617,3.00,
63,"Major Contours",Contour,-7.743394673,108.998628392,3.00,
63,"Major Contours",Contour,-7.743448925,108.998620973,3.00,
63,"Major Contours",Contour,-7.743539346,108.998584817,3.00,
63,"Major Contours",Contour,-7.743611682,108.998589184,3.00,
63,"Major Contours",Contour,-7.74364785,108.998612744,3.00,
63,"Major Contours",Contour,-7.743756355,108.998712607,3.00,
63,"Major Contours",Contour,-7.743810607,108.998730281,3.00,
63,"Major Contours",Contour,-7.743864859,108.99872135,3.00,
63,"Major Contours",Contour,-7.743886212,108.998734757,3.00,
63,"Major Contours",Contour,-7.743919112,108.998768374,3.00,
63,"Major Contours",Contour,-7.744006326,108.998916062,3.00,
63,"Major Contours",Contour,-7.744063784,108.998956474,3.00,
63,"Major Contours",Contour,-7.744099953,108.998956474,3.00,
64,"Major Contours",Contour,-7.74426271,108.995495787,14.00,
64,"Major Contours",Contour,-7.744407382,108.995525887,14.00,
64,"Major Contours",Contour,-7.744549902,108.995580049,14.00,
64,"Major Contours",Contour,-7.744579784,108.99559818,14.00,
64,"Major Contours",Contour,-7.744606307,108.99563149,14.00,
64,"Major Contours",Contour,-7.744621623,108.995688832,14.00,
64,"Major Contours",Contour,-7.744637954,108.995725093,14.00,
64,"Major Contours",Contour,-7.744696957,108.995815746,14.00,
64,"Major Contours",Contour,-7.7448414,108.995921156,14.00,
64,"Major Contours",Contour,-7.744855794,108.99594266,14.00,
64,"Major Contours",Contour,-7.744874439,108.995997051,14.00,
64,"Major Contours",Contour,-7.744889625,108.996015182,14.00,
64,"Major Contours",Contour,-7.744913737,108.996033715,14.00,
64,"Major Contours",Contour,-7.744931821,108.996037341,14.00,
64,"Major Contours",Contour,-7.744949905,108.996028598,14.00,
64,"Major Contours",Contour,-7.744967989,108.996030016,14.00,
64,"Major Contours",Contour,-7.744972445,108.996051443,14.00,
64,"Major Contours",Contour,-7.745004157,108.996062705,14.00,
65,"Major Contours",Contour,-7.74426271,108.994360659,14.00,
65,"Major Contours",Contour,-7.744302638,108.994347175,14.00,
65,"Major Contours",Contour,-7.744335046,108.994310316,14.00,
65,"Major Contours",Contour,-7.744363047,108.994256523,14.00,
65,"Major Contours",Contour,-7.744389298,108.994229259,14.00,
65,"Major Contours",Contour,-7.744425466,108.994208855,14.00,
65,"Major Contours",Contour,-7.744479719,108.994198298,14.00,
65,"Major Contours",Contour,-7.744533971,108.99420614,14.00,
65,"Major Contours",Contour,-7.744624391,108.994242826,14.00,
65,"Major Contours",Contour,-7.744696728,108.994287022,14.00,
65,"Major Contours",Contour,-7.74475098,108.994333687,14.00,
65,"Major Contours",Contour,-7.744913645,108.99451035,14.00,
65,"Major Contours",Contour,-7.744972986,108.994601002,14.00,
65,"Major Contours",Contour,-7.745031642,108.994727916,14.00,
65,"Major Contours",Contour,-7.74507357,108.994836699,14.00,
65,"Major Contours",Contour,-7.745152929,108.995018004,14.00,
65,"Major Contours",Contour,-7.745239137,108.995163048,14.00,
65,"Major Contours",Contour,-7.745278393,108.995344353,14.00,
65,"Major Contours",Contour,-7.745300185,108.995380614,14.00,
65,"Major Contours",Contour,-7.745300185,108.995416875,14.00,
66,"Major Contours",Contour,-7.744280794,108.994499875,15.00,
66,"Major Contours",Contour,-7.744298878,108.994499875,15.00,
66,"Major Contours",Contour,-7.744307622,108.994492219,15.00,
66,"Major Contours",Contour,-7.744335046,108.994453839,15.00,
66,"Major Contours",Contour,-7.744371214,108.994415993,15.00,
66,"Major Contours",Contour,-7.744399478,108.994365306,15.00,
66,"Major Contours",Contour,-7.744425466,108.994338249,15.00,
66,"Major Contours",Contour,-7.744461635,108.994315385,15.00,
66,"Major Contours",Contour,-7.744497803,108.994304391,15.00,
66,"Major Contours",Contour,-7.744552055,108.994303933,15.00,
66,"Major Contours",Contour,-7.744624391,108.994326303,15.00,
66,"Major Contours",Contour,-7.744686208,108.994365306,15.00,
66,"Major Contours",Contour,-7.74475098,108.99442917,15.00,
66,"Major Contours",Contour,-7.744861546,108.994564741,15.00,
66,"Major Contours",Contour,-7.744895833,108.994619133,15.00,
66,"Major Contours",Contour,-7.744930855,108.994691655,15.00,
66,"Major Contours",Contour,-7.744948841,108.994746046,15.00,
66,"Major Contours",Contour,-7.744986189,108.994909221,15.00,
66,"Major Contours",Contour,-7.745085592,108.995144917,15.00,
66,"Major Contours",Contour,-7.745106097,108.995217439,15.00,
66,"Major Contours",Contour,-7.745122245,108.995308092,15.00,
66,"Major Contours",Contour,-7.74515144,108.995398744,15.00,
66,"Major Contours",Contour,-7.745169313,108.995471266,15.00,
66,"Major Contours",Contour,-7.745168627,108.995507527,15.00,
66,"Major Contours",Contour,-7.745162713,108.995543788,15.00,
66,"Major Contours",Contour,-7.745140856,108.99561631,15.00,
66,"Major Contours",Contour,-7.745139157,108.995634441,15.00,
66,"Major Contours",Contour,-7.745130746,108.995639341,15.00,
66,"Major Contours",Contour,-7.745118259,108.995670702,15.00,
66,"Major Contours",Contour,-7.745094578,108.995701499,15.00,
66,"Major Contours",Contour,-7.745047073,108.995743224,15.00,
66,"Major Contours",Contour,-7.745022241,108.995756174,15.00,
66,"Major Contours",Contour,-7.744986073,108.995762002,15.00,
66,"Major Contours",Contour,-7.744949905,108.995755982,15.00,
66,"Major Contours",Contour,-7.744877569,108.995733694,15.00,
66,"Major Contours",Contour,-7.7448414,108.995714401,15.00,
66,"Major Contours",Contour,-7.744811449,108.995688832,15.00,
66,"Major Contours",Contour,-7.744775338,108.995634441,15.00,
66,"Major Contours",Contour,-7.74474013,108.995543788,15.00,
66,"Major Contours",Contour,-7.744712718,108.995507527,15.00,
66,"Major Contours",Contour,-7.744678644,108.995484864,15.00,
66,"Major Contours",Contour,-7.744545273,108.995435005,15.00,
66,"Major Contours",Contour,-7.744407382,108.995329076,15.00,
66,"Major Contours",Contour,-7.74435313,108.995305747,15.00,
66,"Major Contours",Contour,-7.744335046,108.995286429,15.00,
67,"Major Contours",Contour,-7.744895653,108.993619681,8.00,
67,"Major Contours",Contour,-7.744931821,108.993625285,8.00,
67,"Major Contours",Contour,-7.744960879,108.993640085,8.00,
67,"Major Contours",Contour,-7.744977806,108.993658216,8.00,
67,"Major Contours",Contour,-7.744974718,108.993676346,8.00,
67,"Major Contours",Contour,-7.744949905,108.993692496,8.00,
67,"Major Contours",Contour,-7.744913737,108.993700854,8.00,
67,"Major Contours",Contour,-7.744877569,108.99370299,8.00,
67,"Major Contours",Contour,-7.74486231,108.993694477,8.00,
67,"Major Contours",Contour,-7.744849089,108.993658216,8.00,
67,"Major Contours",Contour,-7.744856349,108.993640085,8.00,
67,"Major Contours",Contour,-7.744877569,108.993624088,8.00,
67,"Major Contours",Contour,-7.744895653,108.993619681,8.00,
68,"Major Contours",Contour,-7.744081869,108.993678251,8.00,
68,"Major Contours",Contour,-7.744092483,108.993640085,8.00,
68,"Major Contours",Contour,-7.744099953,108.993632514,8.00,
68,"Major Contours",Contour,-7.744136121,108.993616179,8.00,
68,"Major Contours",Contour,-7.744172289,108.993587342,8.00,
68,"Major Contours",Contour,-7.744208457,108.993579515,8.00,
68,"Major Contours",Contour,-7.744244625,108.993585084,8.00,
68,"Major Contours",Contour,-7.74435313,108.993639086,8.00,
68,"Major Contours",Contour,-7.74466056,108.993849038,8.00,
68,"Major Contours",Contour,-7.74475098,108.993883093,8.00,
68,"Major Contours",Contour,-7.7448414,108.993905644,8.00,
68,"Major Contours",Contour,-7.744913737,108.993939726,8.00,
68,"Major Contours",Contour,-7.745023434,108.994038956,8.00,
68,"Major Contours",Contour,-7.745165863,108.994129609,8.00,
68,"Major Contours",Contour,-7.745221166,108.994179211,8.00,
68,"Major Contours",Contour,-7.745383923,108.994375802,8.00,
68,"Major Contours",Contour,-7.745474344,108.994447989,8.00,
68,"Major Contours",Contour,-7.745582848,108.994575217,8.00,
68,"Major Contours",Contour,-7.745691353,108.994660159,8.00,
68,"Major Contours",Contour,-7.745701803,108.994673524,8.00,
68,"Major Contours",Contour,-7.74570418,108.994727916,8.00,
69,"Major Contours",Contour,-7.744208457,108.997945367,8.00,
69,"Major Contours",Contour,-7.744099953,108.99795729,8.00,
69,"Major Contours",Contour,-7.743973364,108.997992231,8.00,
69,"Major Contours",Contour,-7.743828691,108.998074263,8.00,
69,"Major Contours",Contour,-7.743792523,108.99810087,8.00,
69,"Major Contours",Contour,-7.743762448,108.998136451,8.00,
69,"Major Contours",Contour,-7.743738271,108.998177593,8.00,
69,"Major Contours",Contour,-7.743686656,108.998299625,8.00,
69,"Major Contours",Contour,-7.743674583,108.998317756,8.00,
69,"Major Contours",Contour,-7.74364785,108.998332343,8.00,
69,"Major Contours",Contour,-7.743615474,108.998317756,8.00,
69,"Major Contours",Contour,-7.743587022,108.998281495,8.00,
69,"Major Contours",Contour,-7.74356369,108.998190842,8.00,
69,"Major Contours",Contour,-7.743572388,108.998136451,8.00,
69,"Major Contours",Contour,-7.743572464,108.99810019,8.00,
69,"Major Contours",Contour,-7.743570132,108.998045798,8.00,
69,"Major Contours",Contour,-7.743555661,108.997973276,8.00,
69,"Major Contours",Contour,-7.743552861,108.997937015,8.00,
69,"Major Contours",Contour,-7.743564664,108.997828232,8.00,
69,"Major Contours",Contour,-7.743562282,108.99775571,8.00,
69,"Major Contours",Contour,-7.743539346,108.997711322,8.00,
69,"Major Contours",Contour,-7.743467009,108.997645279,8.00,
69,"Major Contours",Contour,-7.743430638,108.997574405,8.00,
69,"Major Contours",Contour,-7.743418544,108.997520014,8.00,
69,"Major Contours",Contour,-7.74341523,108.997483752,8.00,
69,"Major Contours",Contour,-7.743415192,108.99741123,8.00,
69,"Major Contours",Contour,-7.743424696,108.997320578,8.00,
69,"Major Contours",Contour,-7.743423538,108.997302447,8.00,
69,"Major Contours",Contour,-7.743412034,108.997284317,8.00,
69,"Major Contours",Contour,-7.743417364,108.997266186,8.00,
69,"Major Contours",Contour,-7.743415485,108.997248056,8.00,
70,"Major Contours",Contour,-7.744136121,108.99388835,10.00,
70,"Major Contours",Contour,-7.744154205,108.99387042,10.00,
70,"Major Contours",Contour,-7.744190608,108.993857651,10.00,
70,"Major Contours",Contour,-7.744208457,108.993843298,10.00,
70,"Major Contours",Contour,-7.744226541,108.993813873,10.00,
70,"Major Contours",Contour,-7.74426271,108.99379078,10.00,
70,"Major Contours",Contour,-7.744316962,108.993786016,10.00,
70,"Major Contours",Contour,-7.744371214,108.993802035,10.00,
70,"Major Contours",Contour,-7.744515887,108.99388574,10.00,
70,"Major Contours",Contour,-7.745076732,108.994274653,10.00,
70,"Major Contours",Contour,-7.745130746,108.994323627,10.00,
70,"Major Contours",Contour,-7.745202059,108.994419697,10.00,
70,"Major Contours",Contour,-7.745232126,108.994474089,10.00,
70,"Major Contours",Contour,-7.745305641,108.994637263,10.00,
70,"Major Contours",Contour,-7.745383923,108.994765385,10.00,
70,"Major Contours",Contour,-7.745438175,108.994824364,10.00,
70,"Major Contours",Contour,-7.745564764,108.994905507,10.00,
70,"Major Contours",Contour,-7.745565854,108.994945482,10.00,
71,"Major Contours",Contour,-7.74426271,108.997499174,10.00,
71,"Major Contours",Contour,-7.744118037,108.997507299,10.00,
71,"Major Contours",Contour,-7.7440457,108.997491199,10.00,
71,"Major Contours",Contour,-7.744009532,108.997471502,10.00,
71,"Major Contours",Contour,-7.74395528,108.997417274,10.00,
71,"Major Contours",Contour,-7.743886791,108.997320578,10.00,
71,"Major Contours",Contour,-7.743781974,108.997229925,10.00,
71,"Major Contours",Contour,-7.743741389,108.997175534,10.00,
71,"Major Contours",Contour,-7.743702103,108.997142426,10.00,
71,"Major Contours",Contour,-7.743679497,108.997084881,10.00,
71,"Major Contours",Contour,-7.743670981,108.99703049,10.00,
71,"Major Contours",Contour,-7.743671264,108.996994229,10.00,
71,"Major Contours",Contour,-7.743629766,108.996958366,10.00,
72,"Major Contours",Contour,-7.745839206,108.993615995,1.00,
72,"Major Contours",Contour,-7.745872194,108.993658561,1.00,
72,"Major Contours",Contour,-7.745926446,108.99369661,1.00,
72,"Major Contours",Contour,-7.746143455,108.993777515,1.00,
72,"Major Contours",Contour,-7.746150825,108.993783458,1.00,
73,"Major Contours",Contour,-7.744846109,108.993391359,1.00,
73,"Major Contours",Contour,-7.744895653,108.993404001,1.00,
73,"Major Contours",Contour,-7.744936024,108.993386258,1.00,
73,"Major Contours",Contour,-7.744977331,108.993313736,1.00,
73,"Major Contours",Contour,-7.745004157,108.993286472,1.00,
73,"Major Contours",Contour,-7.745040325,108.993267791,1.00,
73,"Major Contours",Contour,-7.745094578,108.993255906,1.00,
73,"Major Contours",Contour,-7.74514883,108.993263294,1.00,
73,"Major Contours",Contour,-7.745365839,108.993320574,1.00,
73,"Major Contours",Contour,-7.745420091,108.993354354,1.00,
73,"Major Contours",Contour,-7.745489539,108.993435855,1.00,
74,"Major Contours",Contour,-7.743864859,108.992874233,1.00,
74,"Major Contours",Contour,-7.743901028,108.99287101,1.00,
74,"Major Contours",Contour,-7.743991448,108.99289172,1.00,
74,"Major Contours",Contour,-7.744533971,108.993277582,1.00,
74,"Major Contours",Contour,-7.744606307,108.993320226,1.00,
74,"Major Contours",Contour,-7.744610139,108.993321694,1.00,
75,"Major Contours",Contour,-7.7440457,108.999356477,1.00,
75,"Major Contours",Contour,-7.744020858,108.999351195,1.00,
75,"Major Contours",Contour,-7.744009532,108.999316032,1.00,
75,"Major Contours",Contour,-7.74395528,108.999267794,1.00,
75,"Major Contours",Contour,-7.743814887,108.998988584,1.00,
75,"Major Contours",Contour,-7.743774439,108.998936122,1.00,
75,"Major Contours",Contour,-7.743711351,108.998869018,1.00,
76,"Major Contours",Contour,-7.743601219,108.998732442,1.00,
76,"Major Contours",Contour,-7.743593598,108.998730511,1.00,
76,"Major Contours",Contour,-7.743575514,108.998736512,1.00,
76,"Major Contours",Contour,-7.743521262,108.998786626,1.00,
76,"Major Contours",Contour,-7.743467009,108.998819058,1.00,
76,"Major Contours",Contour,-7.743340421,108.998851464,1.00,
76,"Major Contours",Contour,-7.743231916,108.998865806,1.00,
76,"Major Contours",Contour,-7.74315958,108.998846315,1.00,
76,"Major Contours",Contour,-7.743111698,108.998807279,1.00,
76,"Major Contours",Contour,-7.743071504,108.998752888,1.00,
76,"Major Contours",Contour,-7.743016535,108.998625974,1.00,
76,"Major Contours",Contour,-7.74299459,108.998589713,1.00,
76,"Major Contours",Contour,-7.742855067,108.998426539,1.00,
76,"Major Contours",Contour,-7.742743646,108.998315196,1.00,
76,"Major Contours",Contour,-7.742736058,108.998304662,1.00,
77,"Major Contours",Contour,-7.745181985,108.993857651,7.00,
77,"Major Contours",Contour,-7.745184998,108.993854026,7.00,
77,"Major Contours",Contour,-7.745203082,108.99386974,7.00,
77,"Major Contours",Contour,-7.745203082,108.993906001,7.00,
77,"Major Contours",Contour,-7.745184998,108.99391446,7.00,
77,"Major Contours",Contour,-7.745170933,108.993893912,7.00,
77,"Major Contours",Contour,-7.745172081,108.993875782,7.00,
77,"Major Contours",Contour,-7.745181985,108.993857651,7.00,
78,"Major Contours",Contour,-7.7440457,108.993555171,7.00,
78,"Major Contours",Contour,-7.744081869,108.993513935,7.00,
78,"Major Contours",Contour,-7.744118037,108.993498729,7.00,
78,"Major Contours",Contour,-7.744136121,108.993483403,7.00,
78,"Major Contours",Contour,-7.744172289,108.993477802,7.00,
78,"Major Contours",Contour,-7.744208457,108.993486489,7.00,
78,"Major Contours",Contour,-7.744335046,108.993556866,7.00,
78,"Major Contours",Contour,-7.744624391,108.993760499,7.00,
78,"Major Contours",Contour,-7.744678644,108.993783911,7.00,
78,"Major Contours",Contour,-7.744714812,108.993780968,7.00,
78,"Major Contours",Contour,-7.74475098,108.993763519,7.00,
78,"Major Contours",Contour,-7.744768042,108.993730738,7.00,
78,"Major Contours",Contour,-7.744797184,108.993621955,7.00,
78,"Major Contours",Contour,-7.7448092,108.993603824,7.00,
78,"Major Contours",Contour,-7.7448414,108.993583076,7.00,
78,"Major Contours",Contour,-7.744877569,108.993575916,7.00,
78,"Major Contours",Contour,-7.744931821,108.993579456,7.00,
78,"Major Contours",Contour,-7.745094578,108.993616103,7.00,
78,"Major Contours",Contour,-7.745130746,108.99363007,7.00,
78,"Major Contours",Contour,-7.74515734,108.993658216,7.00,
78,"Major Contours",Contour,-7.745162226,108.993712607,7.00,
78,"Major Contours",Contour,-7.745184998,108.993757539,7.00,
78,"Major Contours",Contour,-7.745221166,108.993797217,7.00,
78,"Major Contours",Contour,-7.745293503,108.993837967,7.00,
78,"Major Contours",Contour,-7.745347755,108.993899012,7.00,
78,"Major Contours",Contour,-7.745372699,108.993966434,7.00,
78,"Major Contours",Contour,-7.745390277,108.994111478,7.00,
78,"Major Contours",Contour,-7.745416422,108.99416587,7.00,
78,"Major Contours",Contour,-7.745474344,108.994224991,7.00,
78,"Major Contours",Contour,-7.7456371,108.994428968,7.00,
78,"Major Contours",Contour,-7.745764091,108.994546611,7.00,
78,"Major Contours",Contour,-7.745777754,108.994564741,7.00,
78,"Major Contours",Contour,-7.745777754,108.994619133,7.00,
79,"Major Contours",Contour,-7.744190373,108.998153963,7.00,
79,"Major Contours",Contour,-7.744118037,108.998161667,7.00,
79,"Major Contours",Contour,-7.744009532,108.998139777,7.00,
79,"Major Contours",Contour,-7.743937196,108.998140741,7.00,
79,"Major Contours",Contour,-7.743882944,108.998170336,7.00,
79,"Major Contours",Contour,-7.743846775,108.998205887,7.00,
79,"Major Contours",Contour,-7.743804039,108.998263364,7.00,
79,"Major Contours",Contour,-7.743738271,108.998370276,7.00,
79,"Major Contours",Contour,-7.743700282,108.998408408,7.00,
79,"Major Contours",Contour,-7.743665934,108.998423339,7.00,
79,"Major Contours",Contour,-7.743629766,108.998422788,7.00,
79,"Major Contours",Contour,-7.743575514,108.998408595,7.00,
79,"Major Contours",Contour,-7.743539346,108.998383946,7.00,
79,"Major Contours",Contour,-7.743503178,108.998341594,7.00,
79,"Major Contours",Contour,-7.743466796,108.998281495,7.00,
79,"Major Contours",Contour,-7.743400822,108.998082059,7.00,
79,"Major Contours",Contour,-7.743379172,108.998045798,7.00,
79,"Major Contours",Contour,-7.743322337,108.997974032,7.00,
79,"Major Contours",Contour,-7.743307759,108.997937015,7.00,
79,"Major Contours",Contour,-7.743300218,108.997846363,7.00,
79,"Major Contours",Contour,-7.743300245,108.997665058,7.00,
79,"Major Contours",Contour,-7.74330824,108.997538144,7.00,
79,"Major Contours",Contour,-7.743322508,108.997429361,7.00,
79,"Major Contours",Contour,-7.743309764,108.99741123,7.00,
79,"Major Contours",Contour,-7.743307486,108.9973931,7.00,
80,"Major Contours",Contour,-7.744226541,108.994237272,13.00,
80,"Major Contours",Contour,-7.744244625,108.994230334,13.00,
80,"Major Contours",Contour,-7.744251859,108.994220261,13.00,
80,"Major Contours",Contour,-7.744298878,108.994203291,13.00,
80,"Major Contours",Contour,-7.744326846,108.994147739,13.00,
80,"Major Contours",Contour,-7.74435313,108.99412081,13.00,
80,"Major Contours",Contour,-7.744389298,108.994102649,13.00,
80,"Major Contours",Contour,-7.74444355,108.994094884,13.00,
80,"Major Contours",Contour,-7.744497803,108.994105785,13.00,
80,"Major Contours",Contour,-7.744588223,108.994146757,13.00,
80,"Major Contours",Contour,-7.744706256,108.994220261,13.00,
80,"Major Contours",Contour,-7.744787148,108.994288074,13.00,
80,"Major Contours",Contour,-7.744955699,108.994455958,13.00,
80,"Major Contours",Contour,-7.744997264,108.99451035,13.00,
80,"Major Contours",Contour,-7.745054326,108.994601002,13.00,
80,"Major Contours",Contour,-7.74514883,108.994780494,13.00,
80,"Major Contours",Contour,-7.745329671,108.99515335,13.00,
80,"Major Contours",Contour,-7.745364357,108.9952537,13.00,
80,"Major Contours",Contour,-7.745365119,108.995326222,13.00,
81,"Major Contours",Contour,-7.744136121,108.995837503,13.00,
81,"Major Contours",Contour,-7.744172289,108.995834288,13.00,
81,"Major Contours",Contour,-7.744208457,108.995808244,13.00,
81,"Major Contours",Contour,-7.744298878,108.99576783,13.00,
81,"Major Contours",Contour,-7.74435313,108.995775301,13.00,
81,"Major Contours",Contour,-7.744389298,108.995796505,13.00,
81,"Major Contours",Contour,-7.744425466,108.995824256,13.00,
81,"Major Contours",Contour,-7.744479719,108.995891968,13.00,
81,"Major Contours",Contour,-7.744576538,108.99596079,13.00,
81,"Major Contours",Contour,-7.744589353,108.995978921,13.00,
81,"Major Contours",Contour,-7.744635931,108.996087704,13.00,
81,"Major Contours",Contour,-7.744678644,108.996147761,13.00,
81,"Major Contours",Contour,-7.744820923,108.996269009,13.00,
81,"Major Contours",Contour,-7.744854963,108.996287139,13.00,
81,"Major Contours",Contour,-7.744858517,108.996359661,13.00,
82,"Major Contours",Contour,-7.744316962,108.994623274,16.00,
82,"Major Contours",Contour,-7.744339765,108.994619133,16.00,
82,"Major Contours",Contour,-7.74435313,108.994581864,16.00,
82,"Major Contours",Contour,-7.744365186,108.994564741,16.00,
82,"Major Contours",Contour,-7.744398484,108.994546611,16.00,
82,"Major Contours",Contour,-7.744413257,108.99451035,16.00,
82,"Major Contours",Contour,-7.744436366,108.994474089,16.00,
82,"Major Contours",Contour,-7.744461635,108.994447666,16.00,
82,"Major Contours",Contour,-7.744497803,108.99442236,16.00,
82,"Major Contours",Contour,-7.744533971,108.994409385,16.00,
82,"Major Contours",Contour,-7.744588223,108.994409233,16.00,
82,"Major Contours",Contour,-7.744624391,108.994422494,16.00,
82,"Major Contours",Contour,-7.744678644,108.994459873,16.00,
82,"Major Contours",Contour,-7.744769342,108.994564741,16.00,
82,"Major Contours",Contour,-7.744803157,108.994619133,16.00,
82,"Major Contours",Contour,-7.744839702,108.994691655,16.00,
82,"Major Contours",Contour,-7.744859098,108.994746046,16.00,
82,"Major Contours",Contour,-7.744872593,108.994800438,16.00,
82,"Major Contours",Contour,-7.744885408,108.994909221,16.00,
82,"Major Contours",Contour,-7.744896514,108.994963612,16.00,
82,"Major Contours",Contour,-7.744979371,108.995144917,16.00,
82,"Major Contours",Contour,-7.744989604,108.995181178,16.00,
82,"Major Contours",Contour,-7.744998247,108.99523557,16.00,
82,"Major Contours",Contour,-7.744999445,108.995271831,16.00,
82,"Major Contours",Contour,-7.744994268,108.995308092,16.00,
82,"Major Contours",Contour,-7.744967989,108.995380932,16.00,
82,"Major Contours",Contour,-7.744931821,108.995418523,16.00,
82,"Major Contours",Contour,-7.744877569,108.995438472,16.00,
82,"Major Contours",Contour,-7.7448414,108.995431818,16.00,
82,"Major Contours",Contour,-7.744787148,108.995405697,16.00,
82,"Major Contours",Contour,-7.744642475,108.995361626,16.00,
82,"Major Contours",Contour,-7.744584183,108.995326222,16.00,
82,"Major Contours",Contour,-7.74444355,108.995217093,16.00,
82,"Major Contours",Contour,-7.744389298,108.995197518,16.00,
82,"Major Contours",Contour,-7.744371214,108.995177867,16.00,
83,"Shorelines",PolyLine,-7.742781316,109.000180149,,
83,"Shorelines",PolyLine,-7.742736058,108.999563538,,
84,"Shorelines",PolyLine,-7.742755445,108.99840541,,
84,"Shorelines",PolyLine,-7.743182334,108.999028828,,
84,"Shorelines",PolyLine,-7.743282778,108.999226497,,
84,"Shorelines",PolyLine,-7.743508941,108.9991467,,
84,"Shorelines",PolyLine,-7.743530512,108.999136496,,
84,"Shorelines",PolyLine,-7.743640385,108.999037176,,
84,"Shorelines",PolyLine,-7.743548712,108.998839216,,
84,"Shorelines",PolyLine,-7.743635667,108.99879908,,
84,"Shorelines",PolyLine,-7.743568807,108.998669742,,
84,"Shorelines",PolyLine,-7.743568807,108.998654861,,
84,"Shorelines",PolyLine,-7.743569861,108.998652736,,
84,"Shorelines",PolyLine,-7.743581446,108.998634666,,
84,"Shorelines",PolyLine,-7.743599351,108.998638918,,
84,"Shorelines",PolyLine,-7.74361515,108.998665491,,
84,"Shorelines",PolyLine,-7.743932173,108.999336199,,
84,"Shorelines",PolyLine,-7.743915322,108.999350017,,
84,"Shorelines",PolyLine,-7.74397009,108.999471191,,
84,"Shorelines",PolyLine,-7.743993261,108.999453121,,
84,"Shorelines",PolyLine,-7.74400906,108.999483946,,
84,"Shorelines",PolyLine,-7.743967984,108.999496701,,
84,"Shorelines",PolyLine,-7.743904789,108.99935108,,
84,"Shorelines",PolyLine,-7.743808945,108.999399975,,
84,"Shorelines",PolyLine,-7.74371626,108.999201207,,
84,"Shorelines",PolyLine,-7.743641481,108.999211836,,
84,"Shorelines",PolyLine,-7.743550902,108.999222465,,
84,"Shorelines",PolyLine,-7.743341308,108.999318129,,
84,"Shorelines",PolyLine,-7.743654265,109.000180149,,
85,"Shorelines",PolyLine,-7.746150825,108.993694032,,
85,"Shorelines",PolyLine,-7.746090974,108.993661817,,
85,"Shorelines",PolyLine,-7.746023476,108.99365533,,
85,"Shorelines",PolyLine,-7.745894908,108.993629379,,
85,"Shorelines",PolyLine,-7.745759911,108.993596941,,
85,"Shorelines",PolyLine,-7.745653843,108.993567747,,
85,"Shorelines",PolyLine,-7.74558313,108.99351909,,
85,"Shorelines",PolyLine,-7.745512418,108.993486652,,
85,"Shorelines",PolyLine,-7.745480276,108.993415289,,
85,"Shorelines",PolyLine,-7.745464205,108.993327706,,
85,"Shorelines",PolyLine,-7.745467419,108.993230393,,
85,"Shorelines",PolyLine,-7.745441705,108.993139566,,
85,"Shorelines",PolyLine,-7.745412777,108.993084422,,
85,"Shorelines",PolyLine,-7.74538385,108.993051984,,
85,"Shorelines",PolyLine,-7.745287424,108.99299684,,
85,"Shorelines",PolyLine,-7.745203854,108.99297089,,
85,"Shorelines",PolyLine,-7.745136356,108.993000084,,
85,"Shorelines",PolyLine,-7.745097786,108.993045497,,
85,"Shorelines",PolyLine,-7.745072072,108.993107129,,
85,"Shorelines",PolyLine,-7.745036716,108.993181736,,
85,"Shorelines",PolyLine,-7.745014217,108.993227149,,
85,"Shorelines",PolyLine,-7.744978861,108.993266074,,
85,"Shorelines",PolyLine,-7.74494029,108.993288781,,
85,"Shorelines",PolyLine,-7.744894751,108.993297007,,
85,"Shorelines",PolyLine,-7.744843735,108.993272095,,
85,"Shorelines",PolyLine,-7.744809176,108.993358457,,
85,"Shorelines",PolyLine,-7.744855255,108.993371744,,
85,"Shorelines",PolyLine,-7.74484209,108.993399978,,
85,"Shorelines",PolyLine,-7.744935893,108.993441498,,
85,"Shorelines",PolyLine,-7.744926019,108.99346475,,
85,"Shorelines",PolyLine,-7.74461005,108.993321919,,
85,"Shorelines",PolyLine,-7.744616633,108.993305311,,
85,"Shorelines",PolyLine,-7.744746641,108.993360118,,
85,"Shorelines",PolyLine,-7.744789428,108.993253826,,
85,"Shorelines",PolyLine,-7.744759806,108.993194036,,
85,"Shorelines",PolyLine,-7.744769449,108.993132405,,
85,"Shorelines",PolyLine,-7.744804805,108.99305131,,
85,"Shorelines",PolyLine,-7.744849804,108.992970215,,
85,"Shorelines",PolyLine,-7.744856232,108.99290534,,
85,"Shorelines",PolyLine,-7.744856232,108.992843708,,
85,"Shorelines",PolyLine,-7.744836947,108.992769101,,
85,"Shorelines",PolyLine,-7.744836947,108.992765857,,
85,"Shorelines",PolyLine,-7.744804805,108.992723688,,
85,"Shorelines",PolyLine,-7.744775877,108.992678275,,
85,"Shorelines",PolyLine,-7.744705165,108.992626374,,
85,"Shorelines",PolyLine,-7.744653738,108.992606911,,
85,"Shorelines",PolyLine,-7.744595882,108.992600424,,
85,"Shorelines",PolyLine,-7.744541241,108.992613399,,
85,"Shorelines",PolyLine,-7.744483385,108.992655568,,
85,"Shorelines",PolyLine,-7.744428744,108.992704225,,
85,"Shorelines",PolyLine,-7.744374103,108.992752882,,
85,"Shorelines",PolyLine,-7.744332318,108.992808026,,
85,"Shorelines",PolyLine,-7.744284105,108.99287939,,
85,"Shorelines",PolyLine,-7.744229463,108.992827489,,
85,"Shorelines",PolyLine,-7.744271248,108.992782076,,
85,"Shorelines",PolyLine,-7.744158751,108.992694494,,
85,"Shorelines",PolyLine,-7.744088039,108.99269125,,
85,"Shorelines",PolyLine,-7.743969113,108.992756127,,
85,"Shorelines",PolyLine,-7.743901615,108.992778833,,
85,"Shorelines",PolyLine,-7.743840545,108.992778833,,
85,"Shorelines",PolyLine,-7.743798761,108.992717201,,
85,"Shorelines",PolyLine,-7.74376019,108.992610157,,
85,"Shorelines",PolyLine,-7.74372162,108.992486893,,
85,"Shorelines",PolyLine,-7.743676621,108.992412286,,
85,"Shorelines",PolyLine,-7.74362198,108.992357142,,
85,"Shorelines",PolyLine,-7.743541625,108.99232146,,
85,"Shorelines",PolyLine,-7.743413057,108.992318217,,
85,"Shorelines",PolyLine,-7.743155921,108.992318217,,
85,"Shorelines",PolyLine,-7.743030567,108.992311729,,
85,"Shorelines",PolyLine,-7.742964533,108.99227235,,
86,"Shorelines",PolyLine,-7.743444129,108.99227235,,
86,"Shorelines",PolyLine,-7.745242425,108.992305911,,
86,"Shorelines",PolyLine,-7.746150825,108.992281864,,
87,"HardnessPSV",Isobath_shell,-7.745653579,108.993653678,156.15,169.15
87,"HardnessPSV",Isobath_shell,-7.745650663,108.993644613,156.15,169.15
87,"HardnessPSV",Isobath_shell,-7.745641621,108.993644613,156.15,169.15
87,"HardnessPSV",Isobath_shell,-7.745641621,108.993635547,156.15,169.15
87,"HardnessPSV",Isobath_shell,-7.745605453,108.993635547,156.15,169.15
87,"HardnessPSV",Isobath_shell,-7.745605453,108.993626482,156.15,169.15
87,"HardnessPSV",Isobath_shell,-7.745578327,108.993626482,156.15,169.15
87,"HardnessPSV",Isobath_shell,-7.745578327,108.993617417,156.15,169.15
87,"HardnessPSV",Isobath_shell,-7.745542159,108.993617417,156.15,169.15
87,"HardnessPSV",Isobath_shell,-7.745542159,108.993608352,156.15,169.15
87,"HardnessPSV",Isobath_shell,-7.745533117,108.993617417,156.15,169.15
87,"HardnessPSV",Isobath_shell,-7.745542159,108.993625884,156.15,169.15
87,"HardnessPSV",Isobath_shell,-7.745542159,108.993626482,156.15,169.15
87,"HardnessPSV",Isobath_shell,-7.74554921,108.993635547,156.15,169.15
87,"HardnessPSV",Isobath_shell,-7.745560243,108.993647214,156.15,169.15
87,"HardnessPSV",Isobath_shell,-7.745587369,108.993656223,156.15,169.15
87,"HardnessPSV",Isobath_shell,-7.745641621,108.993659328,156.15,169.15
88,"HardnessPSV",Isobath_shell,-7.745695874,108.993668995,169.15,182.16
88,"HardnessPSV",Isobath_shell,-7.745695874,108.993653678,169.15,182.16
88,"HardnessPSV",Isobath_shell,-7.745668748,108.993653678,169.15,182.16
88,"HardnessPSV",Isobath_shell,-7.745668748,108.993644613,169.15,182.16
88,"HardnessPSV",Isobath_shell,-7.745650663,108.993644613,169.15,182.16
88,"HardnessPSV",Isobath_shell,-7.745653579,108.993653678,169.15,182.16
88,"HardnessPSV",Isobath_shell,-7.745641621,108.993659328,169.15,182.16
88,"HardnessPSV",Isobath_shell,-7.745587369,108.993656223,169.15,182.16
88,"HardnessPSV",Isobath_shell,-7.745560243,108.993647214,169.15,182.16
88,"HardnessPSV",Isobath_shell,-7.74554921,108.993635547,169.15,182.16
88,"HardnessPSV",Isobath_shell,-7.745542159,108.993626482,169.15,182.16
88,"HardnessPSV",Isobath_shell,-7.745542159,108.993625884,169.15,182.16
88,"HardnessPSV",Isobath_shell,-7.745533117,108.993617417,169.15,182.16
88,"HardnessPSV",Isobath_shell,-7.745542159,108.993608352,169.15,182.16
88,"HardnessPSV",Isobath_shell,-7.745505991,108.993608352,169.15,182.16
88,"HardnessPSV",Isobath_shell,-7.745496949,108.993617417,169.15,182.16
88,"HardnessPSV",Isobath_shell,-7.745505991,108.993621854,169.15,182.16
88,"HardnessPSV",Isobath_shell,-7.745542159,108.99368847,169.15,182.16
88,"HardnessPSV",Isobath_shell,-7.745569285,108.993706397,169.15,182.16
88,"HardnessPSV",Isobath_shell,-7.745641621,108.993695573,169.15,182.16
88,"HardnessPSV",Isobath_shell,-7.745668748,108.993673854,169.15,182.16
89,"HardnessPSV",Isobath_shell,-7.745723,108.99368745,182.16,195.17
89,"HardnessPSV",Isobath_shell,-7.745723,108.993671808,182.16,195.17
89,"HardnessPSV",Isobath_shell,-7.745713958,108.993671808,182.16,195.17
89,"HardnessPSV",Isobath_shell,-7.745713958,108.993662743,182.16,195.17
89,"HardnessPSV",Isobath_shell,-7.745695874,108.993662743,182.16,195.17
89,"HardnessPSV",Isobath_shell,-7.745695874,108.993668995,182.16,195.17
89,"HardnessPSV",Isobath_shell,-7.745668748,108.993673854,182.16,195.17
89,"HardnessPSV",Isobath_shell,-7.745641621,108.993695573,182.16,195.17
89,"HardnessPSV",Isobath_shell,-7.745569285,108.993706397,182.16,195.17
89,"HardnessPSV",Isobath_shell,-7.745542159,108.99368847,182.16,195.17
89,"HardnessPSV",Isobath_shell,-7.745505991,108.993621854,182.16,195.17
89,"HardnessPSV",Isobath_shell,-7.745496949,108.993617417,182.16,195.17
89,"HardnessPSV",Isobath_shell,-7.745505991,108.993608352,182.16,195.17
89,"HardnessPSV",Isobath_shell,-7.745469823,108.993608352,182.16,195.17
89,"HardnessPSV",Isobath_shell,-7.745469823,108.993599286,182.16,195.17
89,"HardnessPSV",Isobath_shell,-7.74546078,108.993608352,182.16,195.17
89,"HardnessPSV",Isobath_shell,-7.745469823,108.993610449,182.16,195.17
89,"HardnessPSV",Isobath_shell,-7.745469823,108.993617417,182.16,195.17
89,"HardnessPSV",Isobath_shell,-7.745474565,108.993626482,182.16,195.17
89,"HardnessPSV",Isobath_shell,-7.745502239,108.993699004,182.16,195.17
89,"HardnessPSV",Isobath_shell,-7.745533117,108.993734702,182.16,195.17
89,"HardnessPSV",Isobath_shell,-7.745560243,108.993746317,182.16,195.17
89,"HardnessPSV",Isobath_shell,-7.745632579,108.993741695,182.16,195.17
89,"HardnessPSV",Isobath_shell,-7.745650663,108.993732503,182.16,195.17
89,"HardnessPSV",Isobath_shell,-7.74567779,108.993701891,182.16,195.17
90,"HardnessPSV",Isobath_shell,-7.745741084,108.993716958,195.17,208.18
90,"HardnessPSV",Isobath_shell,-7.745741084,108.993689939,195.17,208.18
90,"HardnessPSV",Isobath_shell,-7.745732042,108.993689939,195.17,208.18
90,"HardnessPSV",Isobath_shell,-7.745732042,108.993680874,195.17,208.18
90,"HardnessPSV",Isobath_shell,-7.745723,108.993680874,195.17,208.18
90,"HardnessPSV",Isobath_shell,-7.745723,108.99368745,195.17,208.18
90,"HardnessPSV",Isobath_shell,-7.74567779,108.993701891,195.17,208.18
90,"HardnessPSV",Isobath_shell,-7.745650663,108.993732503,195.17,208.18
90,"HardnessPSV",Isobath_shell,-7.745632579,108.993741695,195.17,208.18
90,"HardnessPSV",Isobath_shell,-7.745560243,108.993746317,195.17,208.18
90,"HardnessPSV",Isobath_shell,-7.745533117,108.993734702,195.17,208.18
90,"HardnessPSV",Isobath_shell,-7.745502239,108.993699004,195.17,208.18
90,"HardnessPSV",Isobath_shell,-7.745474565,108.993626482,195.17,208.18
90,"HardnessPSV",Isobath_shell,-7.745469823,108.993617417,195.17,208.18
90,"HardnessPSV",Isobath_shell,-7.745469823,108.993610449,195.17,208.18
90,"HardnessPSV",Isobath_shell,-7.74546078,108.993608352,195.17,208.18
90,"HardnessPSV",Isobath_shell,-7.745469823,108.993599286,195.17,208.18
90,"HardnessPSV",Isobath_shell,-7.745433654,108.993599286,195.17,208.18
90,"HardnessPSV",Isobath_shell,-7.745424612,108.993608352,195.17,208.18
90,"HardnessPSV",Isobath_shell,-7.745433654,108.993608685,195.17,208.18
90,"HardnessPSV",Isobath_shell,-7.745454692,108.993689939,195.17,208.18
90,"HardnessPSV",Isobath_shell,-7.745477392,108.993735265,195.17,208.18
90,"HardnessPSV",Isobath_shell,-7.745505991,108.993762066,195.17,208.18
90,"HardnessPSV",Isobath_shell,-7.745542159,108.99377989,195.17,208.18
90,"HardnessPSV",Isobath_shell,-7.745578327,108.993784188,195.17,208.18
90,"HardnessPSV",Isobath_shell,-7.745641621,108.993771403,195.17,208.18
90,"HardnessPSV",Isobath_shell,-7.74567779,108.993749314,195.17,208.18
90,"HardnessPSV",Isobath_shell,-7.745713958,108.993737433,195.17,208.18
91,"HardnessPSV",Isobath_shell,-7.744735218,108.995022533,195.17,208.18
91,"HardnessPSV",Isobath_shell,-7.744732642,108.994977206,195.17,208.18
91,"HardnessPSV",Isobath_shell,-7.744728207,108.994959076,195.17,208.18
91,"HardnessPSV",Isobath_shell,-7.744710291,108.994932146,195.17,208.18
91,"HardnessPSV",Isobath_shell,-7.74466508,108.994909162,195.17,208.18
91,"HardnessPSV",Isobath_shell,-7.744609257,108.994913749,195.17,208.18
91,"HardnessPSV",Isobath_shell,-7.744583702,108.994934977,195.17,208.18
91,"HardnessPSV",Isobath_shell,-7.744574901,108.994959076,195.17,208.18
91,"HardnessPSV",Isobath_shell,-7.744579188,108.994995337,195.17,208.18
91,"HardnessPSV",Isobath_shell,-7.744601786,108.995038607,195.17,208.18
91,"HardnessPSV",Isobath_shell,-7.744637954,108.995069712,195.17,208.18
91,"HardnessPSV",Isobath_shell,-7.744656038,108.995075614,195.17,208.18
91,"HardnessPSV",Isobath_shell,-7.744710291,108.995065032,195.17,208.18
91,"HardnessPSV",Isobath_shell,-7.744728375,108.995047681,195.17,208.18
92,"HardnessPSV",Isobath_shell,-7.744991826,108.994886554,195.17,208.18
92,"HardnessPSV",Isobath_shell,-7.744964279,108.994850293,195.17,208.18
92,"HardnessPSV",Isobath_shell,-7.744936342,108.994837081,195.17,208.18
92,"HardnessPSV",Isobath_shell,-7.744901789,108.994841227,195.17,208.18
92,"HardnessPSV",Isobath_shell,-7.744876562,108.994859358,195.17,208.18
92,"HardnessPSV",Isobath_shell,-7.744858317,108.994895619,195.17,208.18
92,"HardnessPSV",Isobath_shell,-7.744865168,108.99493188,195.17,208.18
92,"HardnessPSV",Isobath_shell,-7.744885611,108.994959076,195.17,208.18
92,"HardnessPSV",Isobath_shell,-7.744909216,108.994968008,195.17,208.18
92,"HardnessPSV",Isobath_shell,-7.744936342,108.994962158,195.17,208.18
92,"HardnessPSV",Isobath_shell,-7.744968981,108.994940945,195.17,208.18
92,"HardnessPSV",Isobath_shell,-7.74498724,108.994913749,195.17,208.18
93,"HardnessPSV",Isobath_shell,-7.744227338,108.995711493,208.18,221.19
93,"HardnessPSV",Isobath_shell,-7.74422202,108.995708316,208.18,221.19
93,"HardnessPSV",Isobath_shell,-7.744212978,108.995702478,208.18,221.19
93,"HardnessPSV",Isobath_shell,-7.744212908,108.995702427,208.18,221.19
93,"HardnessPSV",Isobath_shell,-7.744203936,108.995693362,208.18,221.19
93,"HardnessPSV",Isobath_shell,-7.744194894,108.995702427,208.18,221.19
93,"HardnessPSV",Isobath_shell,-7.744194894,108.995720558,208.18,221.19
93,"HardnessPSV",Isobath_shell,-7.744203936,108.995720558,208.18,221.19
93,"HardnessPSV",Isobath_shell,-7.744212978,108.99572091,208.18,221.19
93,"HardnessPSV",Isobath_shell,-7.7442134,108.995720558,208.18,221.19
93,"HardnessPSV",Isobath_shell,-7.74422202,108.995714895,208.18,221.19
94,"HardnessPSV",Isobath_shell,-7.744202748,108.995756819,208.18,221.19
94,"HardnessPSV",Isobath_shell,-7.744194894,108.995747754,208.18,221.19
94,"HardnessPSV",Isobath_shell,-7.744185852,108.995756819,208.18,221.19
94,"HardnessPSV",Isobath_shell,-7.744194894,108.995764613,208.18,221.19
95,"HardnessPSV",Isobath_shell,-7.744023095,108.996156063,208.18,221.19
95,"HardnessPSV",Isobath_shell,-7.744023095,108.996146625,208.18,221.19
95,"HardnessPSV",Isobath_shell,-7.744014053,108.99615569,208.18,221.19
96,"HardnessPSV",Isobath_shell,-7.74510988,108.995149446,208.18,221.19
96,"HardnessPSV",Isobath_shell,-7.745095419,108.995149446,208.18,221.19
96,"HardnessPSV",Isobath_shell,-7.745099099,108.995158581,208.18,221.19
97,"HardnessPSV",Isobath_shell,-7.745193078,108.995176642,208.18,221.19
97,"HardnessPSV",Isobath_shell,-7.745189519,108.995164206,208.18,221.19
97,"HardnessPSV",Isobath_shell,-7.745175956,108.995167577,208.18,221.19
97,"HardnessPSV",Isobath_shell,-7.745180477,108.995178789,208.18,221.19
98,"HardnessPSV",Isobath_shell,-7.744224162,108.995684297,208.18,221.19
98,"HardnessPSV",Isobath_shell,-7.74422202,108.99568236,208.18,221.19
98,"HardnessPSV",Isobath_shell,-7.744212978,108.995675231,208.18,221.19
98,"HardnessPSV",Isobath_shell,-7.744212978,108.995666166,208.18,221.19
98,"HardnessPSV",Isobath_shell,-7.744203936,108.995675231,208.18,221.19
98,"HardnessPSV",Isobath_shell,-7.744203936,108.995693362,208.18,221.19
98,"HardnessPSV",Isobath_shell,-7.744212978,108.995701398,208.18,221.19
98,"HardnessPSV",Isobath_shell,-7.74421359,108.995693362,208.18,221.19
98,"HardnessPSV",Isobath_shell,-7.74422202,108.995686118,208.18,221.19
99,"HardnessPSV",Isobath_shell,-7.744805561,108.996092234,208.18,221.19
99,"HardnessPSV",Isobath_shell,-7.744803356,108.996074103,208.18,221.19
99,"HardnessPSV",Isobath_shell,-7.744773585,108.996035209,208.18,221.19
99,"HardnessPSV",Isobath_shell,-7.744746459,108.996018902,208.18,221.19
99,"HardnessPSV",Isobath_shell,-7.744710982,108.996019711,208.18,221.19
99,"HardnessPSV",Isobath_shell,-7.744686568,108.996037842,208.18,221.19
99,"HardnessPSV",Isobath_shell,-7.744681374,108.996055973,208.18,221.19
99,"HardnessPSV",Isobath_shell,-7.744688794,108.996083168,208.18,221.19
99,"HardnessPSV",Isobath_shell,-7.744710291,108.996109197,208.18,221.19
99,"HardnessPSV",Isobath_shell,-7.744728375,108.996115317,208.18,221.19
99,"HardnessPSV",Isobath_shell,-7.744773585,108.996113121,208.18,221.19
99,"HardnessPSV",Isobath_shell,-7.744791669,108.99610699,208.18,221.19
100,"HardnessPSV",Isobath_shell,-7.74424567,108.995856537,208.18,221.19
100,"HardnessPSV",Isobath_shell,-7.744231899,108.995802145,208.18,221.19
100,"HardnessPSV",Isobath_shell,-7.744210767,108.99579308,208.18,221.19
100,"HardnessPSV",Isobath_shell,-7.74420541,108.995784015,208.18,221.19
100,"HardnessPSV",Isobath_shell,-7.744210122,108.995774949,208.18,221.19
100,"HardnessPSV",Isobath_shell,-7.744193499,108.995765884,208.18,221.19
100,"HardnessPSV",Isobath_shell,-7.744185852,108.995756819,208.18,221.19
100,"HardnessPSV",Isobath_shell,-7.74417681,108.995765884,208.18,221.19
100,"HardnessPSV",Isobath_shell,-7.74417681,108.995784015,208.18,221.19
100,"HardnessPSV",Isobath_shell,-7.744167768,108.99579308,208.18,221.19
100,"HardnessPSV",Isobath_shell,-7.744167768,108.99581121,208.18,221.19
100,"HardnessPSV",Isobath_shell,-7.744158726,108.995820276,208.18,221.19
100,"HardnessPSV",Isobath_shell,-7.744158726,108.995829341,208.18,221.19
100,"HardnessPSV",Isobath_shell,-7.744149684,108.995838406,208.18,221.19
100,"HardnessPSV",Isobath_shell,-7.744149684,108.995847471,208.18,221.19
100,"HardnessPSV",Isobath_shell,-7.744140642,108.995856537,208.18,221.19
100,"HardnessPSV",Isobath_shell,-7.744140642,108.995874667,208.18,221.19
100,"HardnessPSV",Isobath_shell,-7.7441316,108.995883733,208.18,221.19
100,"HardnessPSV",Isobath_shell,-7.7441316,108.995892798,208.18,221.19
100,"HardnessPSV",Isobath_shell,-7.744122558,108.995901863,208.18,221.19
100,"HardnessPSV",Isobath_shell,-7.744122558,108.995910928,208.18,221.19
100,"HardnessPSV",Isobath_shell,-7.744113516,108.995919994,208.18,221.19
100,"HardnessPSV",Isobath_shell,-7.744113516,108.995938124,208.18,221.19
100,"HardnessPSV",Isobath_shell,-7.744104474,108.995947189,208.18,221.19
100,"HardnessPSV",Isobath_shell,-7.744104474,108.995956255,208.18,221.19
100,"HardnessPSV",Isobath_shell,-7.744095432,108.99596532,208.18,221.19
100,"HardnessPSV",Isobath_shell,-7.744095432,108.995974385,208.18,221.19
100,"HardnessPSV",Isobath_shell,-7.744104474,108.995974385,208.18,221.19
100,"HardnessPSV",Isobath_shell,-7.744113516,108.995979676,208.18,221.19
100,"HardnessPSV",Isobath_shell,-7.744158726,108.995976843,208.18,221.19
100,"HardnessPSV",Isobath_shell,-7.744199961,108.995947189,208.18,221.19
100,"HardnessPSV",Isobath_shell,-7.744226204,108.995919994,208.18,221.19
100,"HardnessPSV",Isobath_shell,-7.744243942,108.995874667,208.18,221.19
101,"HardnessPSV",Isobath_shell,-7.745752751,108.993771526,208.18,221.19
101,"HardnessPSV",Isobath_shell,-7.745750126,108.993762461,208.18,221.19
101,"HardnessPSV",Isobath_shell,-7.745750126,108.993717135,208.18,221.19
101,"HardnessPSV",Isobath_shell,-7.745741084,108.993717135,208.18,221.19
101,"HardnessPSV",Isobath_shell,-7.745741084,108.993716958,208.18,221.19
101,"HardnessPSV",Isobath_shell,-7.745713958,108.993737433,208.18,221.19
101,"HardnessPSV",Isobath_shell,-7.74567779,108.993749314,208.18,221.19
101,"HardnessPSV",Isobath_shell,-7.745641621,108.993771403,208.18,221.19
101,"HardnessPSV",Isobath_shell,-7.745578327,108.993784188,208.18,221.19
101,"HardnessPSV",Isobath_shell,-7.745542159,108.99377989,208.18,221.19
101,"HardnessPSV",Isobath_shell,-7.745505991,108.993762066,208.18,221.19
101,"HardnessPSV",Isobath_shell,-7.745477392,108.993735265,208.18,221.19
101,"HardnessPSV",Isobath_shell,-7.745454692,108.993689939,208.18,221.19
101,"HardnessPSV",Isobath_shell,-7.745433654,108.993608685,208.18,221.19
101,"HardnessPSV",Isobath_shell,-7.745424612,108.993608352,208.18,221.19
101,"HardnessPSV",Isobath_shell,-7.745433654,108.993599286,208.18,221.19
101,"HardnessPSV",Isobath_shell,-7.745397486,108.993599286,208.18,221.19
101,"HardnessPSV",Isobath_shell,-7.745397486,108.993590221,208.18,221.19
101,"HardnessPSV",Isobath_shell,-7.745388444,108.993599286,208.18,221.19
101,"HardnessPSV",Isobath_shell,-7.745395173,108.993608352,208.18,221.19
101,"HardnessPSV",Isobath_shell,-7.745409533,108.993689939,208.18,221.19
101,"HardnessPSV",Isobath_shell,-7.745429703,108.99374433,208.18,221.19
101,"HardnessPSV",Isobath_shell,-7.745469823,108.993839497,208.18,221.19
101,"HardnessPSV",Isobath_shell,-7.745487907,108.993856223,208.18,221.19
101,"HardnessPSV",Isobath_shell,-7.745524075,108.99385517,208.18,221.19
101,"HardnessPSV",Isobath_shell,-7.745578327,108.993839994,208.18,221.19
101,"HardnessPSV",Isobath_shell,-7.74567779,108.993786633,208.18,221.19
101,"HardnessPSV",Isobath_shell,-7.745750126,108.993772043,208.18,221.19
102,"HardnessPSV",Isobath_shell,-7.745349165,108.994804966,208.18,221.19
102,"HardnessPSV",Isobath_shell,-7.745346794,108.994768705,208.18,221.19
102,"HardnessPSV",Isobath_shell,-7.745327762,108.994741509,208.18,221.19
102,"HardnessPSV",Isobath_shell,-7.745298024,108.994729445,208.18,221.19
102,"HardnessPSV",Isobath_shell,-7.745267898,108.994732444,208.18,221.19
102,"HardnessPSV",Isobath_shell,-7.745216645,108.994757656,208.18,221.19
102,"HardnessPSV",Isobath_shell,-7.745162393,108.994748108,208.18,221.19
102,"HardnessPSV",Isobath_shell,-7.74506293,108.994765878,208.18,221.19
102,"HardnessPSV",Isobath_shell,-7.745026762,108.994760655,208.18,221.19
102,"HardnessPSV",Isobath_shell,-7.744990594,108.994742331,208.18,221.19
102,"HardnessPSV",Isobath_shell,-7.744968626,108.994714314,208.18,221.19
102,"HardnessPSV",Isobath_shell,-7.744972501,108.99460553,208.18,221.19
102,"HardnessPSV",Isobath_shell,-7.744966559,108.9945874,208.18,221.19
102,"HardnessPSV",Isobath_shell,-7.744948331,108.994560204,208.18,221.19
102,"HardnessPSV",Isobath_shell,-7.7449273,108.994537913,208.18,221.19
102,"HardnessPSV",Isobath_shell,-7.744900174,108.994522108,208.18,221.19
102,"HardnessPSV",Isobath_shell,-7.744836879,108.994519975,208.18,221.19
102,"HardnessPSV",Isobath_shell,-7.744814967,108.994505813,208.18,221.19
102,"HardnessPSV",Isobath_shell,-7.74478698,108.994460486,208.18,221.19
102,"HardnessPSV",Isobath_shell,-7.744763989,108.994351703,208.18,221.19
102,"HardnessPSV",Isobath_shell,-7.744747724,108.994315442,208.18,221.19
102,"HardnessPSV",Isobath_shell,-7.744728375,108.994298492,208.18,221.19
102,"HardnessPSV",Isobath_shell,-7.744678598,108.994279181,208.18,221.19
102,"HardnessPSV",Isobath_shell,-7.744634045,108.994251985,208.18,221.19
102,"HardnessPSV",Isobath_shell,-7.744628912,108.99424292,208.18,221.19
102,"HardnessPSV",Isobath_shell,-7.744610828,108.99426105,208.18,221.19
102,"HardnessPSV",Isobath_shell,-7.744610828,108.994288246,208.18,221.19
102,"HardnessPSV",Isobath_shell,-7.744601786,108.994297312,208.18,221.19
102,"HardnessPSV",Isobath_shell,-7.744601786,108.994315442,208.18,221.19
102,"HardnessPSV",Isobath_shell,-7.744592744,108.994324507,208.18,221.19
102,"HardnessPSV",Isobath_shell,-7.744592744,108.994351703,208.18,221.19
102,"HardnessPSV",Isobath_shell,-7.744583702,108.994360768,208.18,221.19
102,"HardnessPSV",Isobath_shell,-7.744583702,108.994378899,208.18,221.19
102,"HardnessPSV",Isobath_shell,-7.74457466,108.994387964,208.18,221.19
102,"HardnessPSV",Isobath_shell,-7.74457466,108.994406095,208.18,221.19
102,"HardnessPSV",Isobath_shell,-7.744565618,108.99441516,208.18,221.19
102,"HardnessPSV",Isobath_shell,-7.744565618,108.994442356,208.18,221.19
102,"HardnessPSV",Isobath_shell,-7.744556576,108.994451421,208.18,221.19
102,"HardnessPSV",Isobath_shell,-7.744556576,108.994469552,208.18,221.19
102,"HardnessPSV",Isobath_shell,-7.744547534,108.994478617,208.18,221.19
102,"HardnessPSV",Isobath_shell,-7.744547534,108.994505813,208.18,221.19
102,"HardnessPSV",Isobath_shell,-7.744538492,108.994514878,208.18,221.19
102,"HardnessPSV",Isobath_shell,-7.744538492,108.994533008,208.18,221.19
102,"HardnessPSV",Isobath_shell,-7.74452945,108.994542074,208.18,221.19
102,"HardnessPSV",Isobath_shell,-7.74452945,108.994569269,208.18,221.19
102,"HardnessPSV",Isobath_shell,-7.744520408,108.994578335,208.18,221.19
102,"HardnessPSV",Isobath_shell,-7.744520408,108.994596465,208.18,221.19
102,"HardnessPSV",Isobath_shell,-7.744511366,108.99460553,208.18,221.19
102,"HardnessPSV",Isobath_shell,-7.744511366,108.994632726,208.18,221.19
102,"HardnessPSV",Isobath_shell,-7.744502324,108.994641792,208.18,221.19
102,"HardnessPSV",Isobath_shell,-7.744502324,108.994659922,208.18,221.19
102,"HardnessPSV",Isobath_shell,-7.744493282,108.994668987,208.18,221.19
102,"HardnessPSV",Isobath_shell,-7.744493282,108.994696183,208.18,221.19
102,"HardnessPSV",Isobath_shell,-7.74448424,108.994705248,208.18,221.19
102,"HardnessPSV",Isobath_shell,-7.74448424,108.994723379,208.18,221.19
102,"HardnessPSV",Isobath_shell,-7.744475198,108.994732444,208.18,221.19
102,"HardnessPSV",Isobath_shell,-7.744475198,108.994750575,208.18,221.19
102,"HardnessPSV",Isobath_shell,-7.744466155,108.99475964,208.18,221.19
102,"HardnessPSV",Isobath_shell,-7.744466155,108.994786836,208.18,221.19
102,"HardnessPSV",Isobath_shell,-7.744457113,108.994795901,208.18,221.19
102,"HardnessPSV",Isobath_shell,-7.744457113,108.994814032,208.18,221.19
102,"HardnessPSV",Isobath_shell,-7.744448071,108.994823097,208.18,221.19
102,"HardnessPSV",Isobath_shell,-7.744448071,108.994850293,208.18,221.19
102,"HardnessPSV",Isobath_shell,-7.744439029,108.994859358,208.18,221.19
102,"HardnessPSV",Isobath_shell,-7.744439029,108.994877488,208.18,221.19
102,"HardnessPSV",Isobath_shell,-7.744429987,108.994886554,208.18,221.19
102,"HardnessPSV",Isobath_shell,-7.744429987,108.994913749,208.18,221.19
102,"HardnessPSV",Isobath_shell,-7.744420945,108.994922815,208.18,221.19
102,"HardnessPSV",Isobath_shell,-7.744420945,108.994940945,208.18,221.19
102,"HardnessPSV",Isobath_shell,-7.744411903,108.99495001,208.18,221.19
102,"HardnessPSV",Isobath_shell,-7.744411903,108.994977206,208.18,221.19
102,"HardnessPSV",Isobath_shell,-7.744402861,108.994986272,208.18,221.19
102,"HardnessPSV",Isobath_shell,-7.744402861,108.995004402,208.18,221.19
102,"HardnessPSV",Isobath_shell,-7.744393819,108.995013467,208.18,221.19
102,"HardnessPSV",Isobath_shell,-7.744393819,108.995040663,208.18,221.19
102,"HardnessPSV",Isobath_shell,-7.744384777,108.995049728,208.18,221.19
102,"HardnessPSV",Isobath_shell,-7.744384777,108.995067859,208.18,221.19
102,"HardnessPSV",Isobath_shell,-7.744375735,108.995076924,208.18,221.19
102,"HardnessPSV",Isobath_shell,-7.744375735,108.995095055,208.18,221.19
102,"HardnessPSV",Isobath_shell,-7.744366693,108.99510412,208.18,221.19
102,"HardnessPSV",Isobath_shell,-7.744366693,108.995131316,208.18,221.19
102,"HardnessPSV",Isobath_shell,-7.744357651,108.995140381,208.18,221.19
102,"HardnessPSV",Isobath_shell,-7.744357651,108.995158512,208.18,221.19
102,"HardnessPSV",Isobath_shell,-7.744348609,108.995167577,208.18,221.19
102,"HardnessPSV",Isobath_shell,-7.744348609,108.995194773,208.18,221.19
102,"HardnessPSV",Isobath_shell,-7.744339567,108.995203838,208.18,221.19
102,"HardnessPSV",Isobath_shell,-7.744339567,108.995221968,208.18,221.19
102,"HardnessPSV",Isobath_shell,-7.744330525,108.995231034,208.18,221.19
102,"HardnessPSV",Isobath_shell,-7.744330525,108.995258229,208.18,221.19
102,"HardnessPSV",Isobath_shell,-7.744321483,108.995267295,208.18,221.19
102,"HardnessPSV",Isobath_shell,-7.744321483,108.995285425,208.18,221.19
102,"HardnessPSV",Isobath_shell,-7.744312441,108.99529449,208.18,221.19
102,"HardnessPSV",Isobath_shell,-7.744312441,108.995321686,208.18,221.19
102,"HardnessPSV",Isobath_shell,-7.744303399,108.995330752,208.18,221.19
102,"HardnessPSV",Isobath_shell,-7.744303399,108.995348882,208.18,221.19
102,"HardnessPSV",Isobath_shell,-7.744294357,108.995357947,208.18,221.19
102,"HardnessPSV",Isobath_shell,-7.744294357,108.995385143,208.18,221.19
102,"HardnessPSV",Isobath_shell,-7.744285315,108.995394208,208.18,221.19
102,"HardnessPSV",Isobath_shell,-7.744285315,108.995412339,208.18,221.19
102,"HardnessPSV",Isobath_shell,-7.744276273,108.995421404,208.18,221.19
102,"HardnessPSV",Isobath_shell,-7.744276273,108.995439535,208.18,221.19
102,"HardnessPSV",Isobath_shell,-7.74426723,108.9954486,208.18,221.19
102,"HardnessPSV",Isobath_shell,-7.74426723,108.995475796,208.18,221.19
102,"HardnessPSV",Isobath_shell,-7.744258188,108.995484861,208.18,221.19
102,"HardnessPSV",Isobath_shell,-7.744258188,108.995502992,208.18,221.19
102,"HardnessPSV",Isobath_shell,-7.744249146,108.995512057,208.18,221.19
102,"HardnessPSV",Isobath_shell,-7.744249146,108.995539253,208.18,221.19
102,"HardnessPSV",Isobath_shell,-7.744240104,108.995548318,208.18,221.19
102,"HardnessPSV",Isobath_shell,-7.744240104,108.995566448,208.18,221.19
102,"HardnessPSV",Isobath_shell,-7.744231062,108.995575514,208.18,221.19
102,"HardnessPSV",Isobath_shell,-7.744231062,108.995602709,208.18,221.19
102,"HardnessPSV",Isobath_shell,-7.74422202,108.995611775,208.18,221.19
102,"HardnessPSV",Isobath_shell,-7.74422202,108.995629905,208.18,221.19
102,"HardnessPSV",Isobath_shell,-7.744212978,108.99563897,208.18,221.19
102,"HardnessPSV",Isobath_shell,-7.744212978,108.995666166,208.18,221.19
102,"HardnessPSV",Isobath_shell,-7.74422202,108.9956701,208.18,221.19
102,"HardnessPSV",Isobath_shell,-7.744254506,108.995657101,208.18,221.19
102,"HardnessPSV",Isobath_shell,-7.744249243,108.995648036,208.18,221.19
102,"HardnessPSV",Isobath_shell,-7.744258188,108.995642908,208.18,221.19
102,"HardnessPSV",Isobath_shell,-7.744294357,108.995631561,208.18,221.19
102,"HardnessPSV",Isobath_shell,-7.744324907,108.995593644,208.18,221.19
102,"HardnessPSV",Isobath_shell,-7.744348609,108.995552765,208.18,221.19
102,"HardnessPSV",Isobath_shell,-7.744390237,108.995439535,208.18,221.19
102,"HardnessPSV",Isobath_shell,-7.744411903,108.995417874,208.18,221.19
102,"HardnessPSV",Isobath_shell,-7.744448071,108.995406864,208.18,221.19
102,"HardnessPSV",Isobath_shell,-7.74452945,108.995419456,208.18,221.19
102,"HardnessPSV",Isobath_shell,-7.744592744,108.995422227,208.18,221.19
102,"HardnessPSV",Isobath_shell,-7.744646996,108.995415548,208.18,221.19
102,"HardnessPSV",Isobath_shell,-7.744663856,108.995421404,208.18,221.19
102,"HardnessPSV",Isobath_shell,-7.744701249,108.995492976,208.18,221.19
102,"HardnessPSV",Isobath_shell,-7.744723137,108.995593644,208.18,221.19
102,"HardnessPSV",Isobath_shell,-7.744752031,108.99563897,208.18,221.19
102,"HardnessPSV",Isobath_shell,-7.744761954,108.995693362,208.18,221.19
102,"HardnessPSV",Isobath_shell,-7.744775515,108.995711493,208.18,221.19
102,"HardnessPSV",Isobath_shell,-7.744791669,108.995720722,208.18,221.19
102,"HardnessPSV",Isobath_shell,-7.744827837,108.995727468,208.18,221.19
102,"HardnessPSV",Isobath_shell,-7.744891132,108.995726606,208.18,221.19
102,"HardnessPSV",Isobath_shell,-7.744990594,108.995708549,208.18,221.19
102,"HardnessPSV",Isobath_shell,-7.745071973,108.995720329,208.18,221.19
102,"HardnessPSV",Isobath_shell,-7.745099099,108.995704028,208.18,221.19
102,"HardnessPSV",Isobath_shell,-7.745113233,108.995675231,208.18,221.19
102,"HardnessPSV",Isobath_shell,-7.745112031,108.995648036,208.18,221.19
102,"HardnessPSV",Isobath_shell,-7.745090057,108.995623106,208.18,221.19
102,"HardnessPSV",Isobath_shell,-7.745042297,108.995593644,208.18,221.19
102,"HardnessPSV",Isobath_shell,-7.74497251,108.995563824,208.18,221.19
102,"HardnessPSV",Isobath_shell,-7.744931798,108.995530187,208.18,221.19
102,"HardnessPSV",Isobath_shell,-7.744909216,108.995489284,208.18,221.19
102,"HardnessPSV",Isobath_shell,-7.74489288,108.995439535,208.18,221.19
102,"HardnessPSV",Isobath_shell,-7.744893241,108.995421404,208.18,221.19
102,"HardnessPSV",Isobath_shell,-7.744981634,108.995303556,208.18,221.19
102,"HardnessPSV",Isobath_shell,-7.745006239,108.995249164,208.18,221.19
102,"HardnessPSV",Isobath_shell,-7.745016462,108.995194773,208.18,221.19
102,"HardnessPSV",Isobath_shell,-7.745053698,108.995158512,208.18,221.19
102,"HardnessPSV",Isobath_shell,-7.74501099,108.99512225,208.18,221.19
102,"HardnessPSV",Isobath_shell,-7.74501012,108.995076924,208.18,221.19
102,"HardnessPSV",Isobath_shell,-7.745015583,108.995067859,208.18,221.19
102,"HardnessPSV",Isobath_shell,-7.74506293,108.995027746,208.18,221.19
102,"HardnessPSV",Isobath_shell,-7.745117183,108.994969965,208.18,221.19
102,"HardnessPSV",Isobath_shell,-7.745216645,108.995005848,208.18,221.19
102,"HardnessPSV",Isobath_shell,-7.745234729,108.995005808,208.18,221.19
102,"HardnessPSV",Isobath_shell,-7.745270898,108.99498961,208.18,221.19
102,"HardnessPSV",Isobath_shell,-7.745298024,108.994944895,208.18,221.19
102,"HardnessPSV",Isobath_shell,-7.745337427,108.994850293,208.18,221.19
102,"HardnessPSV",Isobath_hole_1,-7.744735218,108.995022533,208.18,221.19
102,"HardnessPSV",Isobath_hole_1,-7.744728375,108.995047681,208.18,221.19
102,"HardnessPSV",Isobath_hole_1,-7.744710291,108.995065032,208.18,221.19
102,"HardnessPSV",Isobath_hole_1,-7.744656038,108.995075614,208.18,221.19
102,"HardnessPSV",Isobath_hole_1,-7.744637954,108.995069712,208.18,221.19
102,"HardnessPSV",Isobath_hole_1,-7.744601786,108.995038607,208.18,221.19
102,"HardnessPSV",Isobath_hole_1,-7.744579188,108.994995337,208.18,221.19
102,"HardnessPSV",Isobath_hole_1,-7.744574901,108.994959076,208.18,221.19
102,"HardnessPSV",Isobath_hole_1,-7.744583702,108.994934977,208.18,221.19
102,"HardnessPSV",Isobath_hole_1,-7.744609257,108.994913749,208.18,221.19
102,"HardnessPSV",Isobath_hole_1,-7.74466508,108.994909162,208.18,221.19
102,"HardnessPSV",Isobath_hole_1,-7.744710291,108.994932146,208.18,221.19
102,"HardnessPSV",Isobath_hole_1,-7.744728207,108.994959076,208.18,221.19
102,"HardnessPSV",Isobath_hole_1,-7.744732642,108.994977206,208.18,221.19
102,"HardnessPSV",Isobath_hole_2,-7.744991826,108.994886554,208.18,221.19
102,"HardnessPSV",Isobath_hole_2,-7.74498724,108.994913749,208.18,221.19
102,"HardnessPSV",Isobath_hole_2,-7.744968981,108.994940945,208.18,221.19
102,"HardnessPSV",Isobath_hole_2,-7.744936342,108.994962158,208.18,221.19
102,"HardnessPSV",Isobath_hole_2,-7.744909216,108.994968008,208.18,221.19
102,"HardnessPSV",Isobath_hole_2,-7.744885611,108.994959076,208.18,221.19
102,"HardnessPSV",Isobath_hole_2,-7.744865168,108.99493188,208.18,221.19
102,"HardnessPSV",Isobath_hole_2,-7.744858317,108.994895619,208.18,221.19
102,"HardnessPSV",Isobath_hole_2,-7.744876562,108.994859358,208.18,221.19
102,"HardnessPSV",Isobath_hole_2,-7.744901789,108.994841227,208.18,221.19
102,"HardnessPSV",Isobath_hole_2,-7.744936342,108.994837081,208.18,221.19
102,"HardnessPSV",Isobath_hole_2,-7.744964279,108.994850293,208.18,221.19
103,"HardnessPSV",Isobath_shell,-7.744699702,108.99581121,208.18,221.19
103,"HardnessPSV",Isobath_shell,-7.744683165,108.995786438,208.18,221.19
103,"HardnessPSV",Isobath_shell,-7.744601786,108.995745286,208.18,221.19
103,"HardnessPSV",Isobath_shell,-7.74455485,108.995711493,208.18,221.19
103,"HardnessPSV",Isobath_shell,-7.744475198,108.995673798,208.18,221.19
103,"HardnessPSV",Isobath_shell,-7.744412786,108.995675231,208.18,221.19
103,"HardnessPSV",Isobath_shell,-7.744375735,108.995707445,208.18,221.19
103,"HardnessPSV",Isobath_shell,-7.744364567,108.995729623,208.18,221.19
103,"HardnessPSV",Isobath_shell,-7.744363579,108.995747754,208.18,221.19
103,"HardnessPSV",Isobath_shell,-7.744388068,108.995820276,208.18,221.19
103,"HardnessPSV",Isobath_shell,-7.744407612,108.995847471,208.18,221.19
103,"HardnessPSV",Isobath_shell,-7.744429987,108.995864346,208.18,221.19
103,"HardnessPSV",Isobath_shell,-7.744547534,108.995883935,208.18,221.19
103,"HardnessPSV",Isobath_shell,-7.744610828,108.995881458,208.18,221.19
103,"HardnessPSV",Isobath_shell,-7.744646996,108.9958712,208.18,221.19
103,"HardnessPSV",Isobath_shell,-7.744697945,108.995829341,208.18,221.19
104,"HardnessPSV",Isobath_shell,-7.744194894,108.995740069,208.18,221.19
104,"HardnessPSV",Isobath_shell,-7.744194894,108.995729623,208.18,221.19
104,"HardnessPSV",Isobath_shell,-7.744185852,108.995738688,208.18,221.19
105,"HardnessPSV",Isobath_shell,-7.743329284,108.997850895,221.19,234.20
105,"HardnessPSV",Isobath_shell,-7.743326858,108.997835704,221.19,234.20
105,"HardnessPSV",Isobath_shell,-7.743317816,108.997833139,221.19,234.20
105,"HardnessPSV",Isobath_shell,-7.743306201,108.997841829,221.19,234.20
105,"HardnessPSV",Isobath_shell,-7.743291418,108.997850895,221.19,234.20
105,"HardnessPSV",Isobath_shell,-7.743317816,108.997855744,221.19,234.20
106,"HardnessPSV",Isobath_shell,-7.745759168,108.993780592,221.19,234.20
106,"HardnessPSV",Isobath_shell,-7.745759168,108.993762461,221.19,234.20
106,"HardnessPSV",Isobath_shell,-7.745750126,108.993762461,221.19,234.20
106,"HardnessPSV",Isobath_shell,-7.745752751,108.993771526,221.19,234.20
106,"HardnessPSV",Isobath_shell,-7.745750126,108.993772043,221.19,234.20
106,"HardnessPSV",Isobath_shell,-7.74567779,108.993786633,221.19,234.20
106,"HardnessPSV",Isobath_shell,-7.745578327,108.993839994,221.19,234.20
106,"HardnessPSV",Isobath_shell,-7.745524075,108.99385517,221.19,234.20
106,"HardnessPSV",Isobath_shell,-7.745487907,108.993856223,221.19,234.20
106,"HardnessPSV",Isobath_shell,-7.745469823,108.993839497,221.19,234.20
106,"HardnessPSV",Isobath_shell,-7.745429703,108.99374433,221.19,234.20
106,"HardnessPSV",Isobath_shell,-7.745409533,108.993689939,221.19,234.20
106,"HardnessPSV",Isobath_shell,-7.745395173,108.993608352,221.19,234.20
106,"HardnessPSV",Isobath_shell,-7.745388444,108.993599286,221.19,234.20
106,"HardnessPSV",Isobath_shell,-7.745397486,108.993590221,221.19,234.20
106,"HardnessPSV",Isobath_shell,-7.74532515,108.993590221,221.19,234.20
106,"HardnessPSV",Isobath_shell,-7.74532515,108.993581156,221.19,234.20
106,"HardnessPSV",Isobath_shell,-7.745252813,108.993581156,221.19,234.20
106,"HardnessPSV",Isobath_shell,-7.745252813,108.99357209,221.19,234.20
106,"HardnessPSV",Isobath_shell,-7.745180477,108.99357209,221.19,234.20
106,"HardnessPSV",Isobath_shell,-7.745180477,108.993563025,221.19,234.20
106,"HardnessPSV",Isobath_shell,-7.744864005,108.993563025,221.19,234.20
106,"HardnessPSV",Isobath_shell,-7.744854963,108.99357209,221.19,234.20
106,"HardnessPSV",Isobath_shell,-7.744845921,108.993581156,221.19,234.20
106,"HardnessPSV",Isobath_shell,-7.744845921,108.993590221,221.19,234.20
106,"HardnessPSV",Isobath_shell,-7.744836879,108.993599286,221.19,234.20
106,"HardnessPSV",Isobath_shell,-7.744827837,108.993608352,221.19,234.20
106,"HardnessPSV",Isobath_shell,-7.744818795,108.993617417,221.19,234.20
106,"HardnessPSV",Isobath_shell,-7.744818795,108.993626482,221.19,234.20
106,"HardnessPSV",Isobath_shell,-7.744809753,108.993635547,221.19,234.20
106,"HardnessPSV",Isobath_shell,-7.744800711,108.993644613,221.19,234.20
106,"HardnessPSV",Isobath_shell,-7.744782627,108.993662743,221.19,234.20
106,"HardnessPSV",Isobath_shell,-7.744782627,108.993689939,221.19,234.20
106,"HardnessPSV",Isobath_shell,-7.744773585,108.993699004,221.19,234.20
106,"HardnessPSV",Isobath_shell,-7.744773585,108.993717135,221.19,234.20
106,"HardnessPSV",Isobath_shell,-7.744764543,108.9937262,221.19,234.20
106,"HardnessPSV",Isobath_shell,-7.744764543,108.993753396,221.19,234.20
106,"HardnessPSV",Isobath_shell,-7.744755501,108.993762461,221.19,234.20
106,"HardnessPSV",Isobath_shell,-7.744755501,108.993780592,221.19,234.20
106,"HardnessPSV",Isobath_shell,-7.744746459,108.993789657,221.19,234.20
106,"HardnessPSV",Isobath_shell,-7.744746459,108.993816853,221.19,234.20
106,"HardnessPSV",Isobath_shell,-7.744737417,108.993825918,221.19,234.20
106,"HardnessPSV",Isobath_shell,-7.744737417,108.993844048,221.19,234.20
106,"HardnessPSV",Isobath_shell,-7.744728375,108.993853114,221.19,234.20
106,"HardnessPSV",Isobath_shell,-7.744728375,108.993880309,221.19,234.20
106,"HardnessPSV",Isobath_shell,-7.744719333,108.993889375,221.19,234.20
106,"HardnessPSV",Isobath_shell,-7.744719333,108.993907505,221.19,234.20
106,"HardnessPSV",Isobath_shell,-7.744710291,108.99391657,221.19,234.20
106,"HardnessPSV",Isobath_shell,-7.744710291,108.993943766,221.19,234.20
106,"HardnessPSV",Isobath_shell,-7.744701249,108.993952832,221.19,234.20
106,"HardnessPSV",Isobath_shell,-7.744701249,108.993970962,221.19,234.20
106,"HardnessPSV",Isobath_shell,-7.744692207,108.993980027,221.19,234.20
106,"HardnessPSV",Isobath_shell,-7.744692207,108.994007223,221.19,234.20
106,"HardnessPSV",Isobath_shell,-7.744683165,108.994016288,221.19,234.20
106,"HardnessPSV",Isobath_shell,-7.744683165,108.994034419,221.19,234.20
106,"HardnessPSV",Isobath_shell,-7.744674123,108.994043484,221.19,234.20
106,"HardnessPSV",Isobath_shell,-7.744674123,108.994061615,221.19,234.20
106,"HardnessPSV",Isobath_shell,-7.74466508,108.99407068,221.19,234.20
106,"HardnessPSV",Isobath_shell,-7.74466508,108.994097876,221.19,234.20
106,"HardnessPSV",Isobath_shell,-7.744656038,108.994106941,221.19,234.20
106,"HardnessPSV",Isobath_shell,-7.744656038,108.994125072,221.19,234.20
106,"HardnessPSV",Isobath_shell,-7.744646996,108.994134137,221.19,234.20
106,"HardnessPSV",Isobath_shell,-7.744646996,108.994161333,221.19,234.20
106,"HardnessPSV",Isobath_shell,-7.744637954,108.994170398,221.19,234.20
106,"HardnessPSV",Isobath_shell,-7.744637954,108.994188528,221.19,234.20
106,"HardnessPSV",Isobath_shell,-7.744628912,108.994197594,221.19,234.20
106,"HardnessPSV",Isobath_shell,-7.744628912,108.994224789,221.19,234.20
106,"HardnessPSV",Isobath_shell,-7.74461987,108.994233855,221.19,234.20
106,"HardnessPSV",Isobath_shell,-7.74461987,108.994251985,221.19,234.20
106,"HardnessPSV",Isobath_shell,-7.744628912,108.99424292,221.19,234.20
106,"HardnessPSV",Isobath_shell,-7.744634045,108.994251985,221.19,234.20
106,"HardnessPSV",Isobath_shell,-7.744678598,108.994279181,221.19,234.20
106,"HardnessPSV",Isobath_shell,-7.744728375,108.994298492,221.19,234.20
106,"HardnessPSV",Isobath_shell,-7.744747724,108.994315442,221.19,234.20
106,"HardnessPSV",Isobath_shell,-7.744763989,108.994351703,221.19,234.20
106,"HardnessPSV",Isobath_shell,-7.74478698,108.994460486,221.19,234.20
106,"HardnessPSV",Isobath_shell,-7.744814967,108.994505813,221.19,234.20
106,"HardnessPSV",Isobath_shell,-7.744836879,108.994519975,221.19,234.20
106,"HardnessPSV",Isobath_shell,-7.744900174,108.994522108,221.19,234.20
106,"HardnessPSV",Isobath_shell,-7.7449273,108.994537913,221.19,234.20
106,"HardnessPSV",Isobath_shell,-7.744948331,108.994560204,221.19,234.20
106,"HardnessPSV",Isobath_shell,-7.744966559,108.9945874,221.19,234.20
106,"HardnessPSV",Isobath_shell,-7.744972501,108.99460553,221.19,234.20
106,"HardnessPSV",Isobath_shell,-7.744968626,108.994714314,221.19,234.20
106,"HardnessPSV",Isobath_shell,-7.744990594,108.994742331,221.19,234.20
106,"HardnessPSV",Isobath_shell,-7.745026762,108.994760655,221.19,234.20
106,"HardnessPSV",Isobath_shell,-7.74506293,108.994765878,221.19,234.20
106,"HardnessPSV",Isobath_shell,-7.745162393,108.994748108,221.19,234.20
106,"HardnessPSV",Isobath_shell,-7.745216645,108.994757656,221.19,234.20
106,"HardnessPSV",Isobath_shell,-7.745267898,108.994732444,221.19,234.20
106,"HardnessPSV",Isobath_shell,-7.745298024,108.994729445,221.19,234.20
106,"HardnessPSV",Isobath_shell,-7.745327762,108.994741509,221.19,234.20
106,"HardnessPSV",Isobath_shell,-7.745346794,108.994768705,221.19,234.20
106,"HardnessPSV",Isobath_shell,-7.745349165,108.994804966,221.19,234.20
106,"HardnessPSV",Isobath_shell,-7.745337427,108.994850293,221.19,234.20
106,"HardnessPSV",Isobath_shell,-7.745298024,108.994944895,221.19,234.20
106,"HardnessPSV",Isobath_shell,-7.745270898,108.99498961,221.19,234.20
106,"HardnessPSV",Isobath_shell,-7.745234729,108.995005808,221.19,234.20
106,"HardnessPSV",Isobath_shell,-7.745216645,108.995005848,221.19,234.20
106,"HardnessPSV",Isobath_shell,-7.745117183,108.994969965,221.19,234.20
106,"HardnessPSV",Isobath_shell,-7.74506293,108.995027746,221.19,234.20
106,"HardnessPSV",Isobath_shell,-7.745015583,108.995067859,221.19,234.20
106,"HardnessPSV",Isobath_shell,-7.74501012,108.995076924,221.19,234.20
106,"HardnessPSV",Isobath_shell,-7.74501099,108.99512225,221.19,234.20
106,"HardnessPSV",Isobath_shell,-7.745053698,108.995158512,221.19,234.20
106,"HardnessPSV",Isobath_shell,-7.745016462,108.995194773,221.19,234.20
106,"HardnessPSV",Isobath_shell,-7.745006239,108.995249164,221.19,234.20
106,"HardnessPSV",Isobath_shell,-7.744981634,108.995303556,221.19,234.20
106,"HardnessPSV",Isobath_shell,-7.744893241,108.995421404,221.19,234.20
106,"HardnessPSV",Isobath_shell,-7.74489288,108.995439535,221.19,234.20
106,"HardnessPSV",Isobath_shell,-7.744909216,108.995489284,221.19,234.20
106,"HardnessPSV",Isobath_shell,-7.744931798,108.995530187,221.19,234.20
106,"HardnessPSV",Isobath_shell,-7.74497251,108.995563824,221.19,234.20
106,"HardnessPSV",Isobath_shell,-7.745042297,108.995593644,221.19,234.20
106,"HardnessPSV",Isobath_shell,-7.745090057,108.995623106,221.19,234.20
106,"HardnessPSV",Isobath_shell,-7.745112031,108.995648036,221.19,234.20
106,"HardnessPSV",Isobath_shell,-7.745113233,108.995675231,221.19,234.20
106,"HardnessPSV",Isobath_shell,-7.745099099,108.995704028,221.19,234.20
106,"HardnessPSV",Isobath_shell,-7.745071973,108.995720329,221.19,234.20
106,"HardnessPSV",Isobath_shell,-7.744990594,108.995708549,221.19,234.20
106,"HardnessPSV",Isobath_shell,-7.744891132,108.995726606,221.19,234.20
106,"HardnessPSV",Isobath_shell,-7.744827837,108.995727468,221.19,234.20
106,"HardnessPSV",Isobath_shell,-7.744791669,108.995720722,221.19,234.20
106,"HardnessPSV",Isobath_shell,-7.744775515,108.995711493,221.19,234.20
106,"HardnessPSV",Isobath_shell,-7.744761954,108.995693362,221.19,234.20
106,"HardnessPSV",Isobath_shell,-7.744752031,108.99563897,221.19,234.20
106,"HardnessPSV",Isobath_shell,-7.744723137,108.995593644,221.19,234.20
106,"HardnessPSV",Isobath_shell,-7.744701249,108.995492976,221.19,234.20
106,"HardnessPSV",Isobath_shell,-7.744663856,108.995421404,221.19,234.20
106,"HardnessPSV",Isobath_shell,-7.744646996,108.995415548,221.19,234.20
106,"HardnessPSV",Isobath_shell,-7.744592744,108.995422227,221.19,234.20
106,"HardnessPSV",Isobath_shell,-7.74452945,108.995419456,221.19,234.20
106,"HardnessPSV",Isobath_shell,-7.744448071,108.995406864,221.19,234.20
106,"HardnessPSV",Isobath_shell,-7.744411903,108.995417874,221.19,234.20
106,"HardnessPSV",Isobath_shell,-7.744390237,108.995439535,221.19,234.20
106,"HardnessPSV",Isobath_shell,-7.744348609,108.995552765,221.19,234.20
106,"HardnessPSV",Isobath_shell,-7.744324907,108.995593644,221.19,234.20
106,"HardnessPSV",Isobath_shell,-7.744294357,108.995631561,221.19,234.20
106,"HardnessPSV",Isobath_shell,-7.744258188,108.995642908,221.19,234.20
106,"HardnessPSV",Isobath_shell,-7.744249243,108.995648036,221.19,234.20
106,"HardnessPSV",Isobath_shell,-7.744254506,108.995657101,221.19,234.20
106,"HardnessPSV",Isobath_shell,-7.74422202,108.9956701,221.19,234.20
106,"HardnessPSV",Isobath_shell,-7.744212978,108.995666166,221.19,234.20
106,"HardnessPSV",Isobath_shell,-7.744212978,108.995675231,221.19,234.20
106,"HardnessPSV",Isobath_shell,-7.74422202,108.99568236,221.19,234.20
106,"HardnessPSV",Isobath_shell,-7.744224162,108.995684297,221.19,234.20
106,"HardnessPSV",Isobath_shell,-7.74422202,108.995686118,221.19,234.20
106,"HardnessPSV",Isobath_shell,-7.74421359,108.995693362,221.19,234.20
106,"HardnessPSV",Isobath_shell,-7.744212978,108.995701398,221.19,234.20
106,"HardnessPSV",Isobath_shell,-7.744203936,108.995693362,221.19,234.20
106,"HardnessPSV",Isobath_shell,-7.744212908,108.995702427,221.19,234.20
106,"HardnessPSV",Isobath_shell,-7.744212978,108.995702478,221.19,234.20
106,"HardnessPSV",Isobath_shell,-7.74422202,108.995708316,221.19,234.20
106,"HardnessPSV",Isobath_shell,-7.744227338,108.995711493,221.19,234.20
106,"HardnessPSV",Isobath_shell,-7.74422202,108.995714895,221.19,234.20
106,"HardnessPSV",Isobath_shell,-7.7442134,108.995720558,221.19,234.20
106,"HardnessPSV",Isobath_shell,-7.744212978,108.99572091,221.19,234.20
106,"HardnessPSV",Isobath_shell,-7.744203936,108.995720558,221.19,234.20
106,"HardnessPSV",Isobath_shell,-7.744194894,108.995720558,221.19,234.20
106,"HardnessPSV",Isobath_shell,-7.744194894,108.995740069,221.19,234.20
106,"HardnessPSV",Isobath_shell,-7.744185852,108.995738688,221.19,234.20
106,"HardnessPSV",Isobath_shell,-7.744185852,108.995756819,221.19,234.20
106,"HardnessPSV",Isobath_shell,-7.744194894,108.995747754,221.19,234.20
106,"HardnessPSV",Isobath_shell,-7.744202748,108.995756819,221.19,234.20
106,"HardnessPSV",Isobath_shell,-7.744194894,108.995764613,221.19,234.20
106,"HardnessPSV",Isobath_shell,-7.744185852,108.995756819,221.19,234.20
106,"HardnessPSV",Isobath_shell,-7.744193499,108.995765884,221.19,234.20
106,"HardnessPSV",Isobath_shell,-7.744210122,108.995774949,221.19,234.20
106,"HardnessPSV",Isobath_shell,-7.74420541,108.995784015,221.19,234.20
106,"HardnessPSV",Isobath_shell,-7.744210767,108.99579308,221.19,234.20
106,"HardnessPSV",Isobath_shell,-7.744231899,108.995802145,221.19,234.20
106,"HardnessPSV",Isobath_shell,-7.74424567,108.995856537,221.19,234.20
106,"HardnessPSV",Isobath_shell,-7.744243942,108.995874667,221.19,234.20
106,"HardnessPSV",Isobath_shell,-7.744226204,108.995919994,221.19,234.20
106,"HardnessPSV",Isobath_shell,-7.744199961,108.995947189,221.19,234.20
106,"HardnessPSV",Isobath_shell,-7.744158726,108.995976843,221.19,234.20
106,"HardnessPSV",Isobath_shell,-7.744113516,108.995979676,221.19,234.20
106,"HardnessPSV",Isobath_shell,-7.744104474,108.995974385,221.19,234.20
106,"HardnessPSV",Isobath_shell,-7.744095432,108.995974385,221.19,234.20
106,"HardnessPSV",Isobath_shell,-7.74408639,108.99598345,221.19,234.20
106,"HardnessPSV",Isobath_shell,-7.74408639,108.996001581,221.19,234.20
106,"HardnessPSV",Isobath_shell,-7.744077348,108.996010646,221.19,234.20
106,"HardnessPSV",Isobath_shell,-7.744077348,108.996019711,221.19,234.20
106,"HardnessPSV",Isobath_shell,-7.744068305,108.996028777,221.19,234.20
106,"HardnessPSV",Isobath_shell,-7.744068305,108.996037842,221.19,234.20
106,"HardnessPSV",Isobath_shell,-7.744059263,108.996046907,221.19,234.20
106,"HardnessPSV",Isobath_shell,-7.744059263,108.996065038,221.19,234.20
106,"HardnessPSV",Isobath_shell,-7.744050221,108.996074103,221.19,234.20
106,"HardnessPSV",Isobath_shell,-7.744050221,108.996083168,221.19,234.20
106,"HardnessPSV",Isobath_shell,-7.744041179,108.996092234,221.19,234.20
106,"HardnessPSV",Isobath_shell,-7.744041179,108.996101299,221.19,234.20
106,"HardnessPSV",Isobath_shell,-7.744032137,108.996110364,221.19,234.20
106,"HardnessPSV",Isobath_shell,-7.744032137,108.996128495,221.19,234.20
106,"HardnessPSV",Isobath_shell,-7.744023095,108.99613756,221.19,234.20
106,"HardnessPSV",Isobath_shell,-7.744023095,108.996156063,221.19,234.20
106,"HardnessPSV",Isobath_shell,-7.744014053,108.99615569,221.19,234.20
106,"HardnessPSV",Isobath_shell,-7.744014053,108.996164756,221.19,234.20
106,"HardnessPSV",Isobath_shell,-7.744005011,108.996173821,221.19,234.20
106,"HardnessPSV",Isobath_shell,-7.744005011,108.996191951,221.19,234.20
106,"HardnessPSV",Isobath_shell,-7.743995969,108.996201017,221.19,234.20
106,"HardnessPSV",Isobath_shell,-7.743995969,108.996210082,221.19,234.20
106,"HardnessPSV",Isobath_shell,-7.743986927,108.996219147,221.19,234.20
106,"HardnessPSV",Isobath_shell,-7.743986927,108.996228213,221.19,234.20
106,"HardnessPSV",Isobath_shell,-7.743977885,108.996237278,221.19,234.20
106,"HardnessPSV",Isobath_shell,-7.743977885,108.996255408,221.19,234.20
106,"HardnessPSV",Isobath_shell,-7.743968843,108.996264474,221.19,234.20
106,"HardnessPSV",Isobath_shell,-7.743968843,108.996273539,221.19,234.20
106,"HardnessPSV",Isobath_shell,-7.743959801,108.996282604,221.19,234.20
106,"HardnessPSV",Isobath_shell,-7.743959801,108.996291669,221.19,234.20
106,"HardnessPSV",Isobath_shell,-7.743950759,108.996300735,221.19,234.20
106,"HardnessPSV",Isobath_shell,-7.743950759,108.996318865,221.19,234.20
106,"HardnessPSV",Isobath_shell,-7.743941717,108.99632793,221.19,234.20
106,"HardnessPSV",Isobath_shell,-7.743941717,108.996336996,221.19,234.20
106,"HardnessPSV",Isobath_shell,-7.743932675,108.996346061,221.19,234.20
106,"HardnessPSV",Isobath_shell,-7.743932675,108.996355126,221.19,234.20
106,"HardnessPSV",Isobath_shell,-7.743923633,108.996364191,221.19,234.20
106,"HardnessPSV",Isobath_shell,-7.743923633,108.996382322,221.19,234.20
106,"HardnessPSV",Isobath_shell,-7.743914591,108.996391387,221.19,234.20
106,"HardnessPSV",Isobath_shell,-7.743914591,108.996400453,221.19,234.20
106,"HardnessPSV",Isobath_shell,-7.743905549,108.996409518,221.19,234.20
106,"HardnessPSV",Isobath_shell,-7.743905549,108.996418583,221.19,234.20
106,"HardnessPSV",Isobath_shell,-7.743896507,108.996427648,221.19,234.20
106,"HardnessPSV",Isobath_shell,-7.743896507,108.996445779,221.19,234.20
106,"HardnessPSV",Isobath_shell,-7.743887465,108.996454844,221.19,234.20
106,"HardnessPSV",Isobath_shell,-7.743887465,108.996463909,221.19,234.20
106,"HardnessPSV",Isobath_shell,-7.743878422,108.996472975,221.19,234.20
106,"HardnessPSV",Isobath_shell,-7.743878422,108.99648204,221.19,234.20
106,"HardnessPSV",Isobath_shell,-7.74386938,108.996491105,221.19,234.20
106,"HardnessPSV",Isobath_shell,-7.74386938,108.996509236,221.19,234.20
106,"HardnessPSV",Isobath_shell,-7.743860338,108.996518301,221.19,234.20
106,"HardnessPSV",Isobath_shell,-7.743860338,108.996527366,221.19,234.20
106,"HardnessPSV",Isobath_shell,-7.743851296,108.996536431,221.19,234.20
106,"HardnessPSV",Isobath_shell,-7.743851296,108.996545497,221.19,234.20
106,"HardnessPSV",Isobath_shell,-7.743842254,108.996554562,221.19,234.20
106,"HardnessPSV",Isobath_shell,-7.743842254,108.996572693,221.19,234.20
106,"HardnessPSV",Isobath_shell,-7.743833212,108.996581758,221.19,234.20
106,"HardnessPSV",Isobath_shell,-7.743833212,108.996590823,221.19,234.20
106,"HardnessPSV",Isobath_shell,-7.74382417,108.996599888,221.19,234.20
106,"HardnessPSV",Isobath_shell,-7.74382417,108.996608954,221.19,234.20
106,"HardnessPSV",Isobath_shell,-7.743815128,108.996618019,221.19,234.20
106,"HardnessPSV",Isobath_shell,-7.743815128,108.996636149,221.19,234.20
106,"HardnessPSV",Isobath_shell,-7.743806086,108.996645215,221.19,234.20
106,"HardnessPSV",Isobath_shell,-7.743806086,108.99665428,221.19,234.20
106,"HardnessPSV",Isobath_shell,-7.743797044,108.996663345,221.19,234.20
106,"HardnessPSV",Isobath_shell,-7.743797044,108.99667241,221.19,234.20
106,"HardnessPSV",Isobath_shell,-7.743788002,108.996681476,221.19,234.20
106,"HardnessPSV",Isobath_shell,-7.743788002,108.996699606,221.19,234.20
106,"HardnessPSV",Isobath_shell,-7.74377896,108.996708671,221.19,234.20
106,"HardnessPSV",Isobath_shell,-7.74377896,108.996717737,221.19,234.20
106,"HardnessPSV",Isobath_shell,-7.743769918,108.996726802,221.19,234.20
106,"HardnessPSV",Isobath_shell,-7.743769918,108.996735867,221.19,234.20
106,"HardnessPSV",Isobath_shell,-7.743760876,108.996744933,221.19,234.20
106,"HardnessPSV",Isobath_shell,-7.743760876,108.996763063,221.19,234.20
106,"HardnessPSV",Isobath_shell,-7.743751834,108.996772128,221.19,234.20
106,"HardnessPSV",Isobath_shell,-7.743751834,108.996781194,221.19,234.20
106,"HardnessPSV",Isobath_shell,-7.743742792,108.996790259,221.19,234.20
106,"HardnessPSV",Isobath_shell,-7.743742792,108.996799324,221.19,234.20
106,"HardnessPSV",Isobath_shell,-7.74373375,108.996808389,221.19,234.20
106,"HardnessPSV",Isobath_shell,-7.74373375,108.99682652,221.19,234.20
106,"HardnessPSV",Isobath_shell,-7.743724708,108.996835585,221.19,234.20
106,"HardnessPSV",Isobath_shell,-7.743724708,108.99684465,221.19,234.20
106,"HardnessPSV",Isobath_shell,-7.743715666,108.996853716,221.19,234.20
106,"HardnessPSV",Isobath_shell,-7.743715666,108.996862781,221.19,234.20
106,"HardnessPSV",Isobath_shell,-7.743706624,108.996871846,221.19,234.20
106,"HardnessPSV",Isobath_shell,-7.743706624,108.996889977,221.19,234.20
106,"HardnessPSV",Isobath_shell,-7.743697582,108.996899042,221.19,234.20
106,"HardnessPSV",Isobath_shell,-7.743697582,108.996908107,221.19,234.20
106,"HardnessPSV",Isobath_shell,-7.74368854,108.996917173,221.19,234.20
106,"HardnessPSV",Isobath_shell,-7.74368854,108.996926238,221.19,234.20
106,"HardnessPSV",Isobath_shell,-7.743679497,108.996935303,221.19,234.20
106,"HardnessPSV",Isobath_shell,-7.743679497,108.996953434,221.19,234.20
106,"HardnessPSV",Isobath_shell,-7.743670455,108.996962499,221.19,234.20
106,"HardnessPSV",Isobath_shell,-7.743670455,108.996971564,221.19,234.20
106,"HardnessPSV",Isobath_shell,-7.743661413,108.996980629,221.19,234.20
106,"HardnessPSV",Isobath_shell,-7.743661413,108.996989695,221.19,234.20
106,"HardnessPSV",Isobath_shell,-7.743652371,108.99699876,221.19,234.20
106,"HardnessPSV",Isobath_shell,-7.743652371,108.99701689,221.19,234.20
106,"HardnessPSV",Isobath_shell,-7.743643329,108.997025956,221.19,234.20
106,"HardnessPSV",Isobath_shell,-7.743643329,108.997035021,221.19,234.20
106,"HardnessPSV",Isobath_shell,-7.743634287,108.997044086,221.19,234.20
106,"HardnessPSV",Isobath_shell,-7.743634287,108.997053151,221.19,234.20
106,"HardnessPSV",Isobath_shell,-7.743625245,108.997062217,221.19,234.20
106,"HardnessPSV",Isobath_shell,-7.743625245,108.997080347,221.19,234.20
106,"HardnessPSV",Isobath_shell,-7.743616203,108.997089413,221.19,234.20
106,"HardnessPSV",Isobath_shell,-7.743616203,108.997098478,221.19,234.20
106,"HardnessPSV",Isobath_shell,-7.743607161,108.997107543,221.19,234.20
106,"HardnessPSV",Isobath_shell,-7.743607161,108.997116608,221.19,234.20
106,"HardnessPSV",Isobath_shell,-7.743598119,108.997125674,221.19,234.20
106,"HardnessPSV",Isobath_shell,-7.743598119,108.997143804,221.19,234.20
106,"HardnessPSV",Isobath_shell,-7.743589077,108.997152869,221.19,234.20
106,"HardnessPSV",Isobath_shell,-7.743589077,108.997161935,221.19,234.20
106,"HardnessPSV",Isobath_shell,-7.743580035,108.997171,221.19,234.20
106,"HardnessPSV",Isobath_shell,-7.743580035,108.997180065,221.19,234.20
106,"HardnessPSV",Isobath_shell,-7.743570993,108.99718913,221.19,234.20
106,"HardnessPSV",Isobath_shell,-7.743570993,108.997198196,221.19,234.20
106,"HardnessPSV",Isobath_shell,-7.743561951,108.997207261,221.19,234.20
106,"HardnessPSV",Isobath_shell,-7.743561951,108.997225391,221.19,234.20
106,"HardnessPSV",Isobath_shell,-7.743552909,108.997234457,221.19,234.20
106,"HardnessPSV",Isobath_shell,-7.743552909,108.997243522,221.19,234.20
106,"HardnessPSV",Isobath_shell,-7.743543867,108.997252587,221.19,234.20
106,"HardnessPSV",Isobath_shell,-7.743543867,108.997261653,221.19,234.20
106,"HardnessPSV",Isobath_shell,-7.743534825,108.997270718,221.19,234.20
106,"HardnessPSV",Isobath_shell,-7.743534825,108.997279783,221.19,234.20
106,"HardnessPSV",Isobath_shell,-7.743525783,108.997288848,221.19,234.20
106,"HardnessPSV",Isobath_shell,-7.743525783,108.997297914,221.19,234.20
106,"HardnessPSV",Isobath_shell,-7.743516741,108.997306979,221.19,234.20
106,"HardnessPSV",Isobath_shell,-7.743516741,108.997325109,221.19,234.20
106,"HardnessPSV",Isobath_shell,-7.743507699,108.997334175,221.19,234.20
106,"HardnessPSV",Isobath_shell,-7.743507699,108.99734324,221.19,234.20
106,"HardnessPSV",Isobath_shell,-7.743498657,108.997352305,221.19,234.20
106,"HardnessPSV",Isobath_shell,-7.743498657,108.99736137,221.19,234.20
106,"HardnessPSV",Isobath_shell,-7.743489615,108.997370436,221.19,234.20
106,"HardnessPSV",Isobath_shell,-7.743489615,108.997379501,221.19,234.20
106,"HardnessPSV",Isobath_shell,-7.743480572,108.997388566,221.19,234.20
106,"HardnessPSV",Isobath_shell,-7.743480572,108.997397631,221.19,234.20
106,"HardnessPSV",Isobath_shell,-7.74347153,108.997406697,221.19,234.20
106,"HardnessPSV",Isobath_shell,-7.74347153,108.997424827,221.19,234.20
106,"HardnessPSV",Isobath_shell,-7.743462488,108.997433893,221.19,234.20
106,"HardnessPSV",Isobath_shell,-7.743462488,108.997442958,221.19,234.20
106,"HardnessPSV",Isobath_shell,-7.743453446,108.997452023,221.19,234.20
106,"HardnessPSV",Isobath_shell,-7.743453446,108.997461088,221.19,234.20
106,"HardnessPSV",Isobath_shell,-7.743444404,108.997470154,221.19,234.20
106,"HardnessPSV",Isobath_shell,-7.743444404,108.997479219,221.19,234.20
106,"HardnessPSV",Isobath_shell,-7.743435362,108.997488284,221.19,234.20
106,"HardnessPSV",Isobath_shell,-7.743435362,108.997497349,221.19,234.20
106,"HardnessPSV",Isobath_shell,-7.74342632,108.997506415,221.19,234.20
106,"HardnessPSV",Isobath_shell,-7.74342632,108.997524545,221.19,234.20
106,"HardnessPSV",Isobath_shell,-7.743417278,108.99753361,221.19,234.20
106,"HardnessPSV",Isobath_shell,-7.743417278,108.997542676,221.19,234.20
106,"HardnessPSV",Isobath_shell,-7.743408236,108.997551741,221.19,234.20
106,"HardnessPSV",Isobath_shell,-7.743408236,108.997560806,221.19,234.20
106,"HardnessPSV",Isobath_shell,-7.743399194,108.997569871,221.19,234.20
106,"HardnessPSV",Isobath_shell,-7.743399194,108.997578937,221.19,234.20
106,"HardnessPSV",Isobath_shell,-7.743390152,108.997588002,221.19,234.20
106,"HardnessPSV",Isobath_shell,-7.743390152,108.997597067,221.19,234.20
106,"HardnessPSV",Isobath_shell,-7.74338111,108.997606133,221.19,234.20
106,"HardnessPSV",Isobath_shell,-7.74338111,108.997624263,221.19,234.20
106,"HardnessPSV",Isobath_shell,-7.743372068,108.997633328,221.19,234.20
106,"HardnessPSV",Isobath_shell,-7.743372068,108.997642394,221.19,234.20
106,"HardnessPSV",Isobath_shell,-7.743363026,108.997651459,221.19,234.20
106,"HardnessPSV",Isobath_shell,-7.743363026,108.997660524,221.19,234.20
106,"HardnessPSV",Isobath_shell,-7.743353984,108.997669589,221.19,234.20
106,"HardnessPSV",Isobath_shell,-7.743353984,108.997678655,221.19,234.20
106,"HardnessPSV",Isobath_shell,-7.743344942,108.99768772,221.19,234.20
106,"HardnessPSV",Isobath_shell,-7.743344942,108.997696785,221.19,234.20
106,"HardnessPSV",Isobath_shell,-7.7433359,108.99770585,221.19,234.20
106,"HardnessPSV",Isobath_shell,-7.7433359,108.997714916,221.19,234.20
106,"HardnessPSV",Isobath_shell,-7.743326858,108.997723981,221.19,234.20
106,"HardnessPSV",Isobath_shell,-7.743326858,108.997742111,221.19,234.20
106,"HardnessPSV",Isobath_shell,-7.743317816,108.997751177,221.19,234.20
106,"HardnessPSV",Isobath_shell,-7.743317816,108.997760242,221.19,234.20
106,"HardnessPSV",Isobath_shell,-7.743308774,108.997769307,221.19,234.20
106,"HardnessPSV",Isobath_shell,-7.743308774,108.997778373,221.19,234.20
106,"HardnessPSV",Isobath_shell,-7.743299732,108.997787438,221.19,234.20
106,"HardnessPSV",Isobath_shell,-7.743299732,108.997805568,221.19,234.20
106,"HardnessPSV",Isobath_shell,-7.743290689,108.997814634,221.19,234.20
106,"HardnessPSV",Isobath_shell,-7.743290689,108.997823699,221.19,234.20
106,"HardnessPSV",Isobath_shell,-7.743299732,108.997823699,221.19,234.20
106,"HardnessPSV",Isobath_shell,-7.743308774,108.997830374,221.19,234.20
106,"HardnessPSV",Isobath_shell,-7.743344942,108.997831606,221.19,234.20
106,"HardnessPSV",Isobath_shell,-7.743347713,108.99785996,221.19,234.20
106,"HardnessPSV",Isobath_shell,-7.743336021,108.997905286,221.19,234.20
106,"HardnessPSV",Isobath_shell,-7.743317816,108.997925109,221.19,234.20
106,"HardnessPSV",Isobath_shell,-7.743316028,108.997968743,221.19,234.20
106,"HardnessPSV",Isobath_shell,-7.743322819,108.997995939,221.19,234.20
106,"HardnessPSV",Isobath_shell,-7.743305137,108.99805033,221.19,234.20
106,"HardnessPSV",Isobath_shell,-7.743305573,108.998059396,221.19,234.20
106,"HardnessPSV",Isobath_shell,-7.743291157,108.998077526,221.19,234.20
106,"HardnessPSV",Isobath_shell,-7.743236437,108.998098654,221.19,234.20
106,"HardnessPSV",Isobath_shell,-7.743182185,108.998104469,221.19,234.20
106,"HardnessPSV",Isobath_shell,-7.743173143,108.998104722,221.19,234.20
106,"HardnessPSV",Isobath_shell,-7.743173143,108.998109237,221.19,234.20
106,"HardnessPSV",Isobath_shell,-7.743164101,108.998113787,221.19,234.20
106,"HardnessPSV",Isobath_shell,-7.743164101,108.998122853,221.19,234.20
106,"HardnessPSV",Isobath_shell,-7.743155059,108.998131918,221.19,234.20
106,"HardnessPSV",Isobath_shell,-7.743155059,108.998140983,221.19,234.20
106,"HardnessPSV",Isobath_shell,-7.743146017,108.998150048,221.19,234.20
106,"HardnessPSV",Isobath_shell,-7.743146017,108.998159114,221.19,234.20
106,"HardnessPSV",Isobath_shell,-7.743136975,108.998168179,221.19,234.20
106,"HardnessPSV",Isobath_shell,-7.743136975,108.998186309,221.19,234.20
106,"HardnessPSV",Isobath_shell,-7.743127933,108.998195375,221.19,234.20
106,"HardnessPSV",Isobath_shell,-7.743127933,108.99820444,221.19,234.20
106,"HardnessPSV",Isobath_shell,-7.743118891,108.998213505,221.19,234.20
106,"HardnessPSV",Isobath_shell,-7.743118891,108.99822257,221.19,234.20
106,"HardnessPSV",Isobath_shell,-7.743127933,108.99822257,221.19,234.20
106,"HardnessPSV",Isobath_shell,-7.743130942,108.998231636,221.19,234.20
106,"HardnessPSV",Isobath_shell,-7.743149121,108.998258831,221.19,234.20
106,"HardnessPSV",Isobath_shell,-7.743200269,108.998294883,221.19,234.20
106,"HardnessPSV",Isobath_shell,-7.743236437,108.998337081,221.19,234.20
106,"HardnessPSV",Isobath_shell,-7.743308774,108.998365501,221.19,234.20
106,"HardnessPSV",Isobath_shell,-7.743334292,108.998385745,221.19,234.20
106,"HardnessPSV",Isobath_shell,-7.74335395,108.998422006,221.19,234.20
106,"HardnessPSV",Isobath_shell,-7.74336369,108.998449202,221.19,234.20
106,"HardnessPSV",Isobath_shell,-7.743365765,108.998476398,221.19,234.20
106,"HardnessPSV",Isobath_shell,-7.743383568,108.998503594,221.19,234.20
106,"HardnessPSV",Isobath_shell,-7.743388357,108.998521724,221.19,234.20
106,"HardnessPSV",Isobath_shell,-7.74338111,108.998530789,221.19,234.20
106,"HardnessPSV",Isobath_shell,-7.743417278,108.998530789,221.19,234.20
106,"HardnessPSV",Isobath_shell,-7.743417278,108.998539855,221.19,234.20
106,"HardnessPSV",Isobath_shell,-7.743453446,108.998539855,221.19,234.20
106,"HardnessPSV",Isobath_shell,-7.743453446,108.99854892,221.19,234.20
106,"HardnessPSV",Isobath_shell,-7.743498657,108.99854892,221.19,234.20
106,"HardnessPSV",Isobath_shell,-7.743507699,108.998539855,221.19,234.20
106,"HardnessPSV",Isobath_shell,-7.743516741,108.998530789,221.19,234.20
106,"HardnessPSV",Isobath_shell,-7.743543867,108.998503594,221.19,234.20
106,"HardnessPSV",Isobath_shell,-7.743552909,108.998494528,221.19,234.20
106,"HardnessPSV",Isobath_shell,-7.743580035,108.998467333,221.19,234.20
106,"HardnessPSV",Isobath_shell,-7.743589077,108.998458267,221.19,234.20
106,"HardnessPSV",Isobath_shell,-7.743607161,108.998440137,221.19,234.20
106,"HardnessPSV",Isobath_shell,-7.743616203,108.998431071,221.19,234.20
106,"HardnessPSV",Isobath_shell,-7.743643329,108.998403876,221.19,234.20
106,"HardnessPSV",Isobath_shell,-7.743652371,108.99839481,221.19,234.20
106,"HardnessPSV",Isobath_shell,-7.743679497,108.998367615,221.19,234.20
106,"HardnessPSV",Isobath_shell,-7.743679497,108.998358549,221.19,234.20
106,"HardnessPSV",Isobath_shell,-7.74368854,108.998349484,221.19,234.20
106,"HardnessPSV",Isobath_shell,-7.74368854,108.998340419,221.19,234.20
106,"HardnessPSV",Isobath_shell,-7.743697582,108.998331354,221.19,234.20
106,"HardnessPSV",Isobath_shell,-7.743706624,108.998322288,221.19,234.20
106,"HardnessPSV",Isobath_shell,-7.743706624,108.998313223,221.19,234.20
106,"HardnessPSV",Isobath_shell,-7.743715666,108.998304158,221.19,234.20
106,"HardnessPSV",Isobath_shell,-7.743715666,108.998295093,221.19,234.20
106,"HardnessPSV",Isobath_shell,-7.743724708,108.998286027,221.19,234.20
106,"HardnessPSV",Isobath_shell,-7.74373375,108.998276962,221.19,234.20
106,"HardnessPSV",Isobath_shell,-7.74373375,108.998267897,221.19,234.20
106,"HardnessPSV",Isobath_shell,-7.743742792,108.998258831,221.19,234.20
106,"HardnessPSV",Isobath_shell,-7.743742792,108.998249766,221.19,234.20
106,"HardnessPSV",Isobath_shell,-7.743760876,108.998231636,221.19,234.20
106,"HardnessPSV",Isobath_shell,-7.743760876,108.99822257,221.19,234.20
106,"HardnessPSV",Isobath_shell,-7.743769918,108.998213505,221.19,234.20
106,"HardnessPSV",Isobath_shell,-7.743769918,108.99820444,221.19,234.20
106,"HardnessPSV",Isobath_shell,-7.74377896,108.998195375,221.19,234.20
106,"HardnessPSV",Isobath_shell,-7.743788002,108.998186309,221.19,234.20
106,"HardnessPSV",Isobath_shell,-7.743788002,108.998177244,221.19,234.20
106,"HardnessPSV",Isobath_shell,-7.743797044,108.998168179,221.19,234.20
106,"HardnessPSV",Isobath_shell,-7.743797044,108.998159114,221.19,234.20
106,"HardnessPSV",Isobath_shell,-7.743806086,108.998150048,221.19,234.20
106,"HardnessPSV",Isobath_shell,-7.743815128,108.998140983,221.19,234.20
106,"HardnessPSV",Isobath_shell,-7.743815128,108.998131918,221.19,234.20
106,"HardnessPSV",Isobath_shell,-7.74382417,108.998122853,221.19,234.20
106,"HardnessPSV",Isobath_shell,-7.74382417,108.998113787,221.19,234.20
106,"HardnessPSV",Isobath_shell,-7.743842254,108.998095657,221.19,234.20
106,"HardnessPSV",Isobath_shell,-7.743842254,108.998086591,221.19,234.20
106,"HardnessPSV",Isobath_shell,-7.743851296,108.998077526,221.19,234.20
106,"HardnessPSV",Isobath_shell,-7.743851296,108.998068461,221.19,234.20
106,"HardnessPSV",Isobath_shell,-7.743860338,108.998059396,221.19,234.20
106,"HardnessPSV",Isobath_shell,-7.74386938,108.99805033,221.19,234.20
106,"HardnessPSV",Isobath_shell,-7.74386938,108.998041265,221.19,234.20
106,"HardnessPSV",Isobath_shell,-7.743878422,108.9980322,221.19,234.20
106,"HardnessPSV",Isobath_shell,-7.743878422,108.998023135,221.19,234.20
106,"HardnessPSV",Isobath_shell,-7.743887465,108.998014069,221.19,234.20
106,"HardnessPSV",Isobath_shell,-7.743896507,108.998005004,221.19,234.20
106,"HardnessPSV",Isobath_shell,-7.743896507,108.997995939,221.19,234.20
106,"HardnessPSV",Isobath_shell,-7.743905549,108.997986874,221.19,234.20
106,"HardnessPSV",Isobath_shell,-7.743914591,108.997977808,221.19,234.20
106,"HardnessPSV",Isobath_shell,-7.743914591,108.997968743,221.19,234.20
106,"HardnessPSV",Isobath_shell,-7.743923633,108.997959678,221.19,234.20
106,"HardnessPSV",Isobath_shell,-7.743923633,108.997950613,221.19,234.20
106,"HardnessPSV",Isobath_shell,-7.743932675,108.997941547,221.19,234.20
106,"HardnessPSV",Isobath_shell,-7.743941717,108.997932482,221.19,234.20
106,"HardnessPSV",Isobath_shell,-7.743941717,108.997923417,221.19,234.20
106,"HardnessPSV",Isobath_shell,-7.743950759,108.997914351,221.19,234.20
106,"HardnessPSV",Isobath_shell,-7.743950759,108.997905286,221.19,234.20
106,"HardnessPSV",Isobath_shell,-7.743968843,108.997887156,221.19,234.20
106,"HardnessPSV",Isobath_shell,-7.743968843,108.99787809,221.19,234.20
106,"HardnessPSV",Isobath_shell,-7.743977885,108.997869025,221.19,234.20
106,"HardnessPSV",Isobath_shell,-7.743977885,108.99785996,221.19,234.20
106,"HardnessPSV",Isobath_shell,-7.743986927,108.997850895,221.19,234.20
106,"HardnessPSV",Isobath_shell,-7.743995969,108.997841829,221.19,234.20
106,"HardnessPSV",Isobath_shell,-7.743995969,108.997832764,221.19,234.20
106,"HardnessPSV",Isobath_shell,-7.744005011,108.997823699,221.19,234.20
106,"HardnessPSV",Isobath_shell,-7.744005011,108.997814634,221.19,234.20
106,"HardnessPSV",Isobath_shell,-7.744014053,108.997805568,221.19,234.20
106,"HardnessPSV",Isobath_shell,-7.744023095,108.997796503,221.19,234.20
106,"HardnessPSV",Isobath_shell,-7.744023095,108.997787438,221.19,234.20
106,"HardnessPSV",Isobath_shell,-7.744032137,108.997778373,221.19,234.20
106,"HardnessPSV",Isobath_shell,-7.744032137,108.997769307,221.19,234.20
106,"HardnessPSV",Isobath_shell,-7.744050221,108.997751177,221.19,234.20
106,"HardnessPSV",Isobath_shell,-7.744050221,108.997742111,221.19,234.20
106,"HardnessPSV",Isobath_shell,-7.744059263,108.997733046,221.19,234.20
106,"HardnessPSV",Isobath_shell,-7.744059263,108.997723981,221.19,234.20
106,"HardnessPSV",Isobath_shell,-7.744068305,108.997714916,221.19,234.20
106,"HardnessPSV",Isobath_shell,-7.744077348,108.99770585,221.19,234.20
106,"HardnessPSV",Isobath_shell,-7.744077348,108.997696785,221.19,234.20
106,"HardnessPSV",Isobath_shell,-7.74408639,108.99768772,221.19,234.20
106,"HardnessPSV",Isobath_shell,-7.74408639,108.997678655,221.19,234.20
106,"HardnessPSV",Isobath_shell,-7.744095432,108.997669589,221.19,234.20
106,"HardnessPSV",Isobath_shell,-7.744104474,108.997660524,221.19,234.20
106,"HardnessPSV",Isobath_shell,-7.744104474,108.997651459,221.19,234.20
106,"HardnessPSV",Isobath_shell,-7.744113516,108.997642394,221.19,234.20
106,"HardnessPSV",Isobath_shell,-7.744122558,108.997633328,221.19,234.20
106,"HardnessPSV",Isobath_shell,-7.744122558,108.997624263,221.19,234.20
106,"HardnessPSV",Isobath_shell,-7.7441316,108.997615198,221.19,234.20
106,"HardnessPSV",Isobath_shell,-7.7441316,108.997606133,221.19,234.20
106,"HardnessPSV",Isobath_shell,-7.744140642,108.997597067,221.19,234.20
106,"HardnessPSV",Isobath_shell,-7.744149684,108.997588002,221.19,234.20
106,"HardnessPSV",Isobath_shell,-7.744149684,108.997578937,221.19,234.20
106,"HardnessPSV",Isobath_shell,-7.744158726,108.997569871,221.19,234.20
106,"HardnessPSV",Isobath_shell,-7.744158726,108.997560806,221.19,234.20
106,"HardnessPSV",Isobath_shell,-7.74417681,108.997542676,221.19,234.20
106,"HardnessPSV",Isobath_shell,-7.74417681,108.99753361,221.19,234.20
106,"HardnessPSV",Isobath_shell,-7.744185852,108.997524545,221.19,234.20
106,"HardnessPSV",Isobath_shell,-7.744185852,108.99751548,221.19,234.20
106,"HardnessPSV",Isobath_shell,-7.744194894,108.997506415,221.19,234.20
106,"HardnessPSV",Isobath_shell,-7.744203936,108.997497349,221.19,234.20
106,"HardnessPSV",Isobath_shell,-7.744203936,108.997488284,221.19,234.20
106,"HardnessPSV",Isobath_shell,-7.744212978,108.997479219,221.19,234.20
106,"HardnessPSV",Isobath_shell,-7.744212978,108.997470154,221.19,234.20
106,"HardnessPSV",Isobath_shell,-7.74422202,108.997461088,221.19,234.20
106,"HardnessPSV",Isobath_shell,-7.744231062,108.997452023,221.19,234.20
106,"HardnessPSV",Isobath_shell,-7.744231062,108.997442958,221.19,234.20
106,"HardnessPSV",Isobath_shell,-7.744240104,108.997433893,221.19,234.20
106,"HardnessPSV",Isobath_shell,-7.744240104,108.997424827,221.19,234.20
106,"HardnessPSV",Isobath_shell,-7.744258188,108.997406697,221.19,234.20
106,"HardnessPSV",Isobath_shell,-7.744258188,108.997397631,221.19,234.20
106,"HardnessPSV",Isobath_shell,-7.74426723,108.997388566,221.19,234.20
106,"HardnessPSV",Isobath_shell,-7.74426723,108.997379501,221.19,234.20
106,"HardnessPSV",Isobath_shell,-7.744276273,108.997370436,221.19,234.20
106,"HardnessPSV",Isobath_shell,-7.744285315,108.99736137,221.19,234.20
106,"HardnessPSV",Isobath_shell,-7.744285315,108.997352305,221.19,234.20
106,"HardnessPSV",Isobath_shell,-7.744294357,108.99734324,221.19,234.20
106,"HardnessPSV",Isobath_shell,-7.744294357,108.997334175,221.19,234.20
106,"HardnessPSV",Isobath_shell,-7.744303399,108.997325109,221.19,234.20
106,"HardnessPSV",Isobath_shell,-7.744312441,108.997316044,221.19,234.20
106,"HardnessPSV",Isobath_shell,-7.744312441,108.997306979,221.19,234.20
106,"HardnessPSV",Isobath_shell,-7.744321483,108.997297914,221.19,234.20
106,"HardnessPSV",Isobath_shell,-7.744321483,108.997288848,221.19,234.20
106,"HardnessPSV",Isobath_shell,-7.744339567,108.997270718,221.19,234.20
106,"HardnessPSV",Isobath_shell,-7.744339567,108.997261653,221.19,234.20
106,"HardnessPSV",Isobath_shell,-7.744348609,108.997252587,221.19,234.20
106,"HardnessPSV",Isobath_shell,-7.744357651,108.997243522,221.19,234.20
106,"HardnessPSV",Isobath_shell,-7.744357651,108.997234457,221.19,234.20
106,"HardnessPSV",Isobath_shell,-7.744366693,108.997225391,221.19,234.20
106,"HardnessPSV",Isobath_shell,-7.744366693,108.997216326,221.19,234.20
106,"HardnessPSV",Isobath_shell,-7.744384777,108.997198196,221.19,234.20
106,"HardnessPSV",Isobath_shell,-7.744384777,108.99718913,221.19,234.20
106,"HardnessPSV",Isobath_shell,-7.744393819,108.997180065,221.19,234.20
106,"HardnessPSV",Isobath_shell,-7.744393819,108.997171,221.19,234.20
106,"HardnessPSV",Isobath_shell,-7.744402861,108.997161935,221.19,234.20
106,"HardnessPSV",Isobath_shell,-7.744411903,108.997152869,221.19,234.20
106,"HardnessPSV",Isobath_shell,-7.744411903,108.997143804,221.19,234.20
106,"HardnessPSV",Isobath_shell,-7.744420945,108.997134739,221.19,234.20
106,"HardnessPSV",Isobath_shell,-7.744420945,108.997125674,221.19,234.20
106,"HardnessPSV",Isobath_shell,-7.744429987,108.997116608,221.19,234.20
106,"HardnessPSV",Isobath_shell,-7.744439029,108.997107543,221.19,234.20
106,"HardnessPSV",Isobath_shell,-7.744439029,108.997098478,221.19,234.20
106,"HardnessPSV",Isobath_shell,-7.744448071,108.997089413,221.19,234.20
106,"HardnessPSV",Isobath_shell,-7.744448071,108.997080347,221.19,234.20
106,"HardnessPSV",Isobath_shell,-7.744466155,108.997062217,221.19,234.20
106,"HardnessPSV",Isobath_shell,-7.744466155,108.997053151,221.19,234.20
106,"HardnessPSV",Isobath_shell,-7.744475198,108.997044086,221.19,234.20
106,"HardnessPSV",Isobath_shell,-7.744475198,108.997035021,221.19,234.20
106,"HardnessPSV",Isobath_shell,-7.74448424,108.997025956,221.19,234.20
106,"HardnessPSV",Isobath_shell,-7.744493282,108.99701689,221.19,234.20
106,"HardnessPSV",Isobath_shell,-7.744493282,108.997007825,221.19,234.20
106,"HardnessPSV",Isobath_shell,-7.744502324,108.99699876,221.19,234.20
106,"HardnessPSV",Isobath_shell,-7.744502324,108.996989695,221.19,234.20
106,"HardnessPSV",Isobath_shell,-7.744511366,108.996980629,221.19,234.20
106,"HardnessPSV",Isobath_shell,-7.744520408,108.996971564,221.19,234.20
106,"HardnessPSV",Isobath_shell,-7.744520408,108.996962499,221.19,234.20
106,"HardnessPSV",Isobath_shell,-7.74452945,108.996953434,221.19,234.20
106,"HardnessPSV",Isobath_shell,-7.74452945,108.996944368,221.19,234.20
106,"HardnessPSV",Isobath_shell,-7.744547534,108.996926238,221.19,234.20
106,"HardnessPSV",Isobath_shell,-7.744547534,108.996917173,221.19,234.20
106,"HardnessPSV",Isobath_shell,-7.744556576,108.996908107,221.19,234.20
106,"HardnessPSV",Isobath_shell,-7.744565618,108.996899042,221.19,234.20
106,"HardnessPSV",Isobath_shell,-7.744565618,108.996889977,221.19,234.20
106,"HardnessPSV",Isobath_shell,-7.74457466,108.996880911,221.19,234.20
106,"HardnessPSV",Isobath_shell,-7.74457466,108.996871846,221.19,234.20
106,"HardnessPSV",Isobath_shell,-7.744583702,108.996862781,221.19,234.20
106,"HardnessPSV",Isobath_shell,-7.744583702,108.99684465,221.19,234.20
106,"HardnessPSV",Isobath_shell,-7.744592744,108.996835585,221.19,234.20
106,"HardnessPSV",Isobath_shell,-7.744592744,108.99682652,221.19,234.20
106,"HardnessPSV",Isobath_shell,-7.744601786,108.996817455,221.19,234.20
106,"HardnessPSV",Isobath_shell,-7.744601786,108.996808389,221.19,234.20
106,"HardnessPSV",Isobath_shell,-7.744610828,108.996799324,221.19,234.20
106,"HardnessPSV",Isobath_shell,-7.744610828,108.996790259,221.19,234.20
106,"HardnessPSV",Isobath_shell,-7.74461987,108.996781194,221.19,234.20
106,"HardnessPSV",Isobath_shell,-7.74461987,108.996772128,221.19,234.20
106,"HardnessPSV",Isobath_shell,-7.744628912,108.996763063,221.19,234.20
106,"HardnessPSV",Isobath_shell,-7.744628912,108.996753998,221.19,234.20
106,"HardnessPSV",Isobath_shell,-7.744637954,108.996744933,221.19,234.20
106,"HardnessPSV",Isobath_shell,-7.744637954,108.996735867,221.19,234.20
106,"HardnessPSV",Isobath_shell,-7.744646996,108.996726802,221.19,234.20
106,"HardnessPSV",Isobath_shell,-7.744646996,108.996717737,221.19,234.20
106,"HardnessPSV",Isobath_shell,-7.744656038,108.996708671,221.19,234.20
106,"HardnessPSV",Isobath_shell,-7.744656038,108.996699606,221.19,234.20
106,"HardnessPSV",Isobath_shell,-7.74466508,108.996690541,221.19,234.20
106,"HardnessPSV",Isobath_shell,-7.74466508,108.996681476,221.19,234.20
106,"HardnessPSV",Isobath_shell,-7.744674123,108.99667241,221.19,234.20
106,"HardnessPSV",Isobath_shell,-7.744674123,108.996663345,221.19,234.20
106,"HardnessPSV",Isobath_shell,-7.744683165,108.99665428,221.19,234.20
106,"HardnessPSV",Isobath_shell,-7.744683165,108.996645215,221.19,234.20
106,"HardnessPSV",Isobath_shell,-7.744692207,108.996636149,221.19,234.20
106,"HardnessPSV",Isobath_shell,-7.744692207,108.996627084,221.19,234.20
106,"HardnessPSV",Isobath_shell,-7.744701249,108.996618019,221.19,234.20
106,"HardnessPSV",Isobath_shell,-7.744701249,108.996608954,221.19,234.20
106,"HardnessPSV",Isobath_shell,-7.744710291,108.996599888,221.19,234.20
106,"HardnessPSV",Isobath_shell,-7.744710291,108.996590823,221.19,234.20
106,"HardnessPSV",Isobath_shell,-7.744719333,108.996581758,221.19,234.20
106,"HardnessPSV",Isobath_shell,-7.744719333,108.996572693,221.19,234.20
106,"HardnessPSV",Isobath_shell,-7.744728375,108.996563627,221.19,234.20
106,"HardnessPSV",Isobath_shell,-7.744728375,108.996554562,221.19,234.20
106,"HardnessPSV",Isobath_shell,-7.744737417,108.996545497,221.19,234.20
106,"HardnessPSV",Isobath_shell,-7.744737417,108.996536431,221.19,234.20
106,"HardnessPSV",Isobath_shell,-7.744746459,108.996527366,221.19,234.20
106,"HardnessPSV",Isobath_shell,-7.744746459,108.996518301,221.19,234.20
106,"HardnessPSV",Isobath_shell,-7.744755501,108.996509236,221.19,234.20
106,"HardnessPSV",Isobath_shell,-7.744755501,108.99650017,221.19,234.20
106,"HardnessPSV",Isobath_shell,-7.744764543,108.996491105,221.19,234.20
106,"HardnessPSV",Isobath_shell,-7.744764543,108.99648204,221.19,234.20
106,"HardnessPSV",Isobath_shell,-7.744773585,108.996472975,221.19,234.20
106,"HardnessPSV",Isobath_shell,-7.744773585,108.996463909,221.19,234.20
106,"HardnessPSV",Isobath_shell,-7.744782627,108.996454844,221.19,234.20
106,"HardnessPSV",Isobath_shell,-7.744782627,108.996445779,221.19,234.20
106,"HardnessPSV",Isobath_shell,-7.744791669,108.996436714,221.19,234.20
106,"HardnessPSV",Isobath_shell,-7.744791669,108.996427648,221.19,234.20
106,"HardnessPSV",Isobath_shell,-7.744800711,108.996418583,221.19,234.20
106,"HardnessPSV",Isobath_shell,-7.744800711,108.996409518,221.19,234.20
106,"HardnessPSV",Isobath_shell,-7.744809753,108.996400453,221.19,234.20
106,"HardnessPSV",Isobath_shell,-7.744809753,108.996391387,221.19,234.20
106,"HardnessPSV",Isobath_shell,-7.744818795,108.996382322,221.19,234.20
106,"HardnessPSV",Isobath_shell,-7.744818795,108.996364191,221.19,234.20
106,"HardnessPSV",Isobath_shell,-7.744827837,108.996355126,221.19,234.20
106,"HardnessPSV",Isobath_shell,-7.744827837,108.996346061,221.19,234.20
106,"HardnessPSV",Isobath_shell,-7.744836879,108.996336996,221.19,234.20
106,"HardnessPSV",Isobath_shell,-7.744836879,108.99632793,221.19,234.20
106,"HardnessPSV",Isobath_shell,-7.744845921,108.996318865,221.19,234.20
106,"HardnessPSV",Isobath_shell,-7.744845921,108.9963098,221.19,234.20
106,"HardnessPSV",Isobath_shell,-7.744854963,108.996300735,221.19,234.20
106,"HardnessPSV",Isobath_shell,-7.744854963,108.996291669,221.19,234.20
106,"HardnessPSV",Isobath_shell,-7.744864005,108.996282604,221.19,234.20
106,"HardnessPSV",Isobath_shell,-7.744864005,108.996273539,221.19,234.20
106,"HardnessPSV",Isobath_shell,-7.744873048,108.996264474,221.19,234.20
106,"HardnessPSV",Isobath_shell,-7.744873048,108.996255408,221.19,234.20
106,"HardnessPSV",Isobath_shell,-7.74488209,108.996246343,221.19,234.20
106,"HardnessPSV",Isobath_shell,-7.74488209,108.996237278,221.19,234.20
106,"HardnessPSV",Isobath_shell,-7.744891132,108.996228213,221.19,234.20
106,"HardnessPSV",Isobath_shell,-7.744891132,108.996219147,221.19,234.20
106,"HardnessPSV",Isobath_shell,-7.744900174,108.996210082,221.19,234.20
106,"HardnessPSV",Isobath_shell,-7.744900174,108.996201017,221.19,234.20
106,"HardnessPSV",Isobath_shell,-7.744909216,108.996191951,221.19,234.20
106,"HardnessPSV",Isobath_shell,-7.744909216,108.996182886,221.19,234.20
106,"HardnessPSV",Isobath_shell,-7.744918258,108.996173821,221.19,234.20
106,"HardnessPSV",Isobath_shell,-7.744918258,108.996164756,221.19,234.20
106,"HardnessPSV",Isobath_shell,-7.7449273,108.99615569,221.19,234.20
106,"HardnessPSV",Isobath_shell,-7.7449273,108.996146625,221.19,234.20
106,"HardnessPSV",Isobath_shell,-7.744936342,108.99613756,221.19,234.20
106,"HardnessPSV",Isobath_shell,-7.744936342,108.996128495,221.19,234.20
106,"HardnessPSV",Isobath_shell,-7.744945384,108.996119429,221.19,234.20
106,"HardnessPSV",Isobath_shell,-7.744945384,108.996110364,221.19,234.20
106,"HardnessPSV",Isobath_shell,-7.744954426,108.996101299,221.19,234.20
106,"HardnessPSV",Isobath_shell,-7.744954426,108.996092234,221.19,234.20
106,"HardnessPSV",Isobath_shell,-7.744963468,108.996083168,221.19,234.20
106,"HardnessPSV",Isobath_shell,-7.744963468,108.996074103,221.19,234.20
106,"HardnessPSV",Isobath_shell,-7.74497251,108.996065038,221.19,234.20
106,"HardnessPSV",Isobath_shell,-7.74497251,108.996055973,221.19,234.20
106,"HardnessPSV",Isobath_shell,-7.744981552,108.996046907,221.19,234.20
106,"HardnessPSV",Isobath_shell,-7.744981552,108.996037842,221.19,234.20
106,"HardnessPSV",Isobath_shell,-7.744990594,108.996028777,221.19,234.20
106,"HardnessPSV",Isobath_shell,-7.744990594,108.996019711,221.19,234.20
106,"HardnessPSV",Isobath_shell,-7.744999636,108.996010646,221.19,234.20
106,"HardnessPSV",Isobath_shell,-7.744999636,108.996001581,221.19,234.20
106,"HardnessPSV",Isobath_shell,-7.745008678,108.995992516,221.19,234.20
106,"HardnessPSV",Isobath_shell,-7.745008678,108.99598345,221.19,234.20
106,"HardnessPSV",Isobath_shell,-7.74501772,108.995974385,221.19,234.20
106,"HardnessPSV",Isobath_shell,-7.74501772,108.99596532,221.19,234.20
106,"HardnessPSV",Isobath_shell,-7.745026762,108.995956255,221.19,234.20
106,"HardnessPSV",Isobath_shell,-7.745026762,108.995947189,221.19,234.20
106,"HardnessPSV",Isobath_shell,-7.745035804,108.995938124,221.19,234.20
106,"HardnessPSV",Isobath_shell,-7.745035804,108.995929059,221.19,234.20
106,"HardnessPSV",Isobath_shell,-7.745044846,108.995919994,221.19,234.20
106,"HardnessPSV",Isobath_shell,-7.745044846,108.995910928,221.19,234.20
106,"HardnessPSV",Isobath_shell,-7.745053888,108.995901863,221.19,234.20
106,"HardnessPSV",Isobath_shell,-7.745053888,108.995892798,221.19,234.20
106,"HardnessPSV",Isobath_shell,-7.74506293,108.995883733,221.19,234.20
106,"HardnessPSV",Isobath_shell,-7.74506293,108.995865602,221.19,234.20
106,"HardnessPSV",Isobath_shell,-7.745071973,108.995856537,221.19,234.20
106,"HardnessPSV",Isobath_shell,-7.745071973,108.995847471,221.19,234.20
106,"HardnessPSV",Isobath_shell,-7.745081015,108.995838406,221.19,234.20
106,"HardnessPSV",Isobath_shell,-7.745081015,108.995829341,221.19,234.20
106,"HardnessPSV",Isobath_shell,-7.745090057,108.995820276,221.19,234.20
106,"HardnessPSV",Isobath_shell,-7.745090057,108.99581121,221.19,234.20
106,"HardnessPSV",Isobath_shell,-7.745099099,108.995802145,221.19,234.20
106,"HardnessPSV",Isobath_shell,-7.745099099,108.99579308,221.19,234.20
106,"HardnessPSV",Isobath_shell,-7.745108141,108.995784015,221.19,234.20
106,"HardnessPSV",Isobath_shell,-7.745108141,108.995774949,221.19,234.20
106,"HardnessPSV",Isobath_shell,-7.745117183,108.995765884,221.19,234.20
106,"HardnessPSV",Isobath_shell,-7.745117183,108.995756819,221.19,234.20
106,"HardnessPSV",Isobath_shell,-7.745126225,108.995747754,221.19,234.20
106,"HardnessPSV",Isobath_shell,-7.745126225,108.995738688,221.19,234.20
106,"HardnessPSV",Isobath_shell,-7.745135267,108.995729623,221.19,234.20
106,"HardnessPSV",Isobath_shell,-7.745135267,108.995720558,221.19,234.20
106,"HardnessPSV",Isobath_shell,-7.745144309,108.995711493,221.19,234.20
106,"HardnessPSV",Isobath_shell,-7.745144309,108.995702427,221.19,234.20
106,"HardnessPSV",Isobath_shell,-7.745153351,108.995693362,221.19,234.20
106,"HardnessPSV",Isobath_shell,-7.745153351,108.995684297,221.19,234.20
106,"HardnessPSV",Isobath_shell,-7.745162393,108.995675231,221.19,234.20
106,"HardnessPSV",Isobath_shell,-7.745162393,108.995666166,221.19,234.20
106,"HardnessPSV",Isobath_shell,-7.745171435,108.995657101,221.19,234.20
106,"HardnessPSV",Isobath_shell,-7.745171435,108.995648036,221.19,234.20
106,"HardnessPSV",Isobath_shell,-7.745180477,108.99563897,221.19,234.20
106,"HardnessPSV",Isobath_shell,-7.745180477,108.995629905,221.19,234.20
106,"HardnessPSV",Isobath_shell,-7.745189519,108.99562084,221.19,234.20
106,"HardnessPSV",Isobath_shell,-7.745189519,108.995611775,221.19,234.20
106,"HardnessPSV",Isobath_shell,-7.745198561,108.995602709,221.19,234.20
106,"HardnessPSV",Isobath_shell,-7.745198561,108.995593644,221.19,234.20
106,"HardnessPSV",Isobath_shell,-7.745207603,108.995584579,221.19,234.20
106,"HardnessPSV",Isobath_shell,-7.745207603,108.995575514,221.19,234.20
106,"HardnessPSV",Isobath_shell,-7.745216645,108.995566448,221.19,234.20
106,"HardnessPSV",Isobath_shell,-7.745216645,108.995557383,221.19,234.20
106,"HardnessPSV",Isobath_shell,-7.745225687,108.995548318,221.19,234.20
106,"HardnessPSV",Isobath_shell,-7.745225687,108.995539253,221.19,234.20
106,"HardnessPSV",Isobath_shell,-7.745234729,108.995530187,221.19,234.20
106,"HardnessPSV",Isobath_shell,-7.745234729,108.995521122,221.19,234.20
106,"HardnessPSV",Isobath_shell,-7.745243771,108.995512057,221.19,234.20
106,"HardnessPSV",Isobath_shell,-7.745243771,108.995502992,221.19,234.20
106,"HardnessPSV",Isobath_shell,-7.745252813,108.995493926,221.19,234.20
106,"HardnessPSV",Isobath_shell,-7.745252813,108.995484861,221.19,234.20
106,"HardnessPSV",Isobath_shell,-7.745261855,108.995475796,221.19,234.20
106,"HardnessPSV",Isobath_shell,-7.745261855,108.99546673,221.19,234.20
106,"HardnessPSV",Isobath_shell,-7.745270898,108.995457665,221.19,234.20
106,"HardnessPSV",Isobath_shell,-7.745270898,108.9954486,221.19,234.20
106,"HardnessPSV",Isobath_shell,-7.74527994,108.995439535,221.19,234.20
106,"HardnessPSV",Isobath_shell,-7.74527994,108.995430469,221.19,234.20
106,"HardnessPSV",Isobath_shell,-7.745288982,108.995421404,221.19,234.20
106,"HardnessPSV",Isobath_shell,-7.745288982,108.995412339,221.19,234.20
106,"HardnessPSV",Isobath_shell,-7.745298024,108.995403274,221.19,234.20
106,"HardnessPSV",Isobath_shell,-7.745298024,108.995394208,221.19,234.20
106,"HardnessPSV",Isobath_shell,-7.745307066,108.995385143,221.19,234.20
106,"HardnessPSV",Isobath_shell,-7.745307066,108.995357947,221.19,234.20
106,"HardnessPSV",Isobath_shell,-7.745316108,108.995348882,221.19,234.20
106,"HardnessPSV",Isobath_shell,-7.745316108,108.995321686,221.19,234.20
106,"HardnessPSV",Isobath_shell,-7.74532515,108.995312621,221.19,234.20
106,"HardnessPSV",Isobath_shell,-7.74532515,108.99529449,221.19,234.20
106,"HardnessPSV",Isobath_shell,-7.745334192,108.995285425,221.19,234.20
106,"HardnessPSV",Isobath_shell,-7.745334192,108.995258229,221.19,234.20
106,"HardnessPSV",Isobath_shell,-7.745343234,108.995249164,221.19,234.20
106,"HardnessPSV",Isobath_shell,-7.745343234,108.995231034,221.19,234.20
106,"HardnessPSV",Isobath_shell,-7.745352276,108.995221968,221.19,234.20
106,"HardnessPSV",Isobath_shell,-7.745352276,108.995194773,221.19,234.20
106,"HardnessPSV",Isobath_shell,-7.745361318,108.995185707,221.19,234.20
106,"HardnessPSV",Isobath_shell,-7.745361318,108.995167577,221.19,234.20
106,"HardnessPSV",Isobath_shell,-7.74537036,108.995158512,221.19,234.20
106,"HardnessPSV",Isobath_shell,-7.74537036,108.995131316,221.19,234.20
106,"HardnessPSV",Isobath_shell,-7.745379402,108.99512225,221.19,234.20
106,"HardnessPSV",Isobath_shell,-7.745379402,108.99510412,221.19,234.20
106,"HardnessPSV",Isobath_shell,-7.745388444,108.995095055,221.19,234.20
106,"HardnessPSV",Isobath_shell,-7.745388444,108.995067859,221.19,234.20
106,"HardnessPSV",Isobath_shell,-7.745397486,108.995058794,221.19,234.20
106,"HardnessPSV",Isobath_shell,-7.745397486,108.995040663,221.19,234.20
106,"HardnessPSV",Isobath_shell,-7.745406528,108.995031598,221.19,234.20
106,"HardnessPSV",Isobath_shell,-7.745406528,108.995004402,221.19,234.20
106,"HardnessPSV",Isobath_shell,-7.74541557,108.994995337,221.19,234.20
106,"HardnessPSV",Isobath_shell,-7.74541557,108.994968141,221.19,234.20
106,"HardnessPSV",Isobath_shell,-7.745424612,108.994959076,221.19,234.20
106,"HardnessPSV",Isobath_shell,-7.745424612,108.994940945,221.19,234.20
106,"HardnessPSV",Isobath_shell,-7.745433654,108.99493188,221.19,234.20
106,"HardnessPSV",Isobath_shell,-7.745433654,108.994904684,221.19,234.20
106,"HardnessPSV",Isobath_shell,-7.745442696,108.994895619,221.19,234.20
106,"HardnessPSV",Isobath_shell,-7.745442696,108.994877488,221.19,234.20
106,"HardnessPSV",Isobath_shell,-7.745451738,108.994868423,221.19,234.20
106,"HardnessPSV",Isobath_shell,-7.745451738,108.994841227,221.19,234.20
106,"HardnessPSV",Isobath_shell,-7.74546078,108.994832162,221.19,234.20
106,"HardnessPSV",Isobath_shell,-7.74546078,108.994814032,221.19,234.20
106,"HardnessPSV",Isobath_shell,-7.745469823,108.994804966,221.19,234.20
106,"HardnessPSV",Isobath_shell,-7.745469823,108.99477777,221.19,234.20
106,"HardnessPSV",Isobath_shell,-7.745478865,108.994768705,221.19,234.20
106,"HardnessPSV",Isobath_shell,-7.745478865,108.994750575,221.19,234.20
106,"HardnessPSV",Isobath_shell,-7.745487907,108.994741509,221.19,234.20
106,"HardnessPSV",Isobath_shell,-7.745487907,108.994701694,221.19,234.20
106,"HardnessPSV",Isobath_shell,-7.745424612,108.994636582,221.19,234.20
106,"HardnessPSV",Isobath_shell,-7.745397486,108.994622368,221.19,234.20
106,"HardnessPSV",Isobath_shell,-7.745243771,108.994611899,221.19,234.20
106,"HardnessPSV",Isobath_shell,-7.745216645,108.994606219,221.19,234.20
106,"HardnessPSV",Isobath_shell,-7.745208714,108.994596465,221.19,234.20
106,"HardnessPSV",Isobath_shell,-7.74519961,108.994578335,221.19,234.20
106,"HardnessPSV",Isobath_shell,-7.745195894,108.994551139,221.19,234.20
106,"HardnessPSV",Isobath_shell,-7.7452131,108.994451421,221.19,234.20
106,"HardnessPSV",Isobath_shell,-7.74521181,108.994406095,221.19,234.20
106,"HardnessPSV",Isobath_shell,-7.745196204,108.994342638,221.19,234.20
106,"HardnessPSV",Isobath_shell,-7.745201672,108.994288246,221.19,234.20
106,"HardnessPSV",Isobath_shell,-7.745211543,108.99426105,221.19,234.20
106,"HardnessPSV",Isobath_shell,-7.745227082,108.99424292,221.19,234.20
106,"HardnessPSV",Isobath_shell,-7.745252813,108.994234477,221.19,234.20
106,"HardnessPSV",Isobath_shell,-7.74527994,108.994241419,221.19,234.20
106,"HardnessPSV",Isobath_shell,-7.745389752,108.994333573,221.19,234.20
106,"HardnessPSV",Isobath_shell,-7.745451738,108.994420885,221.19,234.20
106,"HardnessPSV",Isobath_shell,-7.745469823,108.99443177,221.19,234.20
106,"HardnessPSV",Isobath_shell,-7.745496949,108.994431479,221.19,234.20
106,"HardnessPSV",Isobath_shell,-7.745524075,108.994406159,221.19,234.20
106,"HardnessPSV",Isobath_shell,-7.745569285,108.994392764,221.19,234.20
106,"HardnessPSV",Isobath_shell,-7.745576692,108.994387964,221.19,234.20
106,"HardnessPSV",Isobath_shell,-7.745571495,108.994378899,221.19,234.20
106,"HardnessPSV",Isobath_shell,-7.745587369,108.99436628,221.19,234.20
106,"HardnessPSV",Isobath_shell,-7.745587369,108.994351703,221.19,234.20
106,"HardnessPSV",Isobath_shell,-7.745590398,108.994342638,221.19,234.20
106,"HardnessPSV",Isobath_shell,-7.745593354,108.994333573,221.19,234.20
106,"HardnessPSV",Isobath_shell,-7.745596411,108.994324984,221.19,234.20
106,"HardnessPSV",Isobath_shell,-7.745596411,108.994324221,221.19,234.20
106,"HardnessPSV",Isobath_shell,-7.745591202,108.994315442,221.19,234.20
106,"HardnessPSV",Isobath_shell,-7.745597148,108.994297312,221.19,234.20
106,"HardnessPSV",Isobath_shell,-7.745592304,108.994288246,221.19,234.20
106,"HardnessPSV",Isobath_shell,-7.745607181,108.99426105,221.19,234.20
106,"HardnessPSV",Isobath_shell,-7.745604018,108.994251985,221.19,234.20
106,"HardnessPSV",Isobath_shell,-7.745613916,108.994224789,221.19,234.20
106,"HardnessPSV",Isobath_shell,-7.745608614,108.994215724,221.19,234.20
106,"HardnessPSV",Isobath_shell,-7.745615294,108.994197594,221.19,234.20
106,"HardnessPSV",Isobath_shell,-7.745610627,108.994188528,221.19,234.20
106,"HardnessPSV",Isobath_shell,-7.745622911,108.994161333,221.19,234.20
106,"HardnessPSV",Isobath_shell,-7.745617714,108.994152267,221.19,234.20
106,"HardnessPSV",Isobath_shell,-7.745624937,108.994134137,221.19,234.20
106,"HardnessPSV",Isobath_shell,-7.745619279,108.994125072,221.19,234.20
106,"HardnessPSV",Isobath_shell,-7.745628548,108.994097876,221.19,234.20
106,"HardnessPSV",Isobath_shell,-7.745621334,108.99408881,221.19,234.20
106,"HardnessPSV",Isobath_shell,-7.745626729,108.99407068,221.19,234.20
106,"HardnessPSV",Isobath_shell,-7.745621788,108.994061615,221.19,234.20
106,"HardnessPSV",Isobath_shell,-7.745626761,108.994034419,221.19,234.20
106,"HardnessPSV",Isobath_shell,-7.745626357,108.994025354,221.19,234.20
106,"HardnessPSV",Isobath_shell,-7.745643176,108.993880309,221.19,234.20
106,"HardnessPSV",Isobath_shell,-7.745655626,108.993853114,221.19,234.20
106,"HardnessPSV",Isobath_shell,-7.745675407,108.993834983,221.19,234.20
106,"HardnessPSV",Isobath_shell,-7.745741084,108.993814934,221.19,234.20
106,"HardnessPSV",Isobath_shell,-7.745750126,108.993807787,221.19,234.20
106,"HardnessPSV",Isobath_shell,-7.745750126,108.993789657,221.19,234.20
106,"HardnessPSV",Isobath_hole_1,-7.744699702,108.99581121,221.19,234.20
106,"HardnessPSV",Isobath_hole_1,-7.744697945,108.995829341,221.19,234.20
106,"HardnessPSV",Isobath_hole_1,-7.744646996,108.9958712,221.19,234.20
106,"HardnessPSV",Isobath_hole_1,-7.744610828,108.995881458,221.19,234.20
106,"HardnessPSV",Isobath_hole_1,-7.744547534,108.995883935,221.19,234.20
106,"HardnessPSV",Isobath_hole_1,-7.744429987,108.995864346,221.19,234.20
106,"HardnessPSV",Isobath_hole_1,-7.744407612,108.995847471,221.19,234.20
106,"HardnessPSV",Isobath_hole_1,-7.744388068,108.995820276,221.19,234.20
106,"HardnessPSV",Isobath_hole_1,-7.744363579,108.995747754,221.19,234.20
106,"HardnessPSV",Isobath_hole_1,-7.744364567,108.995729623,221.19,234.20
106,"HardnessPSV",Isobath_hole_1,-7.744375735,108.995707445,221.19,234.20
106,"HardnessPSV",Isobath_hole_1,-7.744412786,108.995675231,221.19,234.20
106,"HardnessPSV",Isobath_hole_1,-7.744475198,108.995673798,221.19,234.20
106,"HardnessPSV",Isobath_hole_1,-7.74455485,108.995711493,221.19,234.20
106,"HardnessPSV",Isobath_hole_1,-7.744601786,108.995745286,221.19,234.20
106,"HardnessPSV",Isobath_hole_1,-7.744683165,108.995786438,221.19,234.20
106,"HardnessPSV",Isobath_hole_2,-7.744805561,108.996092234,221.19,234.20
106,"HardnessPSV",Isobath_hole_2,-7.744791669,108.99610699,221.19,234.20
106,"HardnessPSV",Isobath_hole_2,-7.744773585,108.996113121,221.19,234.20
106,"HardnessPSV",Isobath_hole_2,-7.744728375,108.996115317,221.19,234.20
106,"HardnessPSV",Isobath_hole_2,-7.744710291,108.996109197,221.19,234.20
106,"HardnessPSV",Isobath_hole_2,-7.744688794,108.996083168,221.19,234.20
106,"HardnessPSV",Isobath_hole_2,-7.744681374,108.996055973,221.19,234.20
106,"HardnessPSV",Isobath_hole_2,-7.744686568,108.996037842,221.19,234.20
106,"HardnessPSV",Isobath_hole_2,-7.744710982,108.996019711,221.19,234.20
106,"HardnessPSV",Isobath_hole_2,-7.744746459,108.996018902,221.19,234.20
106,"HardnessPSV",Isobath_hole_2,-7.744773585,108.996035209,221.19,234.20
106,"HardnessPSV",Isobath_hole_2,-7.744803356,108.996074103,221.19,234.20
106,"HardnessPSV",Isobath_hole_3,-7.74510988,108.995149446,221.19,234.20
106,"HardnessPSV",Isobath_hole_3,-7.745099099,108.995158581,221.19,234.20
106,"HardnessPSV",Isobath_hole_3,-7.745095419,108.995149446,221.19,234.20
106,"HardnessPSV",Isobath_hole_4,-7.745193078,108.995176642,221.19,234.20
106,"HardnessPSV",Isobath_hole_4,-7.745180477,108.995178789,221.19,234.20
106,"HardnessPSV",Isobath_hole_4,-7.745175956,108.995167577,221.19,234.20
106,"HardnessPSV",Isobath_hole_4,-7.745189519,108.995164206,221.19,234.20
107,"HardnessPSV",Isobath_shell,-7.743323941,108.997869025,221.19,234.20
107,"HardnessPSV",Isobath_shell,-7.743317816,108.997866686,221.19,234.20
107,"HardnessPSV",Isobath_shell,-7.743313897,108.997869025,221.19,234.20
107,"HardnessPSV",Isobath_shell,-7.743317816,108.997870081,221.19,234.20
108,"HardnessPSV",Isobath_shell,-7.743347713,108.99785996,234.20,247.20
108,"HardnessPSV",Isobath_shell,-7.743344942,108.997831606,234.20,247.20
108,"HardnessPSV",Isobath_shell,-7.743308774,108.997830374,234.20,247.20
108,"HardnessPSV",Isobath_shell,-7.743299732,108.997823699,234.20,247.20
108,"HardnessPSV",Isobath_shell,-7.743290689,108.997823699,234.20,247.20
108,"HardnessPSV",Isobath_shell,-7.743281647,108.997832764,234.20,247.20
108,"HardnessPSV",Isobath_shell,-7.743281647,108.997841829,234.20,247.20
108,"HardnessPSV",Isobath_shell,-7.743272605,108.997850895,234.20,247.20
108,"HardnessPSV",Isobath_shell,-7.743272605,108.997869025,234.20,247.20
108,"HardnessPSV",Isobath_shell,-7.743263563,108.99787809,234.20,247.20
108,"HardnessPSV",Isobath_shell,-7.743263563,108.997887156,234.20,247.20
108,"HardnessPSV",Isobath_shell,-7.743254521,108.997896221,234.20,247.20
108,"HardnessPSV",Isobath_shell,-7.743254521,108.997905286,234.20,247.20
108,"HardnessPSV",Isobath_shell,-7.743245479,108.997914351,234.20,247.20
108,"HardnessPSV",Isobath_shell,-7.743245479,108.997932482,234.20,247.20
108,"HardnessPSV",Isobath_shell,-7.743236437,108.997941547,234.20,247.20
108,"HardnessPSV",Isobath_shell,-7.743236437,108.997950613,234.20,247.20
108,"HardnessPSV",Isobath_shell,-7.743227395,108.997959678,234.20,247.20
108,"HardnessPSV",Isobath_shell,-7.743227395,108.997968743,234.20,247.20
108,"HardnessPSV",Isobath_shell,-7.743218353,108.997977808,234.20,247.20
108,"HardnessPSV",Isobath_shell,-7.743218353,108.997995939,234.20,247.20
108,"HardnessPSV",Isobath_shell,-7.743209311,108.998005004,234.20,247.20
108,"HardnessPSV",Isobath_shell,-7.743209311,108.998014069,234.20,247.20
108,"HardnessPSV",Isobath_shell,-7.743200269,108.998023135,234.20,247.20
108,"HardnessPSV",Isobath_shell,-7.743200269,108.9980322,234.20,247.20
108,"HardnessPSV",Isobath_shell,-7.743191227,108.998041265,234.20,247.20
108,"HardnessPSV",Isobath_shell,-7.743191227,108.998059396,234.20,247.20
108,"HardnessPSV",Isobath_shell,-7.743182185,108.998068461,234.20,247.20
108,"HardnessPSV",Isobath_shell,-7.743182185,108.998077526,234.20,247.20
108,"HardnessPSV",Isobath_shell,-7.743173143,108.998086591,234.20,247.20
108,"HardnessPSV",Isobath_shell,-7.743173143,108.998095657,234.20,247.20
108,"HardnessPSV",Isobath_shell,-7.743164101,108.998104722,234.20,247.20
108,"HardnessPSV",Isobath_shell,-7.743164101,108.998113787,234.20,247.20
108,"HardnessPSV",Isobath_shell,-7.743173143,108.998109237,234.20,247.20
108,"HardnessPSV",Isobath_shell,-7.743173143,108.998104722,234.20,247.20
108,"HardnessPSV",Isobath_shell,-7.743182185,108.998104469,234.20,247.20
108,"HardnessPSV",Isobath_shell,-7.743236437,108.998098654,234.20,247.20
108,"HardnessPSV",Isobath_shell,-7.743291157,108.998077526,234.20,247.20
108,"HardnessPSV",Isobath_shell,-7.743305573,108.998059396,234.20,247.20
108,"HardnessPSV",Isobath_shell,-7.743305137,108.99805033,234.20,247.20
108,"HardnessPSV",Isobath_shell,-7.743322819,108.997995939,234.20,247.20
108,"HardnessPSV",Isobath_shell,-7.743316028,108.997968743,234.20,247.20
108,"HardnessPSV",Isobath_shell,-7.743317816,108.997925109,234.20,247.20
108,"HardnessPSV",Isobath_shell,-7.743336021,108.997905286,234.20,247.20
108,"HardnessPSV",Isobath_hole_1,-7.743329284,108.997850895,234.20,247.20
108,"HardnessPSV",Isobath_hole_1,-7.743317816,108.997855744,234.20,247.20
108,"HardnessPSV",Isobath_hole_1,-7.743291418,108.997850895,234.20,247.20
108,"HardnessPSV",Isobath_hole_1,-7.743306201,108.997841829,234.20,247.20
108,"HardnessPSV",Isobath_hole_1,-7.743317816,108.997833139,234.20,247.20
108,"HardnessPSV",Isobath_hole_1,-7.743326858,108.997835704,234.20,247.20
108,"HardnessPSV",Isobath_hole_2,-7.743323941,108.997869025,234.20,247.20
108,"HardnessPSV",Isobath_hole_2,-7.743317816,108.997870081,234.20,247.20
108,"HardnessPSV",Isobath_hole_2,-7.743313897,108.997869025,234.20,247.20
108,"HardnessPSV",Isobath_hole_2,-7.743317816,108.997866686,234.20,247.20
109,"HardnessPSV",Isobath_shell,-7.745587369,108.994387964,234.20,247.20
109,"HardnessPSV",Isobath_shell,-7.745587369,108.99436628,234.20,247.20
109,"HardnessPSV",Isobath_shell,-7.745571495,108.994378899,234.20,247.20
109,"HardnessPSV",Isobath_shell,-7.745576692,108.994387964,234.20,247.20
109,"HardnessPSV",Isobath_shell,-7.745569285,108.994392764,234.20,247.20
109,"HardnessPSV",Isobath_shell,-7.745524075,108.994406159,234.20,247.20
109,"HardnessPSV",Isobath_shell,-7.745496949,108.994431479,234.20,247.20
109,"HardnessPSV",Isobath_shell,-7.745469823,108.99443177,234.20,247.20
109,"HardnessPSV",Isobath_shell,-7.745451738,108.994420885,234.20,247.20
109,"HardnessPSV",Isobath_shell,-7.745389752,108.994333573,234.20,247.20
109,"HardnessPSV",Isobath_shell,-7.74527994,108.994241419,234.20,247.20
109,"HardnessPSV",Isobath_shell,-7.745252813,108.994234477,234.20,247.20
109,"HardnessPSV",Isobath_shell,-7.745227082,108.99424292,234.20,247.20
109,"HardnessPSV",Isobath_shell,-7.745211543,108.99426105,234.20,247.20
109,"HardnessPSV",Isobath_shell,-7.745201672,108.994288246,234.20,247.20
109,"HardnessPSV",Isobath_shell,-7.745196204,108.994342638,234.20,247.20
109,"HardnessPSV",Isobath_shell,-7.74521181,108.994406095,234.20,247.20
109,"HardnessPSV",Isobath_shell,-7.7452131,108.994451421,234.20,247.20
109,"HardnessPSV",Isobath_shell,-7.745195894,108.994551139,234.20,247.20
109,"HardnessPSV",Isobath_shell,-7.74519961,108.994578335,234.20,247.20
109,"HardnessPSV",Isobath_shell,-7.745208714,108.994596465,234.20,247.20
109,"HardnessPSV",Isobath_shell,-7.745216645,108.994606219,234.20,247.20
109,"HardnessPSV",Isobath_shell,-7.745243771,108.994611899,234.20,247.20
109,"HardnessPSV",Isobath_shell,-7.745397486,108.994622368,234.20,247.20
109,"HardnessPSV",Isobath_shell,-7.745424612,108.994636582,234.20,247.20
109,"HardnessPSV",Isobath_shell,-7.745487907,108.994701694,234.20,247.20
109,"HardnessPSV",Isobath_shell,-7.745487907,108.994714314,234.20,247.20
109,"HardnessPSV",Isobath_shell,-7.745496949,108.994705248,234.20,247.20
109,"HardnessPSV",Isobath_shell,-7.745496949,108.994687118,234.20,247.20
109,"HardnessPSV",Isobath_shell,-7.745505991,108.994678053,234.20,247.20
109,"HardnessPSV",Isobath_shell,-7.745505991,108.994650857,234.20,247.20
109,"HardnessPSV",Isobath_shell,-7.745515033,108.994641792,234.20,247.20
109,"HardnessPSV",Isobath_shell,-7.745515033,108.994623661,234.20,247.20
109,"HardnessPSV",Isobath_shell,-7.745524075,108.994614596,234.20,247.20
109,"HardnessPSV",Isobath_shell,-7.745524075,108.9945874,234.20,247.20
109,"HardnessPSV",Isobath_shell,-7.745533117,108.994578335,234.20,247.20
109,"HardnessPSV",Isobath_shell,-7.745533117,108.994551139,234.20,247.20
109,"HardnessPSV",Isobath_shell,-7.745542159,108.994542074,234.20,247.20
109,"HardnessPSV",Isobath_shell,-7.745542159,108.994523943,234.20,247.20
109,"HardnessPSV",Isobath_shell,-7.745551201,108.994514878,234.20,247.20
109,"HardnessPSV",Isobath_shell,-7.745551201,108.994487682,234.20,247.20
109,"HardnessPSV",Isobath_shell,-7.745560243,108.994478617,234.20,247.20
109,"HardnessPSV",Isobath_shell,-7.745560243,108.994460486,234.20,247.20
109,"HardnessPSV",Isobath_shell,-7.745569285,108.994451421,234.20,247.20
109,"HardnessPSV",Isobath_shell,-7.745569285,108.994424225,234.20,247.20
109,"HardnessPSV",Isobath_shell,-7.745578327,108.99441516,234.20,247.20
109,"HardnessPSV",Isobath_shell,-7.745578327,108.994397029,234.20,247.20
110,"HardnessPSV",Isobath_shell,-7.745750126,108.993807787,234.20,247.20
110,"HardnessPSV",Isobath_shell,-7.745741084,108.993814934,234.20,247.20
110,"HardnessPSV",Isobath_shell,-7.745675407,108.993834983,234.20,247.20
110,"HardnessPSV",Isobath_shell,-7.745655626,108.993853114,234.20,247.20
110,"HardnessPSV",Isobath_shell,-7.745643176,108.993880309,234.20,247.20
110,"HardnessPSV",Isobath_shell,-7.745626357,108.994025354,234.20,247.20
110,"HardnessPSV",Isobath_shell,-7.745626761,108.994034419,234.20,247.20
110,"HardnessPSV",Isobath_shell,-7.745621788,108.994061615,234.20,247.20
110,"HardnessPSV",Isobath_shell,-7.745626729,108.99407068,234.20,247.20
110,"HardnessPSV",Isobath_shell,-7.745621334,108.99408881,234.20,247.20
110,"HardnessPSV",Isobath_shell,-7.745628548,108.994097876,234.20,247.20
110,"HardnessPSV",Isobath_shell,-7.745619279,108.994125072,234.20,247.20
110,"HardnessPSV",Isobath_shell,-7.745624937,108.994134137,234.20,247.20
110,"HardnessPSV",Isobath_shell,-7.745617714,108.994152267,234.20,247.20
110,"HardnessPSV",Isobath_shell,-7.745622911,108.994161333,234.20,247.20
110,"HardnessPSV",Isobath_shell,-7.745610627,108.994188528,234.20,247.20
110,"HardnessPSV",Isobath_shell,-7.745615294,108.994197594,234.20,247.20
110,"HardnessPSV",Isobath_shell,-7.745608614,108.994215724,234.20,247.20
110,"HardnessPSV",Isobath_shell,-7.745613916,108.994224789,234.20,247.20
110,"HardnessPSV",Isobath_shell,-7.745604018,108.994251985,234.20,247.20
110,"HardnessPSV",Isobath_shell,-7.745607181,108.99426105,234.20,247.20
110,"HardnessPSV",Isobath_shell,-7.745592304,108.994288246,234.20,247.20
110,"HardnessPSV",Isobath_shell,-7.745597148,108.994297312,234.20,247.20
110,"HardnessPSV",Isobath_shell,-7.745591202,108.994315442,234.20,247.20
110,"HardnessPSV",Isobath_shell,-7.745596411,108.994324221,234.20,247.20
110,"HardnessPSV",Isobath_shell,-7.745596411,108.994324984,234.20,247.20
110,"HardnessPSV",Isobath_shell,-7.745593354,108.994333573,234.20,247.20
110,"HardnessPSV",Isobath_shell,-7.745590398,108.994342638,234.20,247.20
110,"HardnessPSV",Isobath_shell,-7.745587369,108.994351703,234.20,247.20
110,"HardnessPSV",Isobath_shell,-7.745587369,108.994360768,234.20,247.20
110,"HardnessPSV",Isobath_shell,-7.745596411,108.994351703,234.20,247.20
110,"HardnessPSV",Isobath_shell,-7.745596411,108.994333573,234.20,247.20
110,"HardnessPSV",Isobath_shell,-7.745605453,108.994324507,234.20,247.20
110,"HardnessPSV",Isobath_shell,-7.745605453,108.994297312,234.20,247.20
110,"HardnessPSV",Isobath_shell,-7.745614495,108.994288246,234.20,247.20
110,"HardnessPSV",Isobath_shell,-7.745614495,108.994270116,234.20,247.20
110,"HardnessPSV",Isobath_shell,-7.745623537,108.99426105,234.20,247.20
110,"HardnessPSV",Isobath_shell,-7.745623537,108.994233855,234.20,247.20
110,"HardnessPSV",Isobath_shell,-7.745632579,108.994224789,234.20,247.20
110,"HardnessPSV",Isobath_shell,-7.745632579,108.994206659,234.20,247.20
110,"HardnessPSV",Isobath_shell,-7.745641621,108.994197594,234.20,247.20
110,"HardnessPSV",Isobath_shell,-7.745641621,108.994170398,234.20,247.20
110,"HardnessPSV",Isobath_shell,-7.745650663,108.994161333,234.20,247.20
110,"HardnessPSV",Isobath_shell,-7.745650663,108.994134137,234.20,247.20
110,"HardnessPSV",Isobath_shell,-7.745659705,108.994125072,234.20,247.20
110,"HardnessPSV",Isobath_shell,-7.745659705,108.994106941,234.20,247.20
110,"HardnessPSV",Isobath_shell,-7.745668748,108.994097876,234.20,247.20
110,"HardnessPSV",Isobath_shell,-7.745668748,108.99407068,234.20,247.20
110,"HardnessPSV",Isobath_shell,-7.74567779,108.994061615,234.20,247.20
110,"HardnessPSV",Isobath_shell,-7.74567779,108.994043484,234.20,247.20
110,"HardnessPSV",Isobath_shell,-7.745686832,108.994034419,234.20,247.20
110,"HardnessPSV",Isobath_shell,-7.745686832,108.994007223,234.20,247.20
110,"HardnessPSV",Isobath_shell,-7.745695874,108.993998158,234.20,247.20
110,"HardnessPSV",Isobath_shell,-7.745695874,108.993980027,234.20,247.20
110,"HardnessPSV",Isobath_shell,-7.745704916,108.993970962,234.20,247.20
110,"HardnessPSV",Isobath_shell,-7.745704916,108.993943766,234.20,247.20
110,"HardnessPSV",Isobath_shell,-7.745713958,108.993934701,234.20,247.20
110,"HardnessPSV",Isobath_shell,-7.745713958,108.99391657,234.20,247.20
110,"HardnessPSV",Isobath_shell,-7.745723,108.993907505,234.20,247.20
110,"HardnessPSV",Isobath_shell,-7.745723,108.993880309,234.20,247.20
110,"HardnessPSV",Isobath_shell,-7.745732042,108.993871244,234.20,247.20
110,"HardnessPSV",Isobath_shell,-7.745732042,108.993853114,234.20,247.20
110,"HardnessPSV",Isobath_shell,-7.745741084,108.993844048,234.20,247.20
110,"HardnessPSV",Isobath_shell,-7.745741084,108.993816853,234.20,247.20
111,"HardnessPSV",Isobath_shell,-7.743388357,108.998521724,234.20,247.20
111,"HardnessPSV",Isobath_shell,-7.743383568,108.998503594,234.20,247.20
111,"HardnessPSV",Isobath_shell,-7.743365765,108.998476398,234.20,247.20
111,"HardnessPSV",Isobath_shell,-7.74336369,108.998449202,234.20,247.20
111,"HardnessPSV",Isobath_shell,-7.74335395,108.998422006,234.20,247.20
111,"HardnessPSV",Isobath_shell,-7.743334292,108.998385745,234.20,247.20
111,"HardnessPSV",Isobath_shell,-7.743308774,108.998365501,234.20,247.20
111,"HardnessPSV",Isobath_shell,-7.743236437,108.998337081,234.20,247.20
111,"HardnessPSV",Isobath_shell,-7.743200269,108.998294883,234.20,247.20
111,"HardnessPSV",Isobath_shell,-7.743149121,108.998258831,234.20,247.20
111,"HardnessPSV",Isobath_shell,-7.743130942,108.998231636,234.20,247.20
111,"HardnessPSV",Isobath_shell,-7.743127933,108.99822257,234.20,247.20
111,"HardnessPSV",Isobath_shell,-7.743118891,108.99822257,234.20,247.20
111,"HardnessPSV",Isobath_shell,-7.743109849,108.998231636,234.20,247.20
111,"HardnessPSV",Isobath_shell,-7.743109849,108.998240701,234.20,247.20
111,"HardnessPSV",Isobath_shell,-7.743100807,108.998249766,234.20,247.20
111,"HardnessPSV",Isobath_shell,-7.743100807,108.998331354,234.20,247.20
111,"HardnessPSV",Isobath_shell,-7.743109849,108.998331354,234.20,247.20
111,"HardnessPSV",Isobath_shell,-7.743109849,108.998349484,234.20,247.20
111,"HardnessPSV",Isobath_shell,-7.743118891,108.998349484,234.20,247.20
111,"HardnessPSV",Isobath_shell,-7.743118891,108.998367615,234.20,247.20
111,"HardnessPSV",Isobath_shell,-7.743127933,108.998367615,234.20,247.20
111,"HardnessPSV",Isobath_shell,-7.743127933,108.998385745,234.20,247.20
111,"HardnessPSV",Isobath_shell,-7.743136975,108.998385745,234.20,247.20
111,"HardnessPSV",Isobath_shell,-7.743136975,108.998403876,234.20,247.20
111,"HardnessPSV",Isobath_shell,-7.743146017,108.998403876,234.20,247.20
111,"HardnessPSV",Isobath_shell,-7.743146017,108.998422006,234.20,247.20
111,"HardnessPSV",Isobath_shell,-7.743155059,108.998422006,234.20,247.20
111,"HardnessPSV",Isobath_shell,-7.743155059,108.998440137,234.20,247.20
111,"HardnessPSV",Isobath_shell,-7.743164101,108.998440137,234.20,247.20
111,"HardnessPSV",Isobath_shell,-7.743164101,108.998458267,234.20,247.20
111,"HardnessPSV",Isobath_shell,-7.743173143,108.998458267,234.20,247.20
111,"HardnessPSV",Isobath_shell,-7.743173143,108.998467333,234.20,247.20
111,"HardnessPSV",Isobath_shell,-7.743182185,108.998467333,234.20,247.20
111,"HardnessPSV",Isobath_shell,-7.743182185,108.998476398,234.20,247.20
111,"HardnessPSV",Isobath_shell,-7.743200269,108.998476398,234.20,247.20
111,"HardnessPSV",Isobath_shell,-7.743200269,108.998485463,234.20,247.20
111,"HardnessPSV",Isobath_shell,-7.743236437,108.998485463,234.20,247.20
111,"HardnessPSV",Isobath_shell,-7.743236437,108.998494528,234.20,247.20
111,"HardnessPSV",Isobath_shell,-7.743272605,108.998494528,234.20,247.20
111,"HardnessPSV",Isobath_shell,-7.743272605,108.998503594,234.20,247.20
111,"HardnessPSV",Isobath_shell,-7.743308774,108.998503594,234.20,247.20
111,"HardnessPSV",Isobath_shell,-7.743308774,108.998512659,234.20,247.20
111,"HardnessPSV",Isobath_shell,-7.743344942,108.998512659,234.20,247.20
111,"HardnessPSV",Isobath_shell,-7.743344942,108.998521724,234.20,247.20
111,"HardnessPSV",Isobath_shell,-7.74338111,108.998521724,234.20,247.20
111,"HardnessPSV",Isobath_shell,-7.74338111,108.998530789,234.20,247.20
